pt1_cam1_X,pt1_cam1_Y,pt2_cam1_X,pt2_cam1_Y,pt4_cam1_X,pt4_cam1_Y
908.841432,890.769781,NaN,NaN,NaN,NaN
909.16,891.11,NaN,NaN,NaN,NaN
917.515824,882.095388,NaN,NaN,NaN,NaN
914.62436,893.661245,NaN,NaN,NaN,NaN
917.515824,884.986852,NaN,NaN,NaN,NaN
920.407289,893.661245,NaN,NaN,NaN,NaN
920.407289,896.552709,NaN,NaN,NaN,NaN
920.407289,896.552709,NaN,NaN,NaN,NaN
923.99,901.9,NaN,NaN,NaN,NaN
929.33,908.43,NaN,NaN,NaN,NaN
933.86,914.67,NaN,NaN,NaN,NaN
941.97,924.87,NaN,NaN,NaN,NaN
949.67,933.79,NaN,NaN,NaN,NaN
956.73,938.84,NaN,NaN,NaN,NaN
960.887788,942.816136,NaN,NaN,NaN,NaN
966.22,948.46,NaN,NaN,NaN,NaN
971.75,954.66,NaN,NaN,NaN,NaN
977.11,960.43,NaN,NaN,NaN,NaN
984.019501,965.94785,NaN,NaN,NaN,NaN
992.693894,965.94785,NaN,NaN,NaN,NaN
999.13,968.33,NaN,NaN,NaN,NaN
1001.368286,974.622242,NaN,NaN,NaN,NaN
1001.368286,974.622242,NaN,NaN,NaN,NaN
1007.151215,974.622242,NaN,NaN,NaN,NaN
1012.934143,989.079564,NaN,NaN,NaN,NaN
1021.608536,980.405171,NaN,NaN,NaN,NaN
1021.608536,991.971028,NaN,NaN,NaN,NaN
1033.174393,986.188099,NaN,NaN,NaN,NaN
1033.174393,991.971028,NaN,NaN,NaN,NaN
1035.24,995.53,NaN,NaN,NaN,NaN
1039.96,997.2,NaN,NaN,NaN,NaN
1044.06,998.97,NaN,NaN,NaN,NaN
1048.09,1001.65,NaN,NaN,NaN,NaN
1056.306106,1003.536885,NaN,NaN,NaN,NaN
1059.11,1002.73,NaN,NaN,NaN,NaN
1055.76,1003.94,NaN,NaN,NaN,NaN
1056.306106,1009.319813,NaN,NaN,NaN,NaN
1056.04,1010.28,NaN,NaN,NaN,NaN
1056.306106,1015.102741,NaN,NaN,NaN,NaN
1059.19757,1020.88567,NaN,NaN,NaN,NaN
1062.69,1025.24,NaN,NaN,NaN,NaN
1068.47,1029.69,NaN,NaN,NaN,NaN
1076.546356,1026.668598,NaN,NaN,NaN,NaN
1085.220748,1035.342991,NaN,NaN,NaN,NaN
1094.31,1042.47,NaN,NaN,NaN,NaN
1082.329284,1058.474704,NaN,NaN,NaN,NaN
1108.352462,1061.366169,NaN,NaN,NaN,NaN
1119.918319,1064.257633,NaN,NaN,NaN,NaN
1125.701247,1067.149097,NaN,NaN,NaN,NaN
1134.37564,1070.040561,NaN,NaN,NaN,NaN
1137.267104,1081.606418,NaN,NaN,NaN,NaN
1148.832961,1078.714954,NaN,NaN,NaN,NaN
1158.31,1079.25,NaN,NaN,NaN,NaN
1163.290282,1081.606418,NaN,NaN,NaN,NaN
1157.507353,1081.606418,NaN,NaN,NaN,NaN
1163.290282,1084.497882,NaN,NaN,NaN,NaN
1171.964674,1084.497882,NaN,NaN,NaN,NaN
1174.856139,1084.497882,NaN,NaN,NaN,NaN
1180.639067,1081.606418,NaN,NaN,NaN,NaN
1185.68,1079.48,NaN,NaN,NaN,NaN
1189.31346,1084.497882,NaN,NaN,NaN,NaN
1192.204924,1084.497882,NaN,NaN,NaN,NaN
1194.59,1084.19,NaN,NaN,NaN,NaN
1197.987852,1081.606418,NaN,NaN,NaN,NaN
1200.77,1081.86,NaN,NaN,NaN,NaN
1204.2,1083.76,NaN,NaN,NaN,NaN
1206.95,1082.13,NaN,NaN,NaN,NaN
1212.445173,1070.040561,NaN,NaN,NaN,NaN
1203.770781,1075.82349,NaN,NaN,NaN,NaN
1206.662245,1072.932025,NaN,NaN,NaN,NaN
1218.228102,1072.932025,NaN,NaN,NaN,NaN
1222.96,1072.73,NaN,NaN,NaN,NaN
1221.119566,1070.040561,NaN,NaN,NaN,NaN
1224.01103,1070.040561,NaN,NaN,NaN,NaN
1232.685423,1064.257633,NaN,NaN,NaN,NaN
1241.77,1060.35,NaN,NaN,NaN,NaN
1255.817136,1055.58324,NaN,NaN,NaN,NaN
1281.840314,1044.017383,NaN,NaN,NaN,NaN
1313.64642,1038.234455,NaN,NaN,NaN,NaN
1342.561062,1029.560062,NaN,NaN,NaN,NaN
1420.630596,1006.428349,NaN,NaN,NaN,NaN
1466.894023,983.296635,NaN,NaN,NaN,NaN
1527.614771,942.816136,NaN,NaN,NaN,NaN
1559.420878,948.599065,NaN,NaN,NaN,NaN
1605.684305,934.141744,NaN,NaN,NaN,NaN
1611.467233,942.816136,NaN,NaN,NaN,NaN
1594.118448,905.227102,NaN,NaN,NaN,NaN
1608.575769,899.444173,NaN,NaN,NaN,NaN
1623.03309,902.335637,NaN,NaN,NaN,NaN
1633.46,898.41,NaN,NaN,NaN,NaN
1640.381875,896.552709,NaN,NaN,NaN,NaN
1637.490411,890.769781,NaN,NaN,NaN,NaN
1634.2,886.01,NaN,NaN,NaN,NaN
1651.947732,902.335637,NaN,NaN,NaN,NaN
1651.947732,902.335637,NaN,NaN,NaN,NaN
1656.64,904.96,NaN,NaN,NaN,NaN
1662.29,906.94,NaN,NaN,NaN,NaN
1667.95,908.7,NaN,NaN,NaN,NaN
1677.97091,908.118566,NaN,NaN,NaN,NaN
1683.753838,908.118566,NaN,NaN,NaN,NaN
1686.645303,916.792958,NaN,NaN,NaN,NaN
1683.753838,908.118566,NaN,NaN,NaN,NaN
1680.81,902.89,NaN,NaN,NaN,NaN
1686.645303,922.575887,NaN,NaN,NaN,NaN
1698.211159,919.684423,NaN,NaN,NaN,NaN
1695.319695,922.575887,NaN,NaN,NaN,NaN
1698.211159,919.684423,NaN,NaN,NaN,NaN
1695.319695,919.684423,NaN,NaN,NaN,NaN
1695.319695,922.575887,NaN,NaN,NaN,NaN
1703.994088,922.575887,NaN,NaN,NaN,NaN
1706.885552,934.141744,NaN,NaN,NaN,NaN
1712.66848,937.033208,NaN,NaN,NaN,NaN
1735.800194,951.490529,NaN,NaN,NaN,NaN
1751.98,964,NaN,NaN,NaN,NaN
1756.040444,963.056386,NaN,NaN,NaN,NaN
1758.931908,971.730778,NaN,NaN,NaN,NaN
1784.955086,983.296635,NaN,NaN,NaN,NaN
1790.738014,980.405171,NaN,NaN,NaN,NaN
1796.520942,965.94785,NaN,NaN,NaN,NaN
NaN,NaN,NaN,NaN,NaN,NaN
NaN,NaN,NaN,NaN,NaN,NaN
NaN,NaN,NaN,NaN,NaN,NaN
NaN,NaN,NaN,NaN,NaN,NaN
NaN,NaN,NaN,NaN,NaN,NaN
NaN,NaN,NaN,NaN,NaN,NaN
NaN,NaN,NaN,NaN,NaN,NaN
NaN,NaN,NaN,NaN,NaN,NaN
NaN,NaN,55.859492,1645.441938,NaN,NaN
NaN,NaN,122.363168,1665.682187,NaN,NaN
NaN,NaN,159.952203,1677.248044,NaN,NaN
NaN,NaN,209.107095,1694.596829,NaN,NaN
NaN,NaN,264.044914,1709.05415,NaN,NaN
NaN,NaN,318.982734,1720.620007,NaN,NaN
NaN,NaN,376.812018,1735.077328,NaN,NaN
NaN,NaN,425.96691,1752.426113,NaN,NaN
NaN,NaN,483.796194,1766.883434,NaN,NaN
NaN,NaN,535.84255,1781.340755,NaN,NaN
NaN,NaN,584.997441,1792.906612,NaN,NaN
NaN,NaN,642.826725,1810.255397,NaN,NaN
NaN,NaN,697.764545,1824.712718,NaN,NaN
NaN,NaN,746.919436,1827.604183,NaN,NaN
NaN,NaN,784.508471,1853.62736,NaN,NaN
NaN,NaN,827.880434,1859.410289,NaN,NaN
NaN,NaN,862.578005,1865.193217,NaN,NaN
NaN,NaN,905.949968,1879.650538,NaN,NaN
NaN,NaN,943.539002,1899.890788,NaN,NaN
NaN,NaN,1001.368286,1908.56518,NaN,NaN
NaN,NaN,1085.220748,1937.479822,NaN,NaN
NaN,NaN,1203.770781,1975.068857,NaN,NaN
NaN,NaN,1345.452527,2009.766427,NaN,NaN
NaN,NaN,NaN,NaN,NaN,NaN
NaN,NaN,NaN,NaN,NaN,NaN
NaN,NaN,NaN,NaN,NaN,NaN
NaN,NaN,NaN,NaN,NaN,NaN
NaN,NaN,NaN,NaN,NaN,NaN
NaN,NaN,NaN,NaN,NaN,NaN
NaN,NaN,NaN,NaN,NaN,NaN
NaN,NaN,NaN,NaN,NaN,NaN
NaN,NaN,NaN,NaN,NaN,NaN
NaN,NaN,NaN,NaN,NaN,NaN
NaN,NaN,NaN,NaN,NaN,NaN
NaN,NaN,NaN,NaN,NaN,NaN
NaN,NaN,NaN,NaN,NaN,NaN
NaN,NaN,NaN,NaN,NaN,NaN
NaN,NaN,NaN,NaN,NaN,NaN
NaN,NaN,NaN,NaN,NaN,NaN
NaN,NaN,NaN,NaN,NaN,NaN
NaN,NaN,NaN,NaN,NaN,NaN
NaN,NaN,NaN,NaN,NaN,NaN
NaN,NaN,NaN,NaN,NaN,NaN
NaN,NaN,NaN,NaN,NaN,NaN
NaN,NaN,NaN,NaN,NaN,NaN
NaN,NaN,NaN,NaN,NaN,NaN
NaN,NaN,NaN,NaN,NaN,NaN
NaN,NaN,NaN,NaN,NaN,NaN
NaN,NaN,NaN,NaN,NaN,NaN
NaN,NaN,NaN,NaN,NaN,NaN
NaN,NaN,NaN,NaN,NaN,NaN
NaN,NaN,NaN,NaN,NaN,NaN
NaN,NaN,NaN,NaN,NaN,NaN
NaN,NaN,NaN,NaN,NaN,NaN
NaN,NaN,NaN,NaN,NaN,NaN
NaN,NaN,NaN,NaN,NaN,NaN
NaN,NaN,NaN,NaN,NaN,NaN
NaN,NaN,NaN,NaN,NaN,NaN
NaN,NaN,NaN,NaN,NaN,NaN
NaN,NaN,NaN,NaN,NaN,NaN
NaN,NaN,NaN,NaN,NaN,NaN
NaN,NaN,NaN,NaN,NaN,NaN
NaN,NaN,NaN,NaN,NaN,NaN
NaN,NaN,NaN,NaN,NaN,NaN
NaN,NaN,NaN,NaN,NaN,NaN
NaN,NaN,NaN,NaN,NaN,NaN
NaN,NaN,NaN,NaN,NaN,NaN
NaN,NaN,NaN,NaN,NaN,NaN
NaN,NaN,NaN,NaN,67.425349,1599.178511
NaN,NaN,NaN,NaN,107.905847,1599.178511
NaN,NaN,NaN,NaN,133.929025,1604.961439
NaN,NaN,NaN,NaN,185.975381,1619.41876
NaN,NaN,NaN,NaN,206.21563,1625.201688
NaN,NaN,NaN,NaN,226.45588,1645.441938
NaN,NaN,NaN,NaN,261.15345,1648.333402
NaN,NaN,NaN,NaN,264.044914,1668.573651
NaN,NaN,NaN,NaN,292.959556,1668.573651
NaN,NaN,NaN,NaN,307.416877,1683.030972
NaN,NaN,NaN,NaN,330.548591,1697.488293
NaN,NaN,NaN,NaN,356.571769,1694.596829
NaN,NaN,NaN,NaN,373.920554,1694.596829
NaN,NaN,NaN,NaN,345.005912,1645.441938
NaN,NaN,NaN,NaN,NaN,NaN
NaN,NaN,NaN,NaN,NaN,NaN
NaN,NaN,NaN,NaN,NaN,NaN
NaN,NaN,NaN,NaN,NaN,NaN
NaN,NaN,NaN,NaN,NaN,NaN
NaN,NaN,NaN,NaN,NaN,NaN
NaN,NaN,NaN,NaN,NaN,NaN
NaN,NaN,NaN,NaN,NaN,NaN
NaN,NaN,NaN,NaN,NaN,NaN
NaN,NaN,NaN,NaN,NaN,NaN
NaN,NaN,NaN,NaN,NaN,NaN
NaN,NaN,NaN,NaN,NaN,NaN
NaN,NaN,NaN,NaN,NaN,NaN
NaN,NaN,NaN,NaN,NaN,NaN
NaN,NaN,NaN,NaN,NaN,NaN
NaN,NaN,NaN,NaN,NaN,NaN
NaN,NaN,NaN,NaN,NaN,NaN
NaN,NaN,NaN,NaN,NaN,NaN
NaN,NaN,NaN,NaN,NaN,NaN
NaN,NaN,NaN,NaN,NaN,NaN
NaN,NaN,NaN,NaN,NaN,NaN
NaN,NaN,NaN,NaN,NaN,NaN
NaN,NaN,NaN,NaN,NaN,NaN
NaN,NaN,NaN,NaN,NaN,NaN
NaN,NaN,NaN,NaN,NaN,NaN
NaN,NaN,NaN,NaN,NaN,NaN
NaN,NaN,NaN,NaN,NaN,NaN
NaN,NaN,NaN,NaN,NaN,NaN
NaN,NaN,NaN,NaN,NaN,NaN
NaN,NaN,NaN,NaN,NaN,NaN
NaN,NaN,NaN,NaN,NaN,NaN
NaN,NaN,NaN,NaN,NaN,NaN
NaN,NaN,NaN,NaN,NaN,NaN
NaN,NaN,NaN,NaN,NaN,NaN
NaN,NaN,NaN,NaN,NaN,NaN
NaN,NaN,NaN,NaN,NaN,NaN
NaN,NaN,NaN,NaN,NaN,NaN
NaN,NaN,NaN,NaN,NaN,NaN
NaN,NaN,NaN,NaN,NaN,NaN
NaN,NaN,NaN,NaN,NaN,NaN
NaN,NaN,NaN,NaN,NaN,NaN
NaN,NaN,NaN,NaN,NaN,NaN
NaN,NaN,NaN,NaN,NaN,NaN
NaN,NaN,NaN,NaN,NaN,NaN
NaN,NaN,NaN,NaN,NaN,NaN
NaN,NaN,NaN,NaN,NaN,NaN
NaN,NaN,NaN,NaN,NaN,NaN
NaN,NaN,NaN,NaN,NaN,NaN
NaN,NaN,NaN,NaN,NaN,NaN
NaN,NaN,NaN,NaN,NaN,NaN
NaN,NaN,NaN,NaN,NaN,NaN
NaN,NaN,NaN,NaN,NaN,NaN
NaN,NaN,NaN,NaN,NaN,NaN
NaN,NaN,NaN,NaN,NaN,NaN
NaN,NaN,NaN,NaN,NaN,NaN
NaN,NaN,NaN,NaN,NaN,NaN
NaN,NaN,NaN,NaN,NaN,NaN
NaN,NaN,NaN,NaN,NaN,NaN
NaN,NaN,NaN,NaN,NaN,NaN
NaN,NaN,NaN,NaN,NaN,NaN
NaN,NaN,NaN,NaN,NaN,NaN
NaN,NaN,NaN,NaN,NaN,NaN
NaN,NaN,NaN,NaN,NaN,NaN
NaN,NaN,NaN,NaN,NaN,NaN
NaN,NaN,NaN,NaN,NaN,NaN
NaN,NaN,NaN,NaN,NaN,NaN
NaN,NaN,NaN,NaN,NaN,NaN
NaN,NaN,NaN,NaN,NaN,NaN
NaN,NaN,NaN,NaN,NaN,NaN
NaN,NaN,NaN,NaN,NaN,NaN
NaN,NaN,NaN,NaN,NaN,NaN
NaN,NaN,NaN,NaN,NaN,NaN
NaN,NaN,NaN,NaN,NaN,NaN
NaN,NaN,NaN,NaN,NaN,NaN
NaN,NaN,NaN,NaN,NaN,NaN
NaN,NaN,NaN,NaN,NaN,NaN
NaN,NaN,NaN,NaN,NaN,NaN
NaN,NaN,NaN,NaN,NaN,NaN
NaN,NaN,NaN,NaN,NaN,NaN
NaN,NaN,NaN,NaN,NaN,NaN
NaN,NaN,NaN,NaN,NaN,NaN
NaN,NaN,NaN,NaN,NaN,NaN
NaN,NaN,NaN,NaN,NaN,NaN
NaN,NaN,NaN,NaN,NaN,NaN
NaN,NaN,NaN,NaN,NaN,NaN
NaN,NaN,NaN,NaN,NaN,NaN
NaN,NaN,NaN,NaN,NaN,NaN
NaN,NaN,NaN,NaN,NaN,NaN
NaN,NaN,NaN,NaN,NaN,NaN
NaN,NaN,NaN,NaN,NaN,NaN
NaN,NaN,NaN,NaN,NaN,NaN
NaN,NaN,NaN,NaN,NaN,NaN
NaN,NaN,NaN,NaN,NaN,NaN
NaN,NaN,NaN,NaN,NaN,NaN
NaN,NaN,NaN,NaN,NaN,NaN
NaN,NaN,NaN,NaN,NaN,NaN
NaN,NaN,NaN,NaN,NaN,NaN
NaN,NaN,NaN,NaN,NaN,NaN
NaN,NaN,NaN,NaN,NaN,NaN
NaN,NaN,NaN,NaN,NaN,NaN
NaN,NaN,NaN,NaN,NaN,NaN
NaN,NaN,NaN,NaN,NaN,NaN
NaN,NaN,NaN,NaN,NaN,NaN
NaN,NaN,NaN,NaN,NaN,NaN
NaN,NaN,NaN,NaN,NaN,NaN
NaN,NaN,NaN,NaN,NaN,NaN
NaN,NaN,NaN,NaN,NaN,NaN
NaN,NaN,NaN,NaN,NaN,NaN
NaN,NaN,NaN,NaN,NaN,NaN
NaN,NaN,NaN,NaN,NaN,NaN
NaN,NaN,NaN,NaN,NaN,NaN
NaN,NaN,NaN,NaN,NaN,NaN
NaN,NaN,NaN,NaN,NaN,NaN
NaN,NaN,NaN,NaN,NaN,NaN
NaN,NaN,NaN,NaN,NaN,NaN
NaN,NaN,NaN,NaN,NaN,NaN
NaN,NaN,NaN,NaN,NaN,NaN
NaN,NaN,NaN,NaN,NaN,NaN
NaN,NaN,NaN,NaN,NaN,NaN
NaN,NaN,NaN,NaN,NaN,NaN
NaN,NaN,NaN,NaN,NaN,NaN
NaN,NaN,NaN,NaN,NaN,NaN
NaN,NaN,NaN,NaN,NaN,NaN
NaN,NaN,NaN,NaN,NaN,NaN
NaN,NaN,NaN,NaN,NaN,NaN
NaN,NaN,NaN,NaN,NaN,NaN
NaN,NaN,NaN,NaN,NaN,NaN
NaN,NaN,NaN,NaN,NaN,NaN
NaN,NaN,NaN,NaN,NaN,NaN
NaN,NaN,NaN,NaN,NaN,NaN
NaN,NaN,NaN,NaN,NaN,NaN
NaN,NaN,NaN,NaN,NaN,NaN
NaN,NaN,NaN,NaN,NaN,NaN
NaN,NaN,NaN,NaN,NaN,NaN
NaN,NaN,NaN,NaN,NaN,NaN