pt1_cam1_X,pt1_cam1_Y,pt2_cam1_X,pt2_cam1_Y,pt3_cam1_X,pt3_cam1_Y
1558.072623,441.585229,NaN,NaN,NaN,NaN
1556.420000,440.690000,NaN,NaN,NaN,NaN
1552.465607,435.978213,NaN,NaN,NaN,NaN
1544.055084,438.781721,NaN,NaN,NaN,NaN
1538.010000,437.060000,NaN,NaN,NaN,NaN
1533.100000,435.950000,NaN,NaN,NaN,NaN
1518.823513,424.764182,NaN,NaN,NaN,NaN
1516.020005,427.567690,NaN,NaN,NaN,NaN
1504.805974,424.764182,NaN,NaN,NaN,NaN
1498.220000,423.010000,NaN,NaN,NaN,NaN
1499.198959,413.550151,NaN,NaN,NaN,NaN
1487.984927,407.943135,NaN,NaN,NaN,NaN
1473.967388,407.943135,NaN,NaN,NaN,NaN
1476.770896,416.353659,NaN,NaN,NaN,NaN
1465.556865,410.746643,NaN,NaN,NaN,NaN
1459.980000,406.080000,NaN,NaN,NaN,NaN
1451.539326,405.139627,NaN,NaN,NaN,NaN
1443.128802,410.746643,NaN,NaN,NaN,NaN
1434.718279,405.139627,NaN,NaN,NaN,NaN
1429.111263,405.139627,NaN,NaN,NaN,NaN
1429.111263,399.532612,NaN,NaN,NaN,NaN
1429.960000,391.040000,NaN,NaN,NaN,NaN
1409.486709,399.532612,NaN,NaN,NaN,NaN
1403.879693,399.532612,NaN,NaN,NaN,NaN
1394.980000,399.130000,NaN,NaN,NaN,NaN
1389.862154,391.122088,NaN,NaN,NaN,NaN
1390.010000,390.900000,NaN,NaN,NaN,NaN
1389.070000,388.050000,NaN,NaN,NaN,NaN
1375.844615,391.122088,NaN,NaN,NaN,NaN
1368.170000,390.500000,NaN,NaN,NaN,NaN
1360.170000,390.550000,NaN,NaN,NaN,NaN
1354.970000,388.660000,NaN,NaN,NaN,NaN
1347.809537,399.532612,NaN,NaN,NaN,NaN
1345.006029,388.318580,NaN,NaN,NaN,NaN
1339.070000,385.970000,NaN,NaN,NaN,NaN
1336.120000,382.030000,NaN,NaN,NaN,NaN
1332.950000,380.910000,NaN,NaN,NaN,NaN
1328.820000,379.860000,NaN,NaN,NaN,NaN
1325.890000,379.000000,NaN,NaN,NaN,NaN
1321.980000,377.570000,NaN,NaN,NaN,NaN
1314.940000,374.770000,NaN,NaN,NaN,NaN
1310.560000,373.510000,NaN,NaN,NaN,NaN
1305.640000,370.630000,NaN,NaN,NaN,NaN
1305.756920,371.497534,NaN,NaN,NaN,NaN
1303.930000,371.670000,NaN,NaN,NaN,NaN
1300.540000,371.440000,NaN,NaN,NaN,NaN
1297.930000,368.920000,NaN,NaN,NaN,NaN
1293.830000,365.870000,NaN,NaN,NaN,NaN
1291.450000,366.370000,NaN,NaN,NaN,NaN
1289.300000,365.210000,NaN,NaN,NaN,NaN
1286.310000,362.150000,NaN,NaN,NaN,NaN
1284.770000,365.000000,NaN,NaN,NaN,NaN
1280.970000,364.160000,NaN,NaN,NaN,NaN
1280.950000,362.390000,NaN,NaN,NaN,NaN
1280.410000,361.000000,NaN,NaN,NaN,NaN
1278.280000,362.570000,NaN,NaN,NaN,NaN
1276.060000,364.950000,NaN,NaN,NaN,NaN
1276.970000,362.180000,NaN,NaN,NaN,NaN
1279.020000,360.880000,NaN,NaN,NaN,NaN
1266.507810,357.479995,NaN,NaN,NaN,NaN
1269.311318,365.890518,NaN,NaN,NaN,NaN
1269.120000,366.190000,NaN,NaN,NaN,NaN
1267.420000,364.660000,NaN,NaN,NaN,NaN
1268.890000,366.110000,NaN,NaN,NaN,NaN
1277.980000,360.990000,NaN,NaN,NaN,NaN
1266.507810,363.087010,NaN,NaN,NaN,NaN
1272.114826,360.283502,NaN,NaN,NaN,NaN
1272.060000,360.090000,NaN,NaN,NaN,NaN
1272.300000,360.180000,NaN,NaN,NaN,NaN
1274.918334,363.087010,NaN,NaN,NaN,NaN
1269.311318,354.676487,NaN,NaN,NaN,NaN
1263.704303,360.283502,NaN,NaN,NaN,NaN
1252.490271,360.283502,NaN,NaN,NaN,NaN
1263.704303,363.087010,NaN,NaN,NaN,NaN
1264.270000,362.490000,NaN,NaN,NaN,NaN
1255.293779,354.676487,NaN,NaN,NaN,NaN
1255.430000,355.400000,NaN,NaN,NaN,NaN
1255.110000,355.050000,NaN,NaN,NaN,NaN
1257.390000,336.980000,NaN,NaN,NaN,NaN
1238.472732,340.658948,NaN,NaN,NaN,NaN
1238.000000,340.900000,NaN,NaN,NaN,NaN
1226.820000,333.200000,NaN,NaN,NaN,NaN
1216.640000,327.330000,NaN,NaN,NaN,NaN
1214.050000,320.090000,NaN,NaN,NaN,NaN
1199.223623,309.820362,NaN,NaN,NaN,NaN
1184.620000,302.400000,NaN,NaN,NaN,NaN
1185.206084,304.213346,NaN,NaN,NaN,NaN
1178.240000,302.710000,NaN,NaN,NaN,NaN
1171.188545,304.213346,NaN,NaN,NaN,NaN
1159.320000,302.060000,NaN,NaN,NaN,NaN
1151.563990,309.820362,NaN,NaN,NaN,NaN
1143.153467,318.230885,NaN,NaN,NaN,NaN
1134.742943,318.230885,NaN,NaN,NaN,NaN
1127.540000,320.800000,NaN,NaN,NaN,NaN
1117.921896,318.230885,NaN,NaN,NaN,NaN
1106.707865,340.658948,NaN,NaN,NaN,NaN
1101.100850,335.051932,NaN,NaN,NaN,NaN
1101.030000,335.130000,NaN,NaN,NaN,NaN
1101.060000,334.890000,NaN,NaN,NaN,NaN
1100.850000,334.850000,NaN,NaN,NaN,NaN
1089.886818,354.676487,NaN,NaN,NaN,NaN
1078.672787,360.283502,NaN,NaN,NaN,NaN
1078.672787,357.479995,NaN,NaN,NaN,NaN
1070.262264,363.087010,NaN,NaN,NaN,NaN
1064.655248,365.890518,NaN,NaN,NaN,NaN
1056.244725,371.497534,NaN,NaN,NaN,NaN
1061.851740,371.497534,NaN,NaN,NaN,NaN
1059.048232,374.301041,NaN,NaN,NaN,NaN
1045.030693,374.301041,NaN,NaN,NaN,NaN
1053.441217,377.104549,NaN,NaN,NaN,NaN
1053.441217,377.104549,NaN,NaN,NaN,NaN
1042.227186,379.908057,NaN,NaN,NaN,NaN
1022.602631,377.104549,NaN,NaN,NaN,NaN
1036.620170,393.925596,NaN,NaN,NaN,NaN
1045.030693,391.122088,NaN,NaN,NaN,NaN
1028.209646,382.711565,NaN,NaN,NaN,NaN
1036.620170,371.497534,NaN,NaN,NaN,NaN
1033.816662,377.104549,NaN,NaN,NaN,NaN
1025.406139,379.908057,NaN,NaN,NaN,NaN
1011.388600,385.515073,NaN,NaN,NaN,NaN
1019.799123,377.104549,NaN,NaN,NaN,NaN
1016.995615,374.301041,NaN,NaN,NaN,NaN
1002.978076,379.908057,NaN,NaN,NaN,NaN
1008.585092,379.908057,NaN,NaN,NaN,NaN
1005.781584,368.694026,NaN,NaN,NaN,NaN
991.764045,377.104549,NaN,NaN,NaN,NaN
997.371061,374.301041,NaN,NaN,NaN,NaN
1000.174568,365.890518,NaN,NaN,NaN,NaN
991.764045,379.908057,NaN,NaN,NaN,NaN
986.157029,374.301041,NaN,NaN,NaN,NaN
983.353522,368.694026,NaN,NaN,NaN,NaN
983.353522,368.694026,NaN,NaN,NaN,NaN
974.942998,374.301041,NaN,NaN,NaN,NaN
972.139490,371.497534,NaN,NaN,NaN,NaN
977.746506,368.694026,NaN,NaN,NaN,NaN
969.335982,363.087010,NaN,NaN,NaN,NaN
977.746506,368.694026,NaN,NaN,NaN,NaN
972.139490,365.890518,NaN,NaN,NaN,NaN
966.532475,365.890518,NaN,NaN,NaN,NaN
969.335982,371.497534,NaN,NaN,NaN,NaN
966.532475,371.497534,NaN,NaN,NaN,NaN
960.925459,363.087010,NaN,NaN,NaN,NaN
963.728967,360.283502,NaN,NaN,NaN,NaN
955.318443,365.890518,NaN,NaN,NaN,NaN
955.318443,357.479995,NaN,NaN,NaN,NaN
958.121951,365.890518,NaN,NaN,NaN,NaN
955.318443,357.479995,NaN,NaN,NaN,NaN
958.121951,357.479995,NaN,NaN,NaN,NaN
941.300904,363.087010,NaN,NaN,NaN,NaN
952.514936,360.283502,NaN,NaN,NaN,NaN
944.104412,363.087010,NaN,NaN,NaN,NaN
944.104412,354.676487,NaN,NaN,NaN,NaN
944.104412,351.872979,NaN,NaN,NaN,NaN
946.907920,357.479995,NaN,NaN,NaN,NaN
941.300904,351.872979,NaN,NaN,NaN,NaN
935.693889,360.283502,NaN,NaN,NaN,NaN
932.890381,354.676487,NaN,NaN,NaN,NaN
941.300904,351.872979,NaN,NaN,NaN,NaN
927.283365,349.069471,NaN,NaN,NaN,NaN
930.086873,346.265963,NaN,NaN,NaN,NaN
924.479857,349.069471,NaN,NaN,NaN,NaN
904.855303,340.658948,NaN,NaN,NaN,NaN
902.051795,349.069471,NaN,NaN,NaN,NaN
904.855303,337.855440,NaN,NaN,NaN,NaN
904.855303,346.265963,NaN,NaN,NaN,NaN
890.837764,346.265963,NaN,NaN,NaN,NaN
896.444779,340.658948,NaN,NaN,NaN,NaN
876.820225,349.069471,NaN,NaN,NaN,NaN
879.623733,349.069471,NaN,NaN,NaN,NaN
NaN,NaN,NaN,NaN,NaN,NaN
NaN,NaN,NaN,NaN,NaN,NaN
NaN,NaN,NaN,NaN,NaN,NaN
NaN,NaN,NaN,NaN,NaN,NaN
NaN,NaN,NaN,NaN,NaN,NaN
NaN,NaN,NaN,NaN,NaN,NaN
NaN,NaN,NaN,NaN,NaN,NaN
NaN,NaN,NaN,NaN,NaN,NaN
NaN,NaN,NaN,NaN,NaN,NaN
NaN,NaN,NaN,NaN,NaN,NaN
NaN,NaN,NaN,NaN,NaN,NaN
NaN,NaN,NaN,NaN,NaN,NaN
NaN,NaN,NaN,NaN,NaN,NaN
NaN,NaN,NaN,NaN,NaN,NaN
NaN,NaN,NaN,NaN,NaN,NaN
NaN,NaN,NaN,NaN,NaN,NaN
NaN,NaN,NaN,NaN,NaN,NaN
NaN,NaN,NaN,NaN,NaN,NaN
NaN,NaN,NaN,NaN,NaN,NaN
NaN,NaN,NaN,NaN,NaN,NaN
NaN,NaN,NaN,NaN,NaN,NaN
NaN,NaN,NaN,NaN,NaN,NaN
NaN,NaN,NaN,NaN,NaN,NaN
NaN,NaN,NaN,NaN,NaN,NaN
NaN,NaN,NaN,NaN,NaN,NaN
NaN,NaN,NaN,NaN,NaN,NaN
NaN,NaN,NaN,NaN,NaN,NaN
NaN,NaN,NaN,NaN,NaN,NaN
NaN,NaN,NaN,NaN,NaN,NaN
NaN,NaN,NaN,NaN,NaN,NaN
NaN,NaN,NaN,NaN,NaN,NaN
NaN,NaN,NaN,NaN,NaN,NaN
NaN,NaN,NaN,NaN,NaN,NaN
NaN,NaN,NaN,NaN,NaN,NaN
NaN,NaN,NaN,NaN,NaN,NaN
NaN,NaN,NaN,NaN,NaN,NaN
NaN,NaN,NaN,NaN,NaN,NaN
NaN,NaN,NaN,NaN,NaN,NaN
NaN,NaN,NaN,NaN,NaN,NaN
NaN,NaN,NaN,NaN,NaN,NaN
NaN,NaN,NaN,NaN,NaN,NaN
NaN,NaN,NaN,NaN,NaN,NaN
NaN,NaN,NaN,NaN,NaN,NaN
NaN,NaN,NaN,NaN,NaN,NaN
NaN,NaN,NaN,NaN,NaN,NaN
NaN,NaN,NaN,NaN,NaN,NaN
NaN,NaN,NaN,NaN,NaN,NaN
NaN,NaN,NaN,NaN,NaN,NaN
NaN,NaN,NaN,NaN,NaN,NaN
NaN,NaN,NaN,NaN,NaN,NaN
NaN,NaN,NaN,NaN,NaN,NaN
NaN,NaN,NaN,NaN,NaN,NaN
NaN,NaN,NaN,NaN,NaN,NaN
NaN,NaN,NaN,NaN,NaN,NaN
NaN,NaN,NaN,NaN,NaN,NaN
NaN,NaN,NaN,NaN,NaN,NaN
NaN,NaN,NaN,NaN,NaN,NaN
NaN,NaN,NaN,NaN,NaN,NaN
NaN,NaN,NaN,NaN,NaN,NaN
NaN,NaN,NaN,NaN,NaN,NaN
NaN,NaN,NaN,NaN,NaN,NaN
NaN,NaN,NaN,NaN,NaN,NaN
NaN,NaN,NaN,NaN,NaN,NaN
NaN,NaN,NaN,NaN,NaN,NaN
NaN,NaN,NaN,NaN,NaN,NaN
NaN,NaN,NaN,NaN,NaN,NaN
NaN,NaN,NaN,NaN,NaN,NaN
NaN,NaN,NaN,NaN,NaN,NaN
NaN,NaN,NaN,NaN,NaN,NaN
NaN,NaN,NaN,NaN,NaN,NaN
NaN,NaN,NaN,NaN,NaN,NaN
NaN,NaN,NaN,NaN,NaN,NaN
NaN,NaN,NaN,NaN,NaN,NaN
NaN,NaN,NaN,NaN,NaN,NaN
NaN,NaN,NaN,NaN,NaN,NaN
NaN,NaN,NaN,NaN,NaN,NaN
NaN,NaN,NaN,NaN,NaN,NaN
NaN,NaN,NaN,NaN,NaN,NaN
NaN,NaN,NaN,NaN,NaN,NaN
NaN,NaN,NaN,NaN,NaN,NaN
NaN,NaN,2020.651411,643.437791,NaN,NaN
NaN,NaN,2003.830364,640.634283,NaN,NaN
NaN,NaN,2009.437380,637.830776,NaN,NaN
NaN,NaN,1996.750000,636.570000,NaN,NaN
NaN,NaN,1987.009318,640.634283,NaN,NaN
NaN,NaN,1972.991779,632.223760,NaN,NaN
NaN,NaN,1970.188271,640.634283,NaN,NaN
NaN,NaN,1961.380000,639.000000,NaN,NaN
NaN,NaN,1961.777747,643.437791,NaN,NaN
NaN,NaN,1947.760208,643.437791,NaN,NaN
NaN,NaN,1939.349685,646.241299,NaN,NaN
NaN,NaN,1931.290000,650.000000,NaN,NaN
NaN,NaN,1919.725130,651.848315,NaN,NaN
NaN,NaN,1914.118115,651.848315,NaN,NaN
NaN,NaN,1902.904083,654.651822,NaN,NaN
NaN,NaN,1890.850000,655.000000,NaN,NaN
NaN,NaN,1883.279529,651.848315,NaN,NaN
NaN,NaN,1877.672513,651.848315,NaN,NaN
NaN,NaN,1870.720000,655.060000,NaN,NaN
NaN,NaN,1859.990000,654.750000,NaN,NaN
NaN,NaN,1852.010000,657.990000,NaN,NaN
NaN,NaN,1844.590000,656.410000,NaN,NaN
NaN,NaN,1829.970000,657.960000,NaN,NaN
NaN,NaN,1827.209372,665.865854,NaN,NaN
NaN,NaN,1815.995341,665.865854,NaN,NaN
NaN,NaN,1805.060000,669.050000,NaN,NaN
NaN,NaN,1794.950000,679.050000,NaN,NaN
NaN,NaN,1787.960263,671.472869,NaN,NaN
NaN,NaN,1782.353247,674.276377,NaN,NaN
NaN,NaN,1782.020000,673.940000,NaN,NaN
NaN,NaN,1762.728693,677.079885,NaN,NaN
NaN,NaN,1757.121677,671.472869,NaN,NaN
NaN,NaN,1759.925185,668.669361,NaN,NaN
NaN,NaN,1751.514662,677.079885,NaN,NaN
NaN,NaN,1751.940000,677.000000,NaN,NaN
NaN,NaN,1752.010000,676.740000,NaN,NaN
NaN,NaN,1754.040000,684.050000,NaN,NaN
NaN,NaN,1731.890107,671.472869,NaN,NaN
NaN,NaN,1731.890107,671.472869,NaN,NaN
NaN,NaN,1730.470000,669.640000,NaN,NaN
NaN,NaN,1725.050000,666.280000,NaN,NaN
NaN,NaN,1721.960000,664.860000,NaN,NaN
NaN,NaN,1716.840000,664.050000,NaN,NaN
NaN,NaN,1716.930000,662.510000,NaN,NaN
NaN,NaN,1715.069060,654.651822,NaN,NaN
NaN,NaN,1709.462044,668.669361,NaN,NaN
NaN,NaN,1703.855029,665.865854,NaN,NaN
NaN,NaN,1701.051521,657.455330,NaN,NaN
NaN,NaN,1700.580000,656.910000,NaN,NaN
NaN,NaN,1698.248013,665.865854,NaN,NaN
NaN,NaN,1694.000000,667.700000,NaN,NaN
NaN,NaN,1687.033982,660.258838,NaN,NaN
NaN,NaN,1684.230474,643.437791,NaN,NaN
NaN,NaN,1692.640998,649.044807,NaN,NaN
NaN,NaN,1684.230474,654.651822,NaN,NaN
NaN,NaN,1684.230474,643.437791,NaN,NaN
NaN,NaN,1684.000000,642.950000,NaN,NaN
NaN,NaN,1684.080000,643.070000,NaN,NaN
NaN,NaN,1684.230474,657.455330,NaN,NaN
NaN,NaN,NaN,NaN,NaN,NaN
NaN,NaN,NaN,NaN,NaN,NaN
NaN,NaN,NaN,NaN,NaN,NaN
NaN,NaN,NaN,NaN,NaN,NaN
NaN,NaN,NaN,NaN,NaN,NaN
NaN,NaN,NaN,NaN,NaN,NaN
NaN,NaN,NaN,NaN,NaN,NaN
NaN,NaN,NaN,NaN,NaN,NaN
NaN,NaN,NaN,NaN,NaN,NaN
NaN,NaN,NaN,NaN,NaN,NaN
NaN,NaN,NaN,NaN,NaN,NaN
NaN,NaN,NaN,NaN,NaN,NaN
NaN,NaN,NaN,NaN,NaN,NaN
NaN,NaN,NaN,NaN,NaN,NaN
NaN,NaN,NaN,NaN,NaN,NaN
NaN,NaN,NaN,NaN,NaN,NaN
NaN,NaN,NaN,NaN,NaN,NaN
NaN,NaN,NaN,NaN,NaN,NaN
NaN,NaN,NaN,NaN,NaN,NaN
NaN,NaN,NaN,NaN,NaN,NaN
NaN,NaN,NaN,NaN,NaN,NaN
NaN,NaN,NaN,NaN,NaN,NaN
NaN,NaN,NaN,NaN,NaN,NaN
NaN,NaN,NaN,NaN,NaN,NaN
NaN,NaN,NaN,NaN,NaN,NaN
NaN,NaN,NaN,NaN,NaN,NaN
NaN,NaN,NaN,NaN,NaN,NaN
NaN,NaN,NaN,NaN,NaN,NaN
NaN,NaN,NaN,NaN,NaN,NaN
NaN,NaN,NaN,NaN,NaN,NaN
NaN,NaN,NaN,NaN,NaN,NaN
NaN,NaN,NaN,NaN,NaN,NaN
NaN,NaN,NaN,NaN,NaN,NaN
NaN,NaN,NaN,NaN,NaN,NaN
NaN,NaN,NaN,NaN,NaN,NaN
NaN,NaN,NaN,NaN,NaN,NaN
NaN,NaN,NaN,NaN,NaN,NaN
NaN,NaN,NaN,NaN,NaN,NaN
NaN,NaN,NaN,NaN,NaN,NaN
NaN,NaN,NaN,NaN,NaN,NaN
NaN,NaN,NaN,NaN,NaN,NaN
NaN,NaN,NaN,NaN,NaN,NaN
NaN,NaN,NaN,NaN,NaN,NaN
NaN,NaN,NaN,NaN,NaN,NaN
NaN,NaN,NaN,NaN,NaN,NaN
NaN,NaN,NaN,NaN,NaN,NaN
NaN,NaN,NaN,NaN,NaN,NaN
NaN,NaN,NaN,NaN,NaN,NaN
NaN,NaN,NaN,NaN,NaN,NaN
NaN,NaN,NaN,NaN,NaN,NaN
NaN,NaN,NaN,NaN,NaN,NaN
NaN,NaN,NaN,NaN,NaN,NaN
NaN,NaN,NaN,NaN,NaN,NaN
NaN,NaN,NaN,NaN,NaN,NaN
NaN,NaN,NaN,NaN,NaN,NaN
NaN,NaN,NaN,NaN,NaN,NaN
NaN,NaN,NaN,NaN,NaN,NaN
NaN,NaN,NaN,NaN,NaN,NaN
NaN,NaN,NaN,NaN,NaN,NaN
NaN,NaN,NaN,NaN,NaN,NaN
NaN,NaN,NaN,NaN,NaN,NaN
NaN,NaN,NaN,NaN,NaN,NaN
NaN,NaN,NaN,NaN,NaN,NaN
NaN,NaN,NaN,NaN,NaN,NaN
NaN,NaN,NaN,NaN,NaN,NaN
NaN,NaN,NaN,NaN,NaN,NaN
NaN,NaN,NaN,NaN,NaN,NaN
NaN,NaN,NaN,NaN,NaN,NaN
NaN,NaN,NaN,NaN,NaN,NaN
NaN,NaN,NaN,NaN,NaN,NaN
NaN,NaN,NaN,NaN,NaN,NaN
NaN,NaN,NaN,NaN,NaN,NaN
NaN,NaN,NaN,NaN,NaN,NaN
NaN,NaN,NaN,NaN,NaN,NaN
NaN,NaN,NaN,NaN,NaN,NaN
NaN,NaN,NaN,NaN,NaN,NaN
NaN,NaN,NaN,NaN,NaN,NaN
NaN,NaN,NaN,NaN,NaN,NaN
NaN,NaN,NaN,NaN,NaN,NaN
NaN,NaN,NaN,NaN,NaN,NaN
NaN,NaN,NaN,NaN,NaN,NaN
NaN,NaN,NaN,NaN,NaN,NaN
NaN,NaN,NaN,NaN,NaN,NaN
NaN,NaN,NaN,NaN,NaN,NaN
NaN,NaN,NaN,NaN,NaN,NaN
NaN,NaN,NaN,NaN,NaN,NaN
NaN,NaN,NaN,NaN,NaN,NaN
NaN,NaN,NaN,NaN,NaN,NaN
NaN,NaN,NaN,NaN,NaN,NaN
NaN,NaN,NaN,NaN,NaN,NaN
NaN,NaN,NaN,NaN,NaN,NaN
NaN,NaN,NaN,NaN,NaN,NaN
NaN,NaN,NaN,NaN,NaN,NaN
NaN,NaN,NaN,NaN,NaN,NaN
NaN,NaN,NaN,NaN,NaN,NaN
NaN,NaN,NaN,NaN,NaN,NaN
NaN,NaN,NaN,NaN,NaN,NaN
NaN,NaN,NaN,NaN,NaN,NaN
NaN,NaN,NaN,NaN,NaN,NaN
NaN,NaN,NaN,NaN,NaN,NaN
NaN,NaN,NaN,NaN,NaN,NaN
NaN,NaN,NaN,NaN,NaN,NaN
NaN,NaN,NaN,NaN,NaN,NaN
NaN,NaN,NaN,NaN,NaN,NaN
NaN,NaN,NaN,NaN,NaN,NaN
NaN,NaN,NaN,NaN,NaN,NaN
NaN,NaN,NaN,NaN,NaN,NaN
NaN,NaN,NaN,NaN,NaN,NaN
NaN,NaN,NaN,NaN,NaN,NaN
NaN,NaN,NaN,NaN,NaN,NaN
NaN,NaN,NaN,NaN,NaN,NaN
NaN,NaN,NaN,NaN,NaN,NaN
NaN,NaN,NaN,NaN,NaN,NaN
NaN,NaN,NaN,NaN,NaN,NaN
NaN,NaN,NaN,NaN,NaN,NaN
NaN,NaN,NaN,NaN,NaN,NaN
NaN,NaN,NaN,NaN,NaN,NaN
NaN,NaN,NaN,NaN,NaN,NaN
NaN,NaN,NaN,NaN,NaN,NaN
NaN,NaN,NaN,NaN,NaN,NaN
NaN,NaN,NaN,NaN,NaN,NaN
NaN,NaN,NaN,NaN,NaN,NaN
NaN,NaN,NaN,NaN,NaN,NaN
NaN,NaN,NaN,NaN,NaN,NaN
NaN,NaN,NaN,NaN,NaN,NaN
NaN,NaN,NaN,NaN,NaN,NaN
NaN,NaN,NaN,NaN,NaN,NaN
NaN,NaN,NaN,NaN,NaN,NaN
NaN,NaN,NaN,NaN,NaN,NaN
NaN,NaN,NaN,NaN,NaN,NaN
NaN,NaN,NaN,NaN,NaN,NaN
NaN,NaN,NaN,NaN,NaN,NaN
NaN,NaN,NaN,NaN,NaN,NaN
NaN,NaN,NaN,NaN,NaN,NaN
NaN,NaN,NaN,NaN,NaN,NaN
NaN,NaN,NaN,NaN,NaN,NaN
NaN,NaN,NaN,NaN,NaN,NaN
NaN,NaN,NaN,NaN,NaN,NaN
NaN,NaN,NaN,NaN,NaN,NaN
NaN,NaN,NaN,NaN,NaN,NaN
NaN,NaN,NaN,NaN,NaN,NaN
NaN,NaN,NaN,NaN,NaN,NaN
NaN,NaN,NaN,NaN,NaN,NaN
NaN,NaN,NaN,NaN,NaN,NaN
NaN,NaN,NaN,NaN,NaN,NaN
NaN,NaN,NaN,NaN,NaN,NaN
NaN,NaN,NaN,NaN,NaN,NaN
NaN,NaN,NaN,NaN,NaN,NaN
NaN,NaN,NaN,NaN,NaN,NaN
NaN,NaN,NaN,NaN,NaN,NaN
NaN,NaN,NaN,NaN,NaN,NaN
NaN,NaN,NaN,NaN,NaN,NaN
NaN,NaN,NaN,NaN,NaN,NaN
NaN,NaN,NaN,NaN,NaN,NaN
NaN,NaN,NaN,NaN,NaN,NaN
NaN,NaN,NaN,NaN,NaN,NaN
NaN,NaN,NaN,NaN,NaN,NaN
NaN,NaN,NaN,NaN,NaN,NaN
NaN,NaN,NaN,NaN,NaN,NaN
NaN,NaN,NaN,NaN,NaN,NaN
NaN,NaN,NaN,NaN,NaN,NaN
NaN,NaN,NaN,NaN,NaN,NaN
NaN,NaN,NaN,NaN,NaN,NaN
NaN,NaN,NaN,NaN,NaN,NaN
NaN,NaN,NaN,NaN,NaN,NaN
NaN,NaN,NaN,NaN,NaN,NaN
NaN,NaN,NaN,NaN,NaN,NaN
NaN,NaN,NaN,NaN,NaN,NaN
NaN,NaN,NaN,NaN,NaN,NaN
NaN,NaN,NaN,NaN,NaN,NaN
NaN,NaN,NaN,NaN,NaN,NaN
NaN,NaN,NaN,NaN,NaN,NaN
NaN,NaN,NaN,NaN,NaN,NaN
NaN,NaN,NaN,NaN,NaN,NaN
NaN,NaN,NaN,NaN,NaN,NaN
NaN,NaN,NaN,NaN,NaN,NaN
NaN,NaN,NaN,NaN,NaN,NaN
NaN,NaN,NaN,NaN,NaN,NaN
NaN,NaN,NaN,NaN,NaN,NaN
NaN,NaN,NaN,NaN,NaN,NaN
NaN,NaN,NaN,NaN,NaN,NaN
NaN,NaN,NaN,NaN,NaN,NaN
NaN,NaN,NaN,NaN,NaN,NaN
NaN,NaN,NaN,NaN,NaN,NaN
NaN,NaN,NaN,NaN,NaN,NaN
NaN,NaN,NaN,NaN,NaN,NaN
NaN,NaN,NaN,NaN,NaN,NaN
NaN,NaN,NaN,NaN,NaN,NaN
NaN,NaN,NaN,NaN,NaN,NaN
NaN,NaN,NaN,NaN,NaN,NaN
NaN,NaN,NaN,NaN,NaN,NaN
NaN,NaN,NaN,NaN,1695.444505,649.044807
NaN,NaN,NaN,NaN,1689.520000,647.610000
NaN,NaN,NaN,NaN,1681.426966,637.830776
NaN,NaN,NaN,NaN,1674.910000,633.060000
NaN,NaN,NaN,NaN,1658.998904,635.027268
NaN,NaN,NaN,NaN,1644.981365,623.813237
NaN,NaN,NaN,NaN,1639.374349,626.616744
NaN,NaN,NaN,NaN,1642.177857,618.206221
NaN,NaN,NaN,NaN,1633.767334,609.795697
NaN,NaN,NaN,NaN,1614.142779,609.795697
NaN,NaN,NaN,NaN,1607.930000,608.030000
NaN,NaN,NaN,NaN,1589.850000,603.990000
NaN,NaN,NaN,NaN,1588.911209,615.402713
NaN,NaN,NaN,NaN,1558.072623,626.616744
NaN,NaN,NaN,NaN,1549.662099,609.795697
NaN,NaN,NaN,NaN,1544.055084,609.795697
NaN,NaN,NaN,NaN,1521.627021,598.581666
NaN,NaN,NaN,NaN,1521.627021,595.778158
NaN,NaN,NaN,NaN,1504.805974,590.171143
NaN,NaN,NaN,NaN,1502.002466,590.171143
NaN,NaN,NaN,NaN,1490.788435,581.760619
NaN,NaN,NaN,NaN,1490.788435,584.564127
NaN,NaN,NaN,NaN,1485.181420,570.546588
NaN,NaN,NaN,NaN,1482.377912,573.350096
NaN,NaN,NaN,NaN,1482.377912,567.743080
NaN,NaN,NaN,NaN,1473.967388,573.350096
NaN,NaN,NaN,NaN,1465.556865,573.350096
NaN,NaN,NaN,NaN,1459.970000,570.960000
NaN,NaN,NaN,NaN,1458.610000,569.970000
NaN,NaN,NaN,NaN,1455.410000,567.580000
NaN,NaN,NaN,NaN,1445.932310,573.350096
NaN,NaN,NaN,NaN,1439.100000,571.780000
NaN,NaN,NaN,NaN,1437.950000,572.210000
NaN,NaN,NaN,NaN,1432.110000,574.990000
NaN,NaN,NaN,NaN,1431.914771,570.546588
NaN,NaN,NaN,NaN,1426.720000,570.050000
NaN,NaN,NaN,NaN,1425.990000,570.980000
NaN,NaN,NaN,NaN,1419.810000,572.250000
NaN,NaN,NaN,NaN,1411.920000,568.030000
NaN,NaN,NaN,NaN,1409.880000,569.890000
NaN,NaN,NaN,NaN,1408.460000,570.600000
NaN,NaN,NaN,NaN,1404.260000,572.950000
NaN,NaN,NaN,NaN,1401.170000,573.070000
NaN,NaN,NaN,NaN,1401.170000,572.920000
NaN,NaN,NaN,NaN,1399.060000,571.990000
NaN,NaN,NaN,NaN,1398.070000,572.950000
NaN,NaN,NaN,NaN,1397.390000,572.970000
NaN,NaN,NaN,NaN,1399.070000,572.350000
NaN,NaN,NaN,NaN,1395.500000,574.350000
NaN,NaN,NaN,NaN,1397.070000,575.700000
NaN,NaN,NaN,NaN,1398.360000,575.910000
NaN,NaN,NaN,NaN,1398.140000,573.560000
NaN,NaN,NaN,NaN,1398.660000,572.000000
NaN,NaN,NaN,NaN,1397.960000,575.950000
NaN,NaN,NaN,NaN,1397.810000,576.920000
NaN,NaN,NaN,NaN,1397.430000,575.460000
NaN,NaN,NaN,NaN,1400.790000,573.090000
NaN,NaN,NaN,NaN,1400.010000,573.990000
NaN,NaN,NaN,NaN,1401.250000,571.880000
NaN,NaN,NaN,NaN,1406.960000,574.990000
NaN,NaN,NaN,NaN,1406.940000,571.770000
NaN,NaN,NaN,NaN,1404.200000,570.730000
NaN,NaN,NaN,NaN,1403.580000,571.460000
NaN,NaN,NaN,NaN,1401.830000,570.990000
NaN,NaN,NaN,NaN,1397.940000,575.910000
NaN,NaN,NaN,NaN,1395.469170,578.957112
NaN,NaN,NaN,NaN,1387.950000,578.060000
NaN,NaN,NaN,NaN,1379.120000,575.970000
NaN,NaN,NaN,NaN,1375.844615,578.957112
NaN,NaN,NaN,NaN,1367.434092,578.957112
NaN,NaN,NaN,NaN,1361.827076,576.153604
NaN,NaN,NaN,NaN,1361.910000,576.060000
NaN,NaN,NaN,NaN,1353.416552,578.957112
NaN,NaN,NaN,NaN,1342.390000,581.640000
NaN,NaN,NaN,NaN,1330.610000,577.910000
NaN,NaN,NaN,NaN,1314.510000,576.500000
NaN,NaN,NaN,NaN,1308.560428,576.153604
NaN,NaN,NaN,NaN,1297.346396,564.939572
NaN,NaN,NaN,NaN,1291.739381,559.332557
NaN,NaN,NaN,NaN,1283.328857,559.332557
NaN,NaN,NaN,NaN,1274.918334,542.511510
NaN,NaN,NaN,NaN,1274.918334,522.886955
NaN,NaN,NaN,NaN,1266.507810,528.493971
NaN,NaN,NaN,NaN,1260.900795,517.279940
NaN,NaN,NaN,NaN,1254.940000,506.180000
NaN,NaN,NaN,NaN,1248.060000,497.860000
NaN,NaN,NaN,NaN,1245.200000,493.750000
NaN,NaN,NaN,NaN,1244.440000,487.680000
NaN,NaN,NaN,NaN,1244.320000,485.460000
NaN,NaN,NaN,NaN,1238.472732,472.423815
NaN,NaN,NaN,NaN,1230.062209,475.227323
NaN,NaN,NaN,NaN,1223.990000,474.070000
NaN,NaN,NaN,NaN,1219.910000,466.920000
NaN,NaN,NaN,NaN,1213.990000,464.000000
NaN,NaN,NaN,NaN,1201.070000,459.930000
NaN,NaN,NaN,NaN,1199.223623,466.816799
NaN,NaN,NaN,NaN,1182.402576,452.799260
NaN,NaN,NaN,NaN,1173.992053,449.995752
NaN,NaN,NaN,NaN,1154.367498,441.585229
NaN,NaN,NaN,NaN,1159.974514,452.799260
NaN,NaN,NaN,NaN,1148.760482,447.192244
NaN,NaN,NaN,NaN,1140.349959,452.799260
NaN,NaN,NaN,NaN,1134.742943,447.192244
NaN,NaN,NaN,NaN,1123.528912,435.978213
NaN,NaN,NaN,NaN,1129.135928,444.388737
NaN,NaN,NaN,NaN,1115.118389,449.995752
NaN,NaN,NaN,NaN,1107.730000,449.970000
NaN,NaN,NaN,NaN,1109.511373,444.388737
NaN,NaN,NaN,NaN,1101.100850,435.978213
NaN,NaN,NaN,NaN,1096.050000,436.000000
NaN,NaN,NaN,NaN,1078.672787,447.192244
NaN,NaN,NaN,NaN,1072.120000,450.210000
NaN,NaN,NaN,NaN,1065.920000,452.230000
NaN,NaN,NaN,NaN,1064.930000,451.960000
NaN,NaN,NaN,NaN,1065.400000,449.000000
NaN,NaN,NaN,NaN,1065.250000,447.520000
NaN,NaN,NaN,NaN,1063.020000,447.200000
NaN,NaN,NaN,NaN,1061.800000,448.150000
NaN,NaN,NaN,NaN,1060.030000,446.150000
NaN,NaN,NaN,NaN,1057.100000,446.030000
NaN,NaN,NaN,NaN,1054.770000,443.960000
NaN,NaN,NaN,NaN,1051.120000,443.700000
NaN,NaN,NaN,NaN,1047.250000,443.330000
NaN,NaN,NaN,NaN,1043.930000,441.680000
NaN,NaN,NaN,NaN,1040.040000,438.350000
NaN,NaN,NaN,NaN,1038.170000,435.240000
NaN,NaN,NaN,NaN,1035.250000,434.200000
NaN,NaN,NaN,NaN,1034.650000,434.030000
NaN,NaN,NaN,NaN,1032.190000,432.230000
NaN,NaN,NaN,NaN,1030.000000,430.640000
NaN,NaN,NaN,NaN,1028.220000,428.900000
NaN,NaN,NaN,NaN,1026.100000,428.170000
NaN,NaN,NaN,NaN,1022.230000,426.740000
NaN,NaN,NaN,NaN,1019.900000,424.050000
NaN,NaN,NaN,NaN,1019.799123,419.157166
NaN,NaN,NaN,NaN,1015.120000,417.980000
NaN,NaN,NaN,NaN,1011.110000,416.760000
NaN,NaN,NaN,NaN,1011.870000,417.850000
NaN,NaN,NaN,NaN,1005.900000,418.190000
NaN,NaN,NaN,NaN,1006.460000,415.620000
NaN,NaN,NaN,NaN,1002.978076,416.353659
NaN,NaN,NaN,NaN,999.900000,415.910000
NaN,NaN,NaN,NaN,997.820000,414.970000
NaN,NaN,NaN,NaN,991.020000,412.980000
NaN,NaN,NaN,NaN,989.280000,413.620000
NaN,NaN,NaN,NaN,987.300000,413.940000
NaN,NaN,NaN,NaN,986.360000,411.000000
NaN,NaN,NaN,NaN,977.746506,416.353659
NaN,NaN,NaN,NaN,973.970000,417.900000
NaN,NaN,NaN,NaN,977.746506,410.746643
NaN,NaN,NaN,NaN,976.540000,409.800000
NaN,NaN,NaN,NaN,972.139490,405.139627
NaN,NaN,NaN,NaN,969.335982,413.550151
NaN,NaN,NaN,NaN,972.139490,410.746643
NaN,NaN,NaN,NaN,971.930000,411.010000
NaN,NaN,NaN,NaN,966.070000,410.000000
NaN,NaN,NaN,NaN,961.990000,408.020000
NaN,NaN,NaN,NaN,958.600000,410.180000
NaN,NaN,NaN,NaN,955.880000,410.990000
NaN,NaN,NaN,NaN,946.907920,407.943135
NaN,NaN,NaN,NaN,945.240000,407.590000
NaN,NaN,NaN,NaN,937.890000,405.160000
NaN,NaN,NaN,NaN,944.104412,405.139627
NaN,NaN,NaN,NaN,943.920000,405.190000
NaN,NaN,NaN,NaN,930.086873,405.139627
NaN,NaN,NaN,NaN,921.676350,407.943135
NaN,NaN,NaN,NaN,924.479857,399.532612
NaN,NaN,NaN,NaN,924.590000,400.000000
NaN,NaN,NaN,NaN,920.720000,399.240000
NaN,NaN,NaN,NaN,918.150000,399.220000
NaN,NaN,NaN,NaN,916.900000,399.230000
NaN,NaN,NaN,NaN,917.270000,400.450000
NaN,NaN,NaN,NaN,914.540000,399.000000
NaN,NaN,NaN,NaN,912.520000,397.730000
NaN,NaN,NaN,NaN,913.780000,398.460000
NaN,NaN,NaN,NaN,914.250000,399.130000
NaN,NaN,NaN,NaN,913.940000,399.840000
NaN,NaN,NaN,NaN,915.580000,401.190000
NaN,NaN,NaN,NaN,918.080000,402.750000
NaN,NaN,NaN,NaN,920.730000,401.520000
NaN,NaN,NaN,NaN,918.872842,405.139627
NaN,NaN,NaN,NaN,924.479857,405.139627
NaN,NaN,NaN,NaN,930.086873,410.746643
NaN,NaN,NaN,NaN,927.283365,419.157166
NaN,NaN,NaN,NaN,935.693889,405.139627
NaN,NaN,NaN,NaN,941.300904,407.943135
NaN,NaN,NaN,NaN,941.220000,408.050000
NaN,NaN,NaN,NaN,932.890381,413.550151
NaN,NaN,NaN,NaN,932.930000,414.000000
NaN,NaN,NaN,NaN,932.830000,413.790000
NaN,NaN,NaN,NaN,924.479857,407.943135
NaN,NaN,NaN,NaN,918.900000,405.970000
NaN,NaN,NaN,NaN,907.890000,405.880000
NaN,NaN,NaN,NaN,898.400000,404.620000
NaN,NaN,NaN,NaN,902.051795,399.532612
NaN,NaN,NaN,NaN,907.430000,392.310000
NaN,NaN,NaN,NaN,893.641272,405.139627
NaN,NaN,NaN,NaN,887.830000,405.040000
NaN,NaN,NaN,NaN,883.460000,403.320000
NaN,NaN,NaN,NaN,870.620000,398.530000
NaN,NaN,NaN,NaN,867.060000,397.900000
NaN,NaN,NaN,NaN,863.050000,397.060000
NaN,NaN,NaN,NaN,857.900000,396.970000
NaN,NaN,NaN,NaN,851.990000,396.120000
NaN,NaN,NaN,NaN,837.571115,391.122088
NaN,NaN,NaN,NaN,837.571115,393.925596
NaN,NaN,NaN,NaN,832.880000,394.010000
NaN,NaN,NaN,NaN,826.000000,395.380000
NaN,NaN,NaN,NaN,817.946561,391.122088
NaN,NaN,NaN,NaN,806.732529,396.729104
NaN,NaN,NaN,NaN,809.536037,396.729104
NaN,NaN,NaN,NaN,806.732529,402.336119
NaN,NaN,NaN,NaN,789.911483,407.943135
NaN,NaN,NaN,NaN,773.940000,413.020000
NaN,NaN,NaN,NaN,784.304467,405.139627
NaN,NaN,NaN,NaN,775.893944,407.943135
NaN,NaN,NaN,NaN,773.090436,413.550151
NaN,NaN,NaN,NaN,770.286928,416.353659
NaN,NaN,NaN,NaN,768.010000,417.010000
NaN,NaN,NaN,NaN,768.010000,419.350000
NaN,NaN,NaN,NaN,767.483420,407.943135
NaN,NaN,NaN,NaN,759.072897,427.567690
NaN,NaN,NaN,NaN,753.465881,427.567690
NaN,NaN,NaN,NaN,753.465881,424.764182
NaN,NaN,NaN,NaN,751.440000,426.950000
NaN,NaN,NaN,NaN,748.890000,428.020000
NaN,NaN,NaN,NaN,747.510000,431.380000
NaN,NaN,NaN,NaN,741.090000,433.930000
NaN,NaN,NaN,NaN,736.644834,438.781721
NaN,NaN,NaN,NaN,734.030000,437.960000
NaN,NaN,NaN,NaN,733.020000,440.110000
NaN,NaN,NaN,NaN,723.870000,439.030000
NaN,NaN,NaN,NaN,723.180000,440.040000
NaN,NaN,NaN,NaN,722.710000,442.810000
NaN,NaN,NaN,NaN,717.000000,439.680000
NaN,NaN,NaN,NaN,714.216772,441.585229
NaN,NaN,NaN,NaN,713.900000,441.990000
NaN,NaN,NaN,NaN,705.210000,443.140000
NaN,NaN,NaN,NaN,702.010000,444.150000
NaN,NaN,NaN,NaN,698.730000,444.020000
NaN,NaN,NaN,NaN,694.100000,442.990000
NaN,NaN,NaN,NaN,692.250000,443.130000
NaN,NaN,NaN,NaN,689.670000,441.670000
NaN,NaN,NaN,NaN,686.160000,442.030000
NaN,NaN,NaN,NaN,683.378186,433.174705
NaN,NaN,NaN,NaN,680.920000,432.940000
NaN,NaN,NaN,NaN,680.850000,431.230000
NaN,NaN,NaN,NaN,681.330000,431.450000
NaN,NaN,NaN,NaN,681.720000,428.970000
NaN,NaN,NaN,NaN,681.250000,431.450000
NaN,NaN,NaN,NaN,681.000000,430.420000
NaN,NaN,NaN,NaN,677.420000,431.250000
NaN,NaN,NaN,NaN,678.340000,431.130000
NaN,NaN,NaN,NaN,679.290000,429.950000
NaN,NaN,NaN,NaN,678.030000,432.990000
NaN,NaN,NaN,NaN,679.280000,432.670000
NaN,NaN,NaN,NaN,678.770000,432.310000
NaN,NaN,NaN,NaN,677.950000,431.900000
NaN,NaN,NaN,NaN,677.850000,432.950000
NaN,NaN,NaN,NaN,679.040000,432.830000
NaN,NaN,NaN,NaN,679.950000,433.880000
NaN,NaN,NaN,NaN,679.980000,435.020000
NaN,NaN,NaN,NaN,678.910000,432.000000
NaN,NaN,NaN,NaN,678.010000,430.310000
NaN,NaN,NaN,NaN,678.960000,430.110000
NaN,NaN,NaN,NaN,677.920000,431.020000
NaN,NaN,NaN,NaN,675.570000,430.690000
NaN,NaN,NaN,NaN,674.160000,431.620000
NaN,NaN,NaN,NaN,668.190000,430.850000
NaN,NaN,NaN,NaN,661.290000,428.510000
NaN,NaN,NaN,NaN,656.040000,431.950000
NaN,NaN,NaN,NaN,649.740000,434.270000
NaN,NaN,NaN,NaN,643.520000,431.560000
NaN,NaN,NaN,NaN,638.350000,431.950000
NaN,NaN,NaN,NaN,630.390000,435.800000
NaN,NaN,NaN,NaN,621.920000,437.040000
NaN,NaN,NaN,NaN,598.010000,437.860000
NaN,NaN,NaN,NaN,591.020000,442.140000
NaN,NaN,NaN,NaN,586.590000,443.890000
NaN,NaN,NaN,NaN,584.020000,440.770000
NaN,NaN,NaN,NaN,577.850000,438.180000
NaN,NaN,NaN,NaN,573.980000,439.720000
NaN,NaN,NaN,NaN,566.640000,437.660000
NaN,NaN,NaN,NaN,563.670000,438.090000
NaN,NaN,NaN,NaN,537.595780,435.978213
NaN,NaN,NaN,NaN,531.988764,438.781721
NaN,NaN,NaN,NaN,526.381748,447.192244
NaN,NaN,NaN,NaN,522.800000,446.730000
NaN,NaN,NaN,NaN,521.910000,448.090000
NaN,NaN,NaN,NaN,523.578241,435.978213
NaN,NaN,NaN,NaN,521.490000,433.380000
NaN,NaN,NaN,NaN,501.150178,441.585229
NaN,NaN,NaN,NaN,493.900000,447.710000
NaN,NaN,NaN,NaN,486.900000,445.860000
NaN,NaN,NaN,NaN,482.350000,443.530000
NaN,NaN,NaN,NaN,474.230000,441.970000
NaN,NaN,NaN,NaN,469.040000,442.350000
NaN,NaN,NaN,NaN,465.340000,440.980000
NaN,NaN,NaN,NaN,460.160000,440.320000
NaN,NaN,NaN,NaN,457.400000,437.680000
NaN,NaN,NaN,NaN,451.780000,437.730000
NaN,NaN,NaN,NaN,444.790000,436.650000
NaN,NaN,NaN,NaN,437.160000,435.780000
NaN,NaN,NaN,NaN,426.960000,430.770000
NaN,NaN,NaN,NaN,420.200000,420.160000
NaN,NaN,NaN,NaN,410.060000,406.950000
NaN,NaN,NaN,NaN,407.260000,390.440000
NaN,NaN,NaN,NaN,391.813374,388.318580
NaN,NaN,NaN,NaN,397.420389,382.711565
NaN,NaN,NaN,NaN,383.402850,393.925596
NaN,NaN,NaN,NaN,377.795834,377.104549
NaN,NaN,NaN,NaN,355.367772,382.711565
NaN,NaN,NaN,NaN,349.760756,379.908057
NaN,NaN,NaN,NaN,338.546725,371.497534
NaN,NaN,NaN,NaN,328.920000,362.310000
NaN,NaN,NaN,NaN,321.860000,352.240000
NaN,NaN,NaN,NaN,313.450000,351.410000
NaN,NaN,NaN,NaN,306.870000,348.240000
NaN,NaN,NaN,NaN,300.150000,347.030000
NaN,NaN,NaN,NaN,294.630000,344.360000
NaN,NaN,NaN,NaN,288.010000,345.020000
NaN,NaN,NaN,NaN,284.440000,344.000000
NaN,NaN,NaN,NaN,281.890000,344.320000
NaN,NaN,NaN,NaN,277.910000,344.000000
NaN,NaN,NaN,NaN,274.700000,344.950000
NaN,NaN,NaN,NaN,273.960000,345.030000
NaN,NaN,NaN,NaN,273.480000,344.170000
NaN,NaN,NaN,NaN,272.150000,346.780000
NaN,NaN,NaN,NaN,272.980000,346.260000
NaN,NaN,NaN,NaN,273.920000,346.890000
NaN,NaN,NaN,NaN,275.570000,346.060000
NaN,NaN,NaN,NaN,277.260000,347.110000
NaN,NaN,NaN,NaN,281.460000,348.750000
NaN,NaN,NaN,NaN,286.780000,347.200000
NaN,NaN,NaN,NaN,293.030000,349.070000
NaN,NaN,NaN,NaN,298.170000,351.250000
NaN,NaN,NaN,NaN,304.150000,351.730000
NaN,NaN,NaN,NaN,309.590000,357.360000
NaN,NaN,NaN,NaN,311.760000,358.120000
NaN,NaN,NaN,NaN,311.060000,360.900000
NaN,NaN,NaN,NaN,307.030000,356.980000
NaN,NaN,NaN,NaN,302.910000,354.190000
NaN,NaN,NaN,NaN,295.400000,353.590000
NaN,NaN,NaN,NaN,285.280000,356.000000
NaN,NaN,NaN,NaN,277.030000,356.740000
NaN,NaN,NaN,NaN,270.570000,358.080000
NaN,NaN,NaN,NaN,257.940000,359.100000
NaN,NaN,NaN,NaN,244.000000,362.570000
NaN,NaN,NaN,NaN,235.030000,365.980000
NaN,NaN,NaN,NaN,232.013428,346.265963
NaN,NaN,NaN,NaN,220.799397,357.479995
NaN,NaN,NaN,NaN,210.890000,353.730000
NaN,NaN,NaN,NaN,198.150000,348.960000
NaN,NaN,NaN,NaN,189.120000,342.850000
NaN,NaN,NaN,NaN,178.230000,337.260000
NaN,NaN,NaN,NaN,167.550000,332.550000
NaN,NaN,NaN,NaN,152.720000,326.600000
NaN,NaN,NaN,NaN,134.740000,331.040000
NaN,NaN,NaN,NaN,121.150000,339.970000
NaN,NaN,NaN,NaN,106.880000,354.910000
NaN,NaN,NaN,NaN,91.780000,367.230000
NaN,NaN,NaN,NaN,74.960000,383.000000
NaN,NaN,NaN,NaN,52.940000,393.030000
NaN,NaN,NaN,NaN,24.553850,363.087010
NaN,NaN,NaN,NaN,NaN,NaN
NaN,NaN,NaN,NaN,NaN,NaN
NaN,NaN,NaN,NaN,NaN,NaN
NaN,NaN,NaN,NaN,NaN,NaN
NaN,NaN,NaN,NaN,NaN,NaN
NaN,NaN,NaN,NaN,NaN,NaN
NaN,NaN,NaN,NaN,NaN,NaN
NaN,NaN,NaN,NaN,NaN,NaN
NaN,NaN,NaN,NaN,NaN,NaN
NaN,NaN,NaN,NaN,NaN,NaN
NaN,NaN,NaN,NaN,NaN,NaN
NaN,NaN,NaN,NaN,NaN,NaN
NaN,NaN,NaN,NaN,NaN,NaN
NaN,NaN,NaN,NaN,NaN,NaN
NaN,NaN,NaN,NaN,NaN,NaN
NaN,NaN,NaN,NaN,NaN,NaN
NaN,NaN,NaN,NaN,NaN,NaN
NaN,NaN,NaN,NaN,NaN,NaN
NaN,NaN,NaN,NaN,NaN,NaN
NaN,NaN,NaN,NaN,NaN,NaN
NaN,NaN,NaN,NaN,NaN,NaN
NaN,NaN,NaN,NaN,NaN,NaN
NaN,NaN,NaN,NaN,NaN,NaN
NaN,NaN,NaN,NaN,NaN,NaN
NaN,NaN,NaN,NaN,NaN,NaN
NaN,NaN,NaN,NaN,NaN,NaN
NaN,NaN,NaN,NaN,NaN,NaN
NaN,NaN,NaN,NaN,NaN,NaN
