pt1_cam1_X,pt1_cam1_Y,pt2_cam1_X,pt2_cam1_Y,pt3_cam1_X,pt3_cam1_Y,pt4_cam1_X,pt4_cam1_Y
1379.467190,1123.101997,NaN,NaN,NaN,NaN,NaN,NaN
1385.310271,1126.023538,NaN,NaN,NaN,NaN,NaN,NaN
1385.012426,1134.155334,NaN,NaN,NaN,NaN,NaN,NaN
1386.310889,1136.752259,NaN,NaN,NaN,NaN,NaN,NaN
1386.310889,1136.752259,NaN,NaN,NaN,NaN,NaN,NaN
1388.907814,1139.349184,NaN,NaN,NaN,NaN,NaN,NaN
1396.698589,1147.139959,NaN,NaN,NaN,NaN,NaN,NaN
1392.803201,1152.333809,NaN,NaN,NaN,NaN,NaN,NaN
1392.803201,1148.438421,NaN,NaN,NaN,NaN,NaN,NaN
1399.295514,1157.527659,NaN,NaN,NaN,NaN,NaN,NaN
1401.892439,1156.229196,NaN,NaN,NaN,NaN,NaN,NaN
1407.086289,1161.423046,NaN,NaN,NaN,NaN,NaN,NaN
1401.892439,1158.826121,NaN,NaN,NaN,NaN,NaN,NaN
1407.086289,1158.826121,NaN,NaN,NaN,NaN,NaN,NaN
1409.683214,1164.019971,NaN,NaN,NaN,NaN,NaN,NaN
1410.981676,1158.826121,NaN,NaN,NaN,NaN,NaN,NaN
1410.981676,1162.721509,NaN,NaN,NaN,NaN,NaN,NaN
1408.384751,1162.721509,NaN,NaN,NaN,NaN,NaN,NaN
1412.280139,1164.019971,NaN,NaN,NaN,NaN,NaN,NaN
1410.981676,1162.721509,NaN,NaN,NaN,NaN,NaN,NaN
1413.578601,1157.527659,NaN,NaN,NaN,NaN,NaN,NaN
1414.877064,1157.527659,NaN,NaN,NaN,NaN,NaN,NaN
1410.981676,1158.826121,NaN,NaN,NaN,NaN,NaN,NaN
1414.877064,1157.527659,NaN,NaN,NaN,NaN,NaN,NaN
1412.280139,1162.721509,NaN,NaN,NaN,NaN,NaN,NaN
1412.280139,1161.423046,NaN,NaN,NaN,NaN,NaN,NaN
1414.877064,1158.826121,NaN,NaN,NaN,NaN,NaN,NaN
1414.877064,1158.826121,NaN,NaN,NaN,NaN,NaN,NaN
1420.070914,1158.826121,NaN,NaN,NaN,NaN,NaN,NaN
1417.473989,1157.527659,NaN,NaN,NaN,NaN,NaN,NaN
1414.877064,1161.423046,NaN,NaN,NaN,NaN,NaN,NaN
1414.877064,1160.124584,NaN,NaN,NaN,NaN,NaN,NaN
1420.070914,1161.423046,NaN,NaN,NaN,NaN,NaN,NaN
1422.667839,1164.019971,NaN,NaN,NaN,NaN,NaN,NaN
1423.966302,1161.423046,NaN,NaN,NaN,NaN,NaN,NaN
1430.458614,1161.423046,NaN,NaN,NaN,NaN,NaN,NaN
1436.950927,1162.721509,NaN,NaN,NaN,NaN,NaN,NaN
1440.846314,1162.721509,NaN,NaN,NaN,NaN,NaN,NaN
1442.144777,1162.721509,NaN,NaN,NaN,NaN,NaN,NaN
1452.532477,1162.721509,NaN,NaN,NaN,NaN,NaN,NaN
1468.114027,1164.019971,NaN,NaN,NaN,NaN,NaN,NaN
1486.292502,1174.407672,NaN,NaN,NaN,NaN,NaN,NaN
1496.680202,1177.004597,NaN,NaN,NaN,NaN,NaN,NaN
1508.366365,1183.496909,NaN,NaN,NaN,NaN,NaN,NaN
1529.640000,1195.240000,NaN,NaN,NaN,NaN,NaN,NaN
1536.932540,1200.376922,NaN,NaN,NaN,NaN,NaN,NaN
1548.130000,1207.180000,NaN,NaN,NaN,NaN,NaN,NaN
1559.910000,1215.350000,NaN,NaN,NaN,NaN,NaN,NaN
1564.680000,1218.020000,NaN,NaN,NaN,NaN,NaN,NaN
1574.200000,1223.950000,NaN,NaN,NaN,NaN,NaN,NaN
1580.020000,1227.460000,NaN,NaN,NaN,NaN,NaN,NaN
1586.850000,1230.240000,NaN,NaN,NaN,NaN,NaN,NaN
1589.300000,1232.070000,NaN,NaN,NaN,NaN,NaN,NaN
1593.130000,1236.350000,NaN,NaN,NaN,NaN,NaN,NaN
1598.820000,1239.160000,NaN,NaN,NaN,NaN,NaN,NaN
1603.050000,1242.060000,NaN,NaN,NaN,NaN,NaN,NaN
1600.557203,1244.524647,NaN,NaN,NaN,NaN,NaN,NaN
1603.140000,1246.900000,NaN,NaN,NaN,NaN,NaN,NaN
1606.050000,1249.560000,NaN,NaN,NaN,NaN,NaN,NaN
1608.370000,1252.030000,NaN,NaN,NaN,NaN,NaN,NaN
1612.243366,1257.509272,NaN,NaN,NaN,NaN,NaN,NaN
1614.870000,1259.010000,NaN,NaN,NaN,NaN,NaN,NaN
1614.840291,1258.807735,NaN,NaN,NaN,NaN,NaN,NaN
1617.140000,1258.890000,NaN,NaN,NaN,NaN,NaN,NaN
1624.040000,1262.310000,NaN,NaN,NaN,NaN,NaN,NaN
1624.710000,1263.210000,NaN,NaN,NaN,NaN,NaN,NaN
1624.850000,1264.210000,NaN,NaN,NaN,NaN,NaN,NaN
1625.090000,1263.990000,NaN,NaN,NaN,NaN,NaN,NaN
1629.360000,1266.220000,NaN,NaN,NaN,NaN,NaN,NaN
1635.760000,1270.350000,NaN,NaN,NaN,NaN,NaN,NaN
1648.420000,1279.380000,NaN,NaN,NaN,NaN,NaN,NaN
1661.584942,1287.373910,NaN,NaN,NaN,NaN,NaN,NaN
1673.610000,1299.940000,NaN,NaN,NaN,NaN,NaN,NaN
1686.590000,1311.000000,NaN,NaN,NaN,NaN,NaN,NaN
1697.080000,1321.800000,NaN,NaN,NaN,NaN,NaN,NaN
1709.690000,1333.110000,NaN,NaN,NaN,NaN,NaN,NaN
1728.110000,1345.680000,NaN,NaN,NaN,NaN,NaN,NaN
1745.790000,1356.380000,NaN,NaN,NaN,NaN,NaN,NaN
1758.110000,1362.920000,NaN,NaN,NaN,NaN,NaN,NaN
1774.280000,1376.160000,NaN,NaN,NaN,NaN,NaN,NaN
1782.341955,1392.549374,NaN,NaN,NaN,NaN,NaN,NaN
1792.070000,1401.370000,NaN,NaN,NaN,NaN,NaN,NaN
1799.221968,1406.832462,NaN,NaN,NaN,NaN,NaN,NaN
1805.400000,1414.300000,NaN,NaN,NaN,NaN,NaN,NaN
1811.900000,1422.300000,NaN,NaN,NaN,NaN,NaN,NaN
1818.698906,1427.607862,NaN,NaN,NaN,NaN,NaN,NaN
1823.920000,1432.450000,NaN,NaN,NaN,NaN,NaN,NaN
1829.110000,1437.010000,NaN,NaN,NaN,NaN,NaN,NaN
1832.210000,1440.880000,NaN,NaN,NaN,NaN,NaN,NaN
1836.877381,1447.084799,NaN,NaN,NaN,NaN,NaN,NaN
1839.474306,1443.189412,NaN,NaN,NaN,NaN,NaN,NaN
1845.920000,1443.940000,NaN,NaN,NaN,NaN,NaN,NaN
1849.190000,1446.030000,NaN,NaN,NaN,NaN,NaN,NaN
1853.710000,1448.430000,NaN,NaN,NaN,NaN,NaN,NaN
1857.490000,1450.370000,NaN,NaN,NaN,NaN,NaN,NaN
1860.000000,1452.110000,NaN,NaN,NaN,NaN,NaN,NaN
1863.030000,1455.170000,NaN,NaN,NaN,NaN,NaN,NaN
1866.050000,1457.920000,NaN,NaN,NaN,NaN,NaN,NaN
1866.742019,1458.770962,NaN,NaN,NaN,NaN,NaN,NaN
1867.160000,1459.290000,NaN,NaN,NaN,NaN,NaN,NaN
1873.234331,1461.367887,NaN,NaN,NaN,NaN,NaN,NaN
1876.050000,1463.740000,NaN,NaN,NaN,NaN,NaN,NaN
1887.517419,1469.158662,NaN,NaN,NaN,NaN,NaN,NaN
1896.160000,1474.110000,NaN,NaN,NaN,NaN,NaN,NaN
1916.083594,1480.844825,NaN,NaN,NaN,NaN,NaN,NaN
1931.960000,1486.890000,NaN,NaN,NaN,NaN,NaN,NaN
1955.037470,1480.844825,NaN,NaN,NaN,NaN,NaN,NaN
1973.215945,1471.755587,NaN,NaN,NaN,NaN,NaN,NaN
1988.797495,1454.875575,1730.883125,1759.580829,NaN,NaN,NaN,NaN
2001.782120,1428.906324,1771.920953,1775.995960,NaN,NaN,NaN,NaN
2018.662133,1413.324774,1804.751215,1778.731816,NaN,NaN,NaN,NaN
2035.542146,1387.355524,1840.317332,1778.731816,NaN,NaN,NaN,NaN
NaN,NaN,1875.883450,1775.995960,NaN,NaN,NaN,NaN
NaN,NaN,1936.072263,1797.882802,NaN,NaN,NaN,NaN
NaN,NaN,1971.638381,1814.297933,NaN,NaN,NaN,NaN
NaN,NaN,1998.996932,1833.448919,NaN,NaN,NaN,NaN
NaN,NaN,2026.355484,1847.128195,NaN,NaN,NaN,NaN
NaN,NaN,NaN,NaN,NaN,NaN,NaN,NaN
NaN,NaN,NaN,NaN,NaN,NaN,NaN,NaN
NaN,NaN,NaN,NaN,NaN,NaN,NaN,NaN
NaN,NaN,NaN,NaN,NaN,NaN,NaN,NaN
NaN,NaN,NaN,NaN,NaN,NaN,NaN,NaN
NaN,NaN,NaN,NaN,NaN,NaN,NaN,NaN
NaN,NaN,NaN,NaN,NaN,NaN,NaN,NaN
NaN,NaN,NaN,NaN,NaN,NaN,NaN,NaN
NaN,NaN,NaN,NaN,NaN,NaN,NaN,NaN
NaN,NaN,NaN,NaN,NaN,NaN,NaN,NaN
NaN,NaN,NaN,NaN,NaN,NaN,NaN,NaN
NaN,NaN,NaN,NaN,NaN,NaN,NaN,NaN
NaN,NaN,NaN,NaN,NaN,NaN,NaN,NaN
NaN,NaN,NaN,NaN,NaN,NaN,NaN,NaN
NaN,NaN,NaN,NaN,NaN,NaN,NaN,NaN
NaN,NaN,NaN,NaN,1196.308888,1028.896079,NaN,NaN
NaN,NaN,NaN,NaN,1196.308888,1029.856818,NaN,NaN
NaN,NaN,NaN,NaN,1196.330000,1030.090000,NaN,NaN
NaN,NaN,NaN,NaN,1198.320000,1031.970000,NaN,NaN
NaN,NaN,NaN,NaN,1203.240000,1032.770000,NaN,NaN
NaN,NaN,NaN,NaN,1211.680716,1034.660515,NaN,NaN
NaN,NaN,NaN,NaN,1215.523673,1034.660515,NaN,NaN
NaN,NaN,NaN,NaN,1224.170327,1038.503472,NaN,NaN
NaN,NaN,NaN,NaN,1238.581416,1042.346429,NaN,NaN
NaN,NaN,NaN,NaN,1252.992505,1046.189386,NaN,NaN
NaN,NaN,NaN,NaN,1261.639158,1056.757518,NaN,NaN
NaN,NaN,NaN,NaN,1277.971726,1068.286389,NaN,NaN
NaN,NaN,NaN,NaN,1292.382815,1069.247128,NaN,NaN
NaN,NaN,NaN,NaN,1303.911686,1078.854521,NaN,NaN
NaN,NaN,NaN,NaN,1314.479818,1090.383392,NaN,NaN
NaN,NaN,NaN,NaN,1329.851646,1094.226349,NaN,NaN
NaN,NaN,NaN,NaN,1339.459039,1090.383392,NaN,NaN
NaN,NaN,NaN,NaN,1349.066431,1088.461913,NaN,NaN
NaN,NaN,NaN,NaN,1353.870127,1095.187088,NaN,NaN
NaN,NaN,NaN,NaN,1361.556042,1094.226349,NaN,NaN
NaN,NaN,NaN,NaN,1363.477520,1100.951524,NaN,NaN
NaN,NaN,NaN,NaN,1368.281216,1100.951524,NaN,NaN
NaN,NaN,NaN,NaN,1371.163434,1102.873002,NaN,NaN
NaN,NaN,NaN,NaN,1385.574523,1103.833742,NaN,NaN
NaN,NaN,NaN,NaN,1380.770827,1103.833742,NaN,NaN
NaN,NaN,NaN,NaN,1379.810088,1106.715960,NaN,NaN
NaN,NaN,NaN,NaN,1382.692305,1107.676699,NaN,NaN
NaN,NaN,NaN,NaN,1383.230000,1107.990000,NaN,NaN
NaN,NaN,NaN,NaN,1386.900000,1111.030000,NaN,NaN
NaN,NaN,NaN,NaN,1388.360000,1111.880000,NaN,NaN
NaN,NaN,NaN,NaN,1387.496002,1111.519656,NaN,NaN
NaN,NaN,NaN,NaN,1387.690000,1111.790000,NaN,NaN
NaN,NaN,NaN,NaN,1386.930000,1111.870000,NaN,NaN
NaN,NaN,NaN,NaN,1387.050000,1112.020000,NaN,NaN
NaN,NaN,NaN,NaN,1386.950000,1112.220000,NaN,NaN
NaN,NaN,NaN,NaN,1394.221177,1115.362613,NaN,NaN
NaN,NaN,NaN,NaN,1394.700000,1115.240000,NaN,NaN
NaN,NaN,NaN,NaN,1403.828569,1123.048527,NaN,NaN
NaN,NaN,NaN,NaN,1404.180000,1123.130000,NaN,NaN
NaN,NaN,NaN,NaN,1406.710787,1124.009266,NaN,NaN
NaN,NaN,NaN,NaN,1408.632266,1125.930745,NaN,NaN
NaN,NaN,NaN,NaN,1414.396701,1133.616659,NaN,NaN
NaN,NaN,NaN,NaN,1421.121876,1139.381095,NaN,NaN
NaN,NaN,NaN,NaN,1427.847051,1143.224052,NaN,NaN
NaN,NaN,NaN,NaN,1438.415183,1142.263312,NaN,NaN
NaN,NaN,NaN,NaN,1447.061836,1149.949226,NaN,NaN
NaN,NaN,NaN,NaN,1458.590707,1151.870705,NaN,NaN
NaN,NaN,NaN,NaN,1473.962536,1163.399576,NaN,NaN
NaN,NaN,NaN,NaN,1489.334364,1169.164012,NaN,NaN
NaN,NaN,NaN,NaN,1507.588410,1178.771404,NaN,NaN
NaN,NaN,NaN,NaN,1523.920977,1181.653622,NaN,NaN
NaN,NaN,NaN,NaN,1538.332066,1198.946929,NaN,NaN
NaN,NaN,NaN,NaN,1550.821677,1202.789886,NaN,NaN
NaN,NaN,NaN,NaN,1557.546852,1212.397279,NaN,NaN
NaN,NaN,NaN,NaN,1565.232766,1218.161714,NaN,NaN
NaN,NaN,NaN,NaN,1570.036462,1222.004671,NaN,NaN
NaN,NaN,NaN,NaN,1579.643855,1225.847628,NaN,NaN
NaN,NaN,NaN,NaN,1586.369030,1229.690585,NaN,NaN
NaN,NaN,NaN,NaN,1588.290508,1233.533543,NaN,NaN
NaN,NaN,NaN,NaN,1594.054944,1236.415760,NaN,NaN
NaN,NaN,NaN,NaN,1594.054944,1235.455021,NaN,NaN
NaN,NaN,NaN,NaN,1597.374375,1242.299467,NaN,NaN
NaN,NaN,NaN,NaN,1605.060289,1238.456510,NaN,NaN
NaN,NaN,NaN,NaN,1606.341275,1242.299467,NaN,NaN
NaN,NaN,NaN,NaN,1610.184232,1244.861439,NaN,NaN
NaN,NaN,NaN,NaN,1612.746203,1249.985381,NaN,NaN
NaN,NaN,NaN,NaN,1616.589160,1247.423410,NaN,NaN
NaN,NaN,NaN,NaN,1617.870146,1252.547353,NaN,NaN
NaN,NaN,NaN,NaN,1622.994089,1255.109324,NaN,NaN
NaN,NaN,NaN,NaN,1624.275074,1256.390310,NaN,NaN
NaN,NaN,NaN,NaN,1628.118031,1256.390310,NaN,NaN
NaN,NaN,NaN,NaN,1628.118031,1258.952281,NaN,NaN
NaN,NaN,NaN,NaN,1638.365917,1265.357210,NaN,NaN
NaN,NaN,NaN,NaN,1648.613802,1274.324109,NaN,NaN
NaN,NaN,NaN,NaN,1658.861688,1284.571995,NaN,NaN
NaN,NaN,NaN,NaN,NaN,NaN,NaN,NaN
NaN,NaN,NaN,NaN,NaN,NaN,1250.139217,1500.076500
NaN,NaN,NaN,NaN,NaN,NaN,1252.163491,1485.906584
NaN,NaN,NaN,NaN,NaN,NaN,1254.187764,1477.809489
NaN,NaN,NaN,NaN,NaN,NaN,1262.284859,1471.736668
NaN,NaN,NaN,NaN,NaN,NaN,1296.697512,1398.862816
NaN,NaN,NaN,NaN,NaN,NaN,1308.843154,1372.547258
NaN,NaN,NaN,NaN,NaN,NaN,1316.940248,1354.328795
NaN,NaN,NaN,NaN,NaN,NaN,1329.085890,1344.207427
NaN,NaN,NaN,NaN,NaN,NaN,1337.182985,1336.110332
NaN,NaN,NaN,NaN,NaN,NaN,1347.304354,1328.013237
NaN,NaN,NaN,NaN,NaN,NaN,1353.377175,1323.964690
NaN,NaN,NaN,NaN,NaN,NaN,1361.474269,1332.061785
NaN,NaN,NaN,NaN,NaN,NaN,1363.498543,1332.061785
NaN,NaN,NaN,NaN,NaN,NaN,1367.547090,1332.061785
NaN,NaN,NaN,NaN,NaN,NaN,1377.668459,1334.086058
NaN,NaN,NaN,NaN,NaN,NaN,1379.692732,1336.110332
NaN,NaN,NaN,NaN,NaN,NaN,1379.692732,1338.134606
NaN,NaN,NaN,NaN,NaN,NaN,1387.789827,1323.964690
NaN,NaN,NaN,NaN,NaN,NaN,1391.838374,1323.964690
NaN,NaN,NaN,NaN,NaN,NaN,1393.862648,1323.964690
NaN,NaN,NaN,NaN,NaN,NaN,1391.838374,1323.964690
NaN,NaN,NaN,NaN,NaN,NaN,1397.911195,1330.037511
NaN,NaN,NaN,NaN,NaN,NaN,1395.886922,1328.013237
NaN,NaN,NaN,NaN,NaN,NaN,1393.862648,1330.037511
NaN,NaN,NaN,NaN,NaN,NaN,1399.935469,1325.988964
NaN,NaN,NaN,NaN,NaN,NaN,1397.911195,1323.964690
NaN,NaN,NaN,NaN,NaN,NaN,1399.935469,1328.013237
NaN,NaN,NaN,NaN,NaN,NaN,1397.911195,1330.037511
NaN,NaN,NaN,NaN,NaN,NaN,1403.984017,1334.086058
NaN,NaN,NaN,NaN,NaN,NaN,1397.911195,1332.061785
NaN,NaN,NaN,NaN,NaN,NaN,1410.056838,1325.988964
NaN,NaN,NaN,NaN,NaN,NaN,1399.935469,1334.086058
NaN,NaN,NaN,NaN,NaN,NaN,1397.911195,1330.037511
NaN,NaN,NaN,NaN,NaN,NaN,1406.008290,1332.061785
NaN,NaN,NaN,NaN,NaN,NaN,1406.008290,1325.988964
NaN,NaN,NaN,NaN,NaN,NaN,1410.056838,1317.891869
NaN,NaN,NaN,NaN,NaN,NaN,1403.984017,1313.843321
NaN,NaN,NaN,NaN,NaN,NaN,1399.935469,1325.988964
NaN,NaN,NaN,NaN,NaN,NaN,1422.202480,1259.187932
NaN,NaN,NaN,NaN,NaN,NaN,1420.178206,1216.678185
NaN,NaN,NaN,NaN,NaN,NaN,1426.251027,1200.483995
NaN,NaN,NaN,NaN,NaN,NaN,1442.445216,1200.483995
NaN,NaN,NaN,NaN,NaN,NaN,1440.420943,1204.532543
NaN,NaN,NaN,NaN,NaN,NaN,1448.518037,1198.459722
NaN,NaN,NaN,NaN,NaN,NaN,1444.469490,1196.435448
NaN,NaN,NaN,NaN,NaN,NaN,1468.760774,1188.338353
NaN,NaN,NaN,NaN,NaN,NaN,1474.833595,1188.338353
NaN,NaN,NaN,NaN,NaN,NaN,1478.882143,1190.362627
NaN,NaN,NaN,NaN,NaN,NaN,1489.003511,1196.435448
NaN,NaN,NaN,NaN,NaN,NaN,1491.027785,1198.459722
NaN,NaN,NaN,NaN,NaN,NaN,1497.100606,1196.435448
NaN,NaN,NaN,NaN,NaN,NaN,1499.124879,1196.435448
NaN,NaN,NaN,NaN,NaN,NaN,1509.246248,1198.459722
NaN,NaN,NaN,NaN,NaN,NaN,1507.221974,1200.483995
NaN,NaN,NaN,NaN,NaN,NaN,1521.391890,1198.459722
NaN,NaN,NaN,NaN,NaN,NaN,1523.416164,1206.556817
NaN,NaN,NaN,NaN,NaN,NaN,1539.610353,1208.581090
NaN,NaN,NaN,NaN,NaN,NaN,1533.537532,1214.653911
NaN,NaN,NaN,NaN,NaN,NaN,1535.561806,1214.653911
NaN,NaN,NaN,NaN,NaN,NaN,1533.537532,1214.653911
NaN,NaN,NaN,NaN,NaN,NaN,1537.586079,1216.678185
NaN,NaN,NaN,NaN,NaN,NaN,1549.731721,1228.823827
NaN,NaN,NaN,NaN,NaN,NaN,1563.901637,1230.848101
NaN,NaN,NaN,NaN,NaN,NaN,1559.853090,1224.775280
NaN,NaN,NaN,NaN,NaN,NaN,1557.828816,1228.823827
NaN,NaN,NaN,NaN,NaN,NaN,1557.828816,1224.775280
NaN,NaN,NaN,NaN,NaN,NaN,1555.804542,1224.775280
NaN,NaN,NaN,NaN,NaN,NaN,1569.974458,1238.945195
NaN,NaN,NaN,NaN,NaN,NaN,1590.217195,1251.090837
NaN,NaN,NaN,NaN,NaN,NaN,1600.338563,1261.212206
NaN,NaN,NaN,NaN,NaN,NaN,1618.557026,1273.357848
NaN,NaN,NaN,NaN,NaN,NaN,1638.799763,1287.527764
NaN,NaN,NaN,NaN,NaN,NaN,1652.969679,1297.649132
NaN,NaN,NaN,NaN,NaN,NaN,1661.066774,1313.843321
NaN,NaN,NaN,NaN,NaN,NaN,1669.163868,1319.916142
NaN,NaN,NaN,NaN,NaN,NaN,1669.163868,1334.086058
NaN,NaN,NaN,NaN,NaN,NaN,1673.212416,1340.158879
NaN,NaN,NaN,NaN,NaN,NaN,1695.479426,1346.231700
NaN,NaN,NaN,NaN,NaN,NaN,1709.649342,1354.328795
NaN,NaN,NaN,NaN,NaN,NaN,1719.770710,1362.425890
NaN,NaN,NaN,NaN,NaN,NaN,1740.013447,1364.450163
NaN,NaN,NaN,NaN,NaN,NaN,1748.110542,1372.547258
NaN,NaN,NaN,NaN,NaN,NaN,1762.280458,1384.692900
NaN,NaN,NaN,NaN,NaN,NaN,1770.377552,1392.789995
NaN,NaN,NaN,NaN,NaN,NaN,1786.571742,1402.911363
NaN,NaN,NaN,NaN,NaN,NaN,1794.668836,1406.959911
NaN,NaN,NaN,NaN,NaN,NaN,1798.717384,1423.154100
NaN,NaN,NaN,NaN,NaN,NaN,1810.863026,1437.324016
NaN,NaN,NaN,NaN,NaN,NaN,1818.960121,1441.372563
NaN,NaN,NaN,NaN,NaN,NaN,1820.984394,1441.372563
NaN,NaN,NaN,NaN,NaN,NaN,1827.057215,1457.566753
NaN,NaN,NaN,NaN,NaN,NaN,1835.154310,1467.688121
NaN,NaN,NaN,NaN,NaN,NaN,1841.227131,1463.639574
NaN,NaN,NaN,NaN,NaN,NaN,1847.299952,1467.688121
NaN,NaN,NaN,NaN,NaN,NaN,1843.251405,1473.760942
NaN,NaN,NaN,NaN,NaN,NaN,1851.348499,1483.882310
NaN,NaN,NaN,NaN,NaN,NaN,1857.421320,1477.809489
NaN,NaN,NaN,NaN,NaN,NaN,1869.566962,1479.833763
NaN,NaN,NaN,NaN,NaN,NaN,1881.712605,1473.760942
NaN,NaN,NaN,NaN,NaN,NaN,1869.566962,1483.882310
NaN,NaN,NaN,NaN,NaN,NaN,1873.615510,1483.882310
NaN,NaN,NaN,NaN,NaN,NaN,1873.615510,1491.979405
NaN,NaN,NaN,NaN,NaN,NaN,1903.979615,1496.027953
NaN,NaN,NaN,NaN,NaN,NaN,1914.100983,1498.052226
NaN,NaN,NaN,NaN,NaN,NaN,1944.465089,1487.930858
NaN,NaN,NaN,NaN,NaN,NaN,1964.707825,1479.833763
NaN,NaN,NaN,NaN,NaN,NaN,1991.023383,1461.615300
NaN,NaN,NaN,NaN,NaN,NaN,1997.096204,1449.469658
NaN,NaN,NaN,NaN,NaN,NaN,2007.217573,1439.348290
NaN,NaN,NaN,NaN,NaN,NaN,2018.830000,1425.040000
NaN,NaN,NaN,NaN,NaN,NaN,NaN,NaN
NaN,NaN,NaN,NaN,NaN,NaN,NaN,NaN
NaN,NaN,NaN,NaN,NaN,NaN,NaN,NaN
NaN,NaN,NaN,NaN,NaN,NaN,NaN,NaN
NaN,NaN,NaN,NaN,NaN,NaN,NaN,NaN
NaN,NaN,NaN,NaN,NaN,NaN,NaN,NaN
NaN,NaN,NaN,NaN,NaN,NaN,NaN,NaN
NaN,NaN,NaN,NaN,NaN,NaN,NaN,NaN
NaN,NaN,NaN,NaN,NaN,NaN,NaN,NaN
NaN,NaN,NaN,NaN,NaN,NaN,NaN,NaN
NaN,NaN,NaN,NaN,NaN,NaN,NaN,NaN
NaN,NaN,NaN,NaN,NaN,NaN,NaN,NaN
NaN,NaN,NaN,NaN,NaN,NaN,NaN,NaN
NaN,NaN,NaN,NaN,NaN,NaN,NaN,NaN
NaN,NaN,NaN,NaN,NaN,NaN,NaN,NaN
NaN,NaN,NaN,NaN,NaN,NaN,NaN,NaN
NaN,NaN,NaN,NaN,NaN,NaN,NaN,NaN
NaN,NaN,NaN,NaN,NaN,NaN,NaN,NaN
NaN,NaN,NaN,NaN,NaN,NaN,NaN,NaN
NaN,NaN,NaN,NaN,NaN,NaN,NaN,NaN
NaN,NaN,NaN,NaN,NaN,NaN,NaN,NaN
NaN,NaN,NaN,NaN,NaN,NaN,NaN,NaN
NaN,NaN,NaN,NaN,NaN,NaN,NaN,NaN
NaN,NaN,NaN,NaN,NaN,NaN,NaN,NaN
NaN,NaN,NaN,NaN,NaN,NaN,NaN,NaN
NaN,NaN,NaN,NaN,NaN,NaN,NaN,NaN
NaN,NaN,NaN,NaN,NaN,NaN,NaN,NaN
NaN,NaN,NaN,NaN,NaN,NaN,NaN,NaN
NaN,NaN,NaN,NaN,NaN,NaN,NaN,NaN
NaN,NaN,NaN,NaN,NaN,NaN,NaN,NaN
NaN,NaN,NaN,NaN,NaN,NaN,NaN,NaN
NaN,NaN,NaN,NaN,NaN,NaN,NaN,NaN
NaN,NaN,NaN,NaN,NaN,NaN,NaN,NaN
NaN,NaN,NaN,NaN,NaN,NaN,NaN,NaN
NaN,NaN,NaN,NaN,NaN,NaN,NaN,NaN
NaN,NaN,NaN,NaN,NaN,NaN,NaN,NaN
NaN,NaN,NaN,NaN,NaN,NaN,NaN,NaN
NaN,NaN,NaN,NaN,NaN,NaN,NaN,NaN
NaN,NaN,NaN,NaN,NaN,NaN,NaN,NaN
NaN,NaN,NaN,NaN,NaN,NaN,NaN,NaN
NaN,NaN,NaN,NaN,NaN,NaN,NaN,NaN
NaN,NaN,NaN,NaN,NaN,NaN,NaN,NaN
NaN,NaN,NaN,NaN,NaN,NaN,NaN,NaN
NaN,NaN,NaN,NaN,NaN,NaN,NaN,NaN
NaN,NaN,NaN,NaN,NaN,NaN,NaN,NaN
NaN,NaN,NaN,NaN,NaN,NaN,NaN,NaN
NaN,NaN,NaN,NaN,NaN,NaN,NaN,NaN
NaN,NaN,NaN,NaN,NaN,NaN,NaN,NaN
NaN,NaN,NaN,NaN,NaN,NaN,NaN,NaN
NaN,NaN,NaN,NaN,NaN,NaN,NaN,NaN
NaN,NaN,NaN,NaN,NaN,NaN,NaN,NaN
NaN,NaN,NaN,NaN,NaN,NaN,NaN,NaN
NaN,NaN,NaN,NaN,NaN,NaN,NaN,NaN
NaN,NaN,NaN,NaN,NaN,NaN,NaN,NaN
NaN,NaN,NaN,NaN,NaN,NaN,NaN,NaN
NaN,NaN,NaN,NaN,NaN,NaN,NaN,NaN
NaN,NaN,NaN,NaN,NaN,NaN,NaN,NaN
NaN,NaN,NaN,NaN,NaN,NaN,NaN,NaN
NaN,NaN,NaN,NaN,NaN,NaN,NaN,NaN
NaN,NaN,NaN,NaN,NaN,NaN,NaN,NaN
NaN,NaN,NaN,NaN,NaN,NaN,NaN,NaN
NaN,NaN,NaN,NaN,NaN,NaN,NaN,NaN
NaN,NaN,NaN,NaN,NaN,NaN,NaN,NaN
NaN,NaN,NaN,NaN,NaN,NaN,NaN,NaN
NaN,NaN,NaN,NaN,NaN,NaN,NaN,NaN
NaN,NaN,NaN,NaN,NaN,NaN,NaN,NaN
NaN,NaN,NaN,NaN,NaN,NaN,NaN,NaN
NaN,NaN,NaN,NaN,NaN,NaN,NaN,NaN
NaN,NaN,NaN,NaN,NaN,NaN,NaN,NaN
NaN,NaN,NaN,NaN,NaN,NaN,NaN,NaN
NaN,NaN,NaN,NaN,NaN,NaN,NaN,NaN
NaN,NaN,NaN,NaN,NaN,NaN,NaN,NaN
NaN,NaN,NaN,NaN,NaN,NaN,NaN,NaN
NaN,NaN,NaN,NaN,NaN,NaN,NaN,NaN
NaN,NaN,NaN,NaN,NaN,NaN,NaN,NaN
NaN,NaN,NaN,NaN,NaN,NaN,NaN,NaN
NaN,NaN,NaN,NaN,NaN,NaN,NaN,NaN
NaN,NaN,NaN,NaN,NaN,NaN,NaN,NaN
NaN,NaN,NaN,NaN,NaN,NaN,NaN,NaN
NaN,NaN,NaN,NaN,NaN,NaN,NaN,NaN
NaN,NaN,NaN,NaN,NaN,NaN,NaN,NaN
NaN,NaN,NaN,NaN,NaN,NaN,NaN,NaN
NaN,NaN,NaN,NaN,NaN,NaN,NaN,NaN
NaN,NaN,NaN,NaN,NaN,NaN,NaN,NaN
NaN,NaN,NaN,NaN,NaN,NaN,NaN,NaN
NaN,NaN,NaN,NaN,NaN,NaN,NaN,NaN
NaN,NaN,NaN,NaN,NaN,NaN,NaN,NaN
NaN,NaN,NaN,NaN,NaN,NaN,NaN,NaN
NaN,NaN,NaN,NaN,NaN,NaN,NaN,NaN
NaN,NaN,NaN,NaN,NaN,NaN,NaN,NaN
NaN,NaN,NaN,NaN,NaN,NaN,NaN,NaN
NaN,NaN,NaN,NaN,NaN,NaN,NaN,NaN
NaN,NaN,NaN,NaN,NaN,NaN,NaN,NaN
NaN,NaN,NaN,NaN,NaN,NaN,NaN,NaN
NaN,NaN,NaN,NaN,NaN,NaN,NaN,NaN
NaN,NaN,NaN,NaN,NaN,NaN,NaN,NaN
NaN,NaN,NaN,NaN,NaN,NaN,NaN,NaN
NaN,NaN,NaN,NaN,NaN,NaN,NaN,NaN
NaN,NaN,NaN,NaN,NaN,NaN,NaN,NaN
NaN,NaN,NaN,NaN,NaN,NaN,NaN,NaN
NaN,NaN,NaN,NaN,NaN,NaN,NaN,NaN
NaN,NaN,NaN,NaN,NaN,NaN,NaN,NaN
NaN,NaN,NaN,NaN,NaN,NaN,NaN,NaN
NaN,NaN,NaN,NaN,NaN,NaN,NaN,NaN
NaN,NaN,NaN,NaN,NaN,NaN,NaN,NaN
NaN,NaN,NaN,NaN,NaN,NaN,NaN,NaN
NaN,NaN,NaN,NaN,NaN,NaN,NaN,NaN
NaN,NaN,NaN,NaN,NaN,NaN,NaN,NaN
NaN,NaN,NaN,NaN,NaN,NaN,NaN,NaN
NaN,NaN,NaN,NaN,NaN,NaN,NaN,NaN
NaN,NaN,NaN,NaN,NaN,NaN,NaN,NaN
NaN,NaN,NaN,NaN,NaN,NaN,NaN,NaN
NaN,NaN,NaN,NaN,NaN,NaN,NaN,NaN
NaN,NaN,NaN,NaN,NaN,NaN,NaN,NaN
NaN,NaN,NaN,NaN,NaN,NaN,NaN,NaN
NaN,NaN,NaN,NaN,NaN,NaN,NaN,NaN
NaN,NaN,NaN,NaN,NaN,NaN,NaN,NaN
NaN,NaN,NaN,NaN,NaN,NaN,NaN,NaN
NaN,NaN,NaN,NaN,NaN,NaN,NaN,NaN
NaN,NaN,NaN,NaN,NaN,NaN,NaN,NaN
NaN,NaN,NaN,NaN,NaN,NaN,NaN,NaN
NaN,NaN,NaN,NaN,NaN,NaN,NaN,NaN
NaN,NaN,NaN,NaN,NaN,NaN,NaN,NaN
NaN,NaN,NaN,NaN,NaN,NaN,NaN,NaN
NaN,NaN,NaN,NaN,NaN,NaN,NaN,NaN
NaN,NaN,NaN,NaN,NaN,NaN,NaN,NaN
NaN,NaN,NaN,NaN,NaN,NaN,NaN,NaN
NaN,NaN,NaN,NaN,NaN,NaN,NaN,NaN
NaN,NaN,NaN,NaN,NaN,NaN,NaN,NaN
NaN,NaN,NaN,NaN,NaN,NaN,NaN,NaN
NaN,NaN,NaN,NaN,NaN,NaN,NaN,NaN
NaN,NaN,NaN,NaN,NaN,NaN,NaN,NaN
NaN,NaN,NaN,NaN,NaN,NaN,NaN,NaN
NaN,NaN,NaN,NaN,NaN,NaN,NaN,NaN
NaN,NaN,NaN,NaN,NaN,NaN,NaN,NaN
NaN,NaN,NaN,NaN,NaN,NaN,NaN,NaN
NaN,NaN,NaN,NaN,NaN,NaN,NaN,NaN
NaN,NaN,NaN,NaN,NaN,NaN,NaN,NaN
NaN,NaN,NaN,NaN,NaN,NaN,NaN,NaN
NaN,NaN,NaN,NaN,NaN,NaN,NaN,NaN
NaN,NaN,NaN,NaN,NaN,NaN,NaN,NaN
NaN,NaN,NaN,NaN,NaN,NaN,NaN,NaN
NaN,NaN,NaN,NaN,NaN,NaN,NaN,NaN
NaN,NaN,NaN,NaN,NaN,NaN,NaN,NaN
NaN,NaN,NaN,NaN,NaN,NaN,NaN,NaN
NaN,NaN,NaN,NaN,NaN,NaN,NaN,NaN
NaN,NaN,NaN,NaN,NaN,NaN,NaN,NaN
NaN,NaN,NaN,NaN,NaN,NaN,NaN,NaN
NaN,NaN,NaN,NaN,NaN,NaN,NaN,NaN
NaN,NaN,NaN,NaN,NaN,NaN,NaN,NaN
NaN,NaN,NaN,NaN,NaN,NaN,NaN,NaN
NaN,NaN,NaN,NaN,NaN,NaN,NaN,NaN
NaN,NaN,NaN,NaN,NaN,NaN,NaN,NaN
NaN,NaN,NaN,NaN,NaN,NaN,NaN,NaN
NaN,NaN,NaN,NaN,NaN,NaN,NaN,NaN
NaN,NaN,NaN,NaN,NaN,NaN,NaN,NaN
NaN,NaN,NaN,NaN,NaN,NaN,NaN,NaN
NaN,NaN,NaN,NaN,NaN,NaN,NaN,NaN
NaN,NaN,NaN,NaN,NaN,NaN,NaN,NaN
NaN,NaN,NaN,NaN,NaN,NaN,NaN,NaN
NaN,NaN,NaN,NaN,NaN,NaN,NaN,NaN
NaN,NaN,NaN,NaN,NaN,NaN,NaN,NaN
NaN,NaN,NaN,NaN,NaN,NaN,NaN,NaN
NaN,NaN,NaN,NaN,NaN,NaN,NaN,NaN
NaN,NaN,NaN,NaN,NaN,NaN,NaN,NaN
NaN,NaN,NaN,NaN,NaN,NaN,NaN,NaN
NaN,NaN,NaN,NaN,NaN,NaN,NaN,NaN
NaN,NaN,NaN,NaN,NaN,NaN,NaN,NaN
NaN,NaN,NaN,NaN,NaN,NaN,NaN,NaN
NaN,NaN,NaN,NaN,NaN,NaN,NaN,NaN
NaN,NaN,NaN,NaN,NaN,NaN,NaN,NaN
NaN,NaN,NaN,NaN,NaN,NaN,NaN,NaN
NaN,NaN,NaN,NaN,NaN,NaN,NaN,NaN
NaN,NaN,NaN,NaN,NaN,NaN,NaN,NaN
NaN,NaN,NaN,NaN,NaN,NaN,NaN,NaN
NaN,NaN,NaN,NaN,NaN,NaN,NaN,NaN
NaN,NaN,NaN,NaN,NaN,NaN,NaN,NaN
NaN,NaN,NaN,NaN,NaN,NaN,NaN,NaN
NaN,NaN,NaN,NaN,NaN,NaN,NaN,NaN
NaN,NaN,NaN,NaN,NaN,NaN,NaN,NaN
NaN,NaN,NaN,NaN,NaN,NaN,NaN,NaN
NaN,NaN,NaN,NaN,NaN,NaN,NaN,NaN
NaN,NaN,NaN,NaN,NaN,NaN,NaN,NaN
NaN,NaN,NaN,NaN,NaN,NaN,NaN,NaN
NaN,NaN,NaN,NaN,NaN,NaN,NaN,NaN
NaN,NaN,NaN,NaN,NaN,NaN,NaN,NaN
NaN,NaN,NaN,NaN,NaN,NaN,NaN,NaN
NaN,NaN,NaN,NaN,NaN,NaN,NaN,NaN
NaN,NaN,NaN,NaN,NaN,NaN,NaN,NaN
NaN,NaN,NaN,NaN,NaN,NaN,NaN,NaN
NaN,NaN,NaN,NaN,NaN,NaN,NaN,NaN
NaN,NaN,NaN,NaN,NaN,NaN,NaN,NaN
NaN,NaN,NaN,NaN,NaN,NaN,NaN,NaN
NaN,NaN,NaN,NaN,NaN,NaN,NaN,NaN
NaN,NaN,NaN,NaN,NaN,NaN,NaN,NaN
NaN,NaN,NaN,NaN,NaN,NaN,NaN,NaN
NaN,NaN,NaN,NaN,NaN,NaN,NaN,NaN
NaN,NaN,NaN,NaN,NaN,NaN,NaN,NaN
NaN,NaN,NaN,NaN,NaN,NaN,NaN,NaN
NaN,NaN,NaN,NaN,NaN,NaN,NaN,NaN
NaN,NaN,NaN,NaN,NaN,NaN,NaN,NaN
NaN,NaN,NaN,NaN,NaN,NaN,NaN,NaN
NaN,NaN,NaN,NaN,NaN,NaN,NaN,NaN
NaN,NaN,NaN,NaN,NaN,NaN,NaN,NaN
NaN,NaN,NaN,NaN,NaN,NaN,NaN,NaN
NaN,NaN,NaN,NaN,NaN,NaN,NaN,NaN
NaN,NaN,NaN,NaN,NaN,NaN,NaN,NaN
NaN,NaN,NaN,NaN,NaN,NaN,NaN,NaN
NaN,NaN,NaN,NaN,NaN,NaN,NaN,NaN
NaN,NaN,NaN,NaN,NaN,NaN,NaN,NaN
NaN,NaN,NaN,NaN,NaN,NaN,NaN,NaN
NaN,NaN,NaN,NaN,NaN,NaN,NaN,NaN
NaN,NaN,NaN,NaN,NaN,NaN,NaN,NaN
NaN,NaN,NaN,NaN,NaN,NaN,NaN,NaN
NaN,NaN,NaN,NaN,NaN,NaN,NaN,NaN
NaN,NaN,NaN,NaN,NaN,NaN,NaN,NaN
NaN,NaN,NaN,NaN,NaN,NaN,NaN,NaN
NaN,NaN,NaN,NaN,NaN,NaN,NaN,NaN
NaN,NaN,NaN,NaN,NaN,NaN,NaN,NaN
NaN,NaN,NaN,NaN,NaN,NaN,NaN,NaN
NaN,NaN,NaN,NaN,NaN,NaN,NaN,NaN
NaN,NaN,NaN,NaN,NaN,NaN,NaN,NaN
NaN,NaN,NaN,NaN,NaN,NaN,NaN,NaN
NaN,NaN,NaN,NaN,NaN,NaN,NaN,NaN
NaN,NaN,NaN,NaN,NaN,NaN,NaN,NaN
NaN,NaN,NaN,NaN,NaN,NaN,NaN,NaN
NaN,NaN,NaN,NaN,NaN,NaN,NaN,NaN
NaN,NaN,NaN,NaN,NaN,NaN,NaN,NaN
NaN,NaN,NaN,NaN,NaN,NaN,NaN,NaN
NaN,NaN,NaN,NaN,NaN,NaN,NaN,NaN
NaN,NaN,NaN,NaN,NaN,NaN,NaN,NaN
NaN,NaN,NaN,NaN,NaN,NaN,NaN,NaN
NaN,NaN,NaN,NaN,NaN,NaN,NaN,NaN
NaN,NaN,NaN,NaN,NaN,NaN,NaN,NaN
NaN,NaN,NaN,NaN,NaN,NaN,NaN,NaN
NaN,NaN,NaN,NaN,NaN,NaN,NaN,NaN
NaN,NaN,NaN,NaN,NaN,NaN,NaN,NaN
NaN,NaN,NaN,NaN,NaN,NaN,NaN,NaN
NaN,NaN,NaN,NaN,NaN,NaN,NaN,NaN
NaN,NaN,NaN,NaN,NaN,NaN,NaN,NaN
NaN,NaN,NaN,NaN,NaN,NaN,NaN,NaN
NaN,NaN,NaN,NaN,NaN,NaN,NaN,NaN
NaN,NaN,NaN,NaN,NaN,NaN,NaN,NaN
NaN,NaN,NaN,NaN,NaN,NaN,NaN,NaN
NaN,NaN,NaN,NaN,NaN,NaN,NaN,NaN
NaN,NaN,NaN,NaN,NaN,NaN,NaN,NaN
NaN,NaN,NaN,NaN,NaN,NaN,NaN,NaN
NaN,NaN,NaN,NaN,NaN,NaN,NaN,NaN
NaN,NaN,NaN,NaN,NaN,NaN,NaN,NaN
NaN,NaN,NaN,NaN,NaN,NaN,NaN,NaN
NaN,NaN,NaN,NaN,NaN,NaN,NaN,NaN
NaN,NaN,NaN,NaN,NaN,NaN,NaN,NaN
NaN,NaN,NaN,NaN,NaN,NaN,NaN,NaN
NaN,NaN,NaN,NaN,NaN,NaN,NaN,NaN
NaN,NaN,NaN,NaN,NaN,NaN,NaN,NaN
NaN,NaN,NaN,NaN,NaN,NaN,NaN,NaN
NaN,NaN,NaN,NaN,NaN,NaN,NaN,NaN
NaN,NaN,NaN,NaN,NaN,NaN,NaN,NaN
NaN,NaN,NaN,NaN,NaN,NaN,NaN,NaN
NaN,NaN,NaN,NaN,NaN,NaN,NaN,NaN
NaN,NaN,NaN,NaN,NaN,NaN,NaN,NaN
NaN,NaN,NaN,NaN,NaN,NaN,NaN,NaN
NaN,NaN,NaN,NaN,NaN,NaN,NaN,NaN
NaN,NaN,NaN,NaN,NaN,NaN,NaN,NaN
NaN,NaN,NaN,NaN,NaN,NaN,NaN,NaN
NaN,NaN,NaN,NaN,NaN,NaN,NaN,NaN
NaN,NaN,NaN,NaN,NaN,NaN,NaN,NaN
NaN,NaN,NaN,NaN,NaN,NaN,NaN,NaN
NaN,NaN,NaN,NaN,NaN,NaN,NaN,NaN
NaN,NaN,NaN,NaN,NaN,NaN,NaN,NaN
NaN,NaN,NaN,NaN,NaN,NaN,NaN,NaN
NaN,NaN,NaN,NaN,NaN,NaN,NaN,NaN
NaN,NaN,NaN,NaN,NaN,NaN,NaN,NaN
NaN,NaN,NaN,NaN,NaN,NaN,NaN,NaN
NaN,NaN,NaN,NaN,NaN,NaN,NaN,NaN
NaN,NaN,NaN,NaN,NaN,NaN,NaN,NaN
NaN,NaN,NaN,NaN,NaN,NaN,NaN,NaN
NaN,NaN,NaN,NaN,NaN,NaN,NaN,NaN
NaN,NaN,NaN,NaN,NaN,NaN,NaN,NaN
NaN,NaN,NaN,NaN,NaN,NaN,NaN,NaN
NaN,NaN,NaN,NaN,NaN,NaN,NaN,NaN
NaN,NaN,NaN,NaN,NaN,NaN,NaN,NaN
NaN,NaN,NaN,NaN,NaN,NaN,NaN,NaN
NaN,NaN,NaN,NaN,NaN,NaN,NaN,NaN
NaN,NaN,NaN,NaN,NaN,NaN,NaN,NaN
NaN,NaN,NaN,NaN,NaN,NaN,NaN,NaN
NaN,NaN,NaN,NaN,NaN,NaN,NaN,NaN
NaN,NaN,NaN,NaN,NaN,NaN,NaN,NaN
NaN,NaN,NaN,NaN,NaN,NaN,NaN,NaN
NaN,NaN,NaN,NaN,NaN,NaN,NaN,NaN
NaN,NaN,NaN,NaN,NaN,NaN,NaN,NaN
NaN,NaN,NaN,NaN,NaN,NaN,NaN,NaN
NaN,NaN,NaN,NaN,NaN,NaN,NaN,NaN
NaN,NaN,NaN,NaN,NaN,NaN,NaN,NaN
NaN,NaN,NaN,NaN,NaN,NaN,NaN,NaN
NaN,NaN,NaN,NaN,NaN,NaN,NaN,NaN
NaN,NaN,NaN,NaN,NaN,NaN,NaN,NaN
NaN,NaN,NaN,NaN,NaN,NaN,NaN,NaN
NaN,NaN,NaN,NaN,NaN,NaN,NaN,NaN
NaN,NaN,NaN,NaN,NaN,NaN,NaN,NaN
NaN,NaN,NaN,NaN,NaN,NaN,NaN,NaN
NaN,NaN,NaN,NaN,NaN,NaN,NaN,NaN
NaN,NaN,NaN,NaN,NaN,NaN,NaN,NaN
NaN,NaN,NaN,NaN,NaN,NaN,NaN,NaN
NaN,NaN,NaN,NaN,NaN,NaN,NaN,NaN
NaN,NaN,NaN,NaN,NaN,NaN,NaN,NaN
NaN,NaN,NaN,NaN,NaN,NaN,NaN,NaN
NaN,NaN,NaN,NaN,NaN,NaN,NaN,NaN
NaN,NaN,NaN,NaN,NaN,NaN,NaN,NaN
NaN,NaN,NaN,NaN,NaN,NaN,NaN,NaN
NaN,NaN,NaN,NaN,NaN,NaN,NaN,NaN
NaN,NaN,NaN,NaN,NaN,NaN,NaN,NaN
NaN,NaN,NaN,NaN,NaN,NaN,NaN,NaN
NaN,NaN,NaN,NaN,NaN,NaN,NaN,NaN
NaN,NaN,NaN,NaN,NaN,NaN,NaN,NaN
NaN,NaN,NaN,NaN,NaN,NaN,NaN,NaN
NaN,NaN,NaN,NaN,NaN,NaN,NaN,NaN
NaN,NaN,NaN,NaN,NaN,NaN,NaN,NaN
NaN,NaN,NaN,NaN,NaN,NaN,NaN,NaN
NaN,NaN,NaN,NaN,NaN,NaN,NaN,NaN
NaN,NaN,NaN,NaN,NaN,NaN,NaN,NaN
NaN,NaN,NaN,NaN,NaN,NaN,NaN,NaN
NaN,NaN,NaN,NaN,NaN,NaN,NaN,NaN
NaN,NaN,NaN,NaN,NaN,NaN,NaN,NaN
NaN,NaN,NaN,NaN,NaN,NaN,NaN,NaN
NaN,NaN,NaN,NaN,NaN,NaN,NaN,NaN
NaN,NaN,NaN,NaN,NaN,NaN,NaN,NaN
NaN,NaN,NaN,NaN,NaN,NaN,NaN,NaN
NaN,NaN,NaN,NaN,NaN,NaN,NaN,NaN
NaN,NaN,NaN,NaN,NaN,NaN,NaN,NaN
NaN,NaN,NaN,NaN,NaN,NaN,NaN,NaN
NaN,NaN,NaN,NaN,NaN,NaN,NaN,NaN
NaN,NaN,NaN,NaN,NaN,NaN,NaN,NaN
NaN,NaN,NaN,NaN,NaN,NaN,NaN,NaN
NaN,NaN,NaN,NaN,NaN,NaN,NaN,NaN
NaN,NaN,NaN,NaN,NaN,NaN,NaN,NaN
NaN,NaN,NaN,NaN,NaN,NaN,NaN,NaN
NaN,NaN,NaN,NaN,NaN,NaN,NaN,NaN
NaN,NaN,NaN,NaN,NaN,NaN,NaN,NaN
NaN,NaN,NaN,NaN,NaN,NaN,NaN,NaN
NaN,NaN,NaN,NaN,NaN,NaN,NaN,NaN
NaN,NaN,NaN,NaN,NaN,NaN,NaN,NaN
NaN,NaN,NaN,NaN,NaN,NaN,NaN,NaN
NaN,NaN,NaN,NaN,NaN,NaN,NaN,NaN
NaN,NaN,NaN,NaN,NaN,NaN,NaN,NaN
NaN,NaN,NaN,NaN,NaN,NaN,NaN,NaN
NaN,NaN,NaN,NaN,NaN,NaN,NaN,NaN
NaN,NaN,NaN,NaN,NaN,NaN,NaN,NaN
NaN,NaN,NaN,NaN,NaN,NaN,NaN,NaN
NaN,NaN,NaN,NaN,NaN,NaN,NaN,NaN
NaN,NaN,NaN,NaN,NaN,NaN,NaN,NaN
NaN,NaN,NaN,NaN,NaN,NaN,NaN,NaN
NaN,NaN,NaN,NaN,NaN,NaN,NaN,NaN
NaN,NaN,NaN,NaN,NaN,NaN,NaN,NaN
NaN,NaN,NaN,NaN,NaN,NaN,NaN,NaN
NaN,NaN,NaN,NaN,NaN,NaN,NaN,NaN
NaN,NaN,NaN,NaN,NaN,NaN,NaN,NaN
NaN,NaN,NaN,NaN,NaN,NaN,NaN,NaN
NaN,NaN,NaN,NaN,NaN,NaN,NaN,NaN
NaN,NaN,NaN,NaN,NaN,NaN,NaN,NaN
NaN,NaN,NaN,NaN,NaN,NaN,NaN,NaN
NaN,NaN,NaN,NaN,NaN,NaN,NaN,NaN
NaN,NaN,NaN,NaN,NaN,NaN,NaN,NaN
NaN,NaN,NaN,NaN,NaN,NaN,NaN,NaN
NaN,NaN,NaN,NaN,NaN,NaN,NaN,NaN
NaN,NaN,NaN,NaN,NaN,NaN,NaN,NaN
NaN,NaN,NaN,NaN,NaN,NaN,NaN,NaN
NaN,NaN,NaN,NaN,NaN,NaN,NaN,NaN
NaN,NaN,NaN,NaN,NaN,NaN,NaN,NaN
NaN,NaN,NaN,NaN,NaN,NaN,NaN,NaN
NaN,NaN,NaN,NaN,NaN,NaN,NaN,NaN
NaN,NaN,NaN,NaN,NaN,NaN,NaN,NaN
NaN,NaN,NaN,NaN,NaN,NaN,NaN,NaN
NaN,NaN,NaN,NaN,NaN,NaN,NaN,NaN
NaN,NaN,NaN,NaN,NaN,NaN,NaN,NaN
NaN,NaN,NaN,NaN,NaN,NaN,NaN,NaN
NaN,NaN,NaN,NaN,NaN,NaN,NaN,NaN
NaN,NaN,NaN,NaN,NaN,NaN,NaN,NaN
NaN,NaN,NaN,NaN,NaN,NaN,NaN,NaN
NaN,NaN,NaN,NaN,NaN,NaN,NaN,NaN
NaN,NaN,NaN,NaN,NaN,NaN,NaN,NaN
NaN,NaN,NaN,NaN,NaN,NaN,NaN,NaN
NaN,NaN,NaN,NaN,NaN,NaN,NaN,NaN
NaN,NaN,NaN,NaN,NaN,NaN,NaN,NaN
NaN,NaN,NaN,NaN,NaN,NaN,NaN,NaN
NaN,NaN,NaN,NaN,NaN,NaN,NaN,NaN
NaN,NaN,NaN,NaN,NaN,NaN,NaN,NaN
NaN,NaN,NaN,NaN,NaN,NaN,NaN,NaN
NaN,NaN,NaN,NaN,NaN,NaN,NaN,NaN
NaN,NaN,NaN,NaN,NaN,NaN,NaN,NaN
NaN,NaN,NaN,NaN,NaN,NaN,NaN,NaN
NaN,NaN,NaN,NaN,NaN,NaN,NaN,NaN
NaN,NaN,NaN,NaN,NaN,NaN,NaN,NaN
NaN,NaN,NaN,NaN,NaN,NaN,NaN,NaN
NaN,NaN,NaN,NaN,NaN,NaN,NaN,NaN
NaN,NaN,NaN,NaN,NaN,NaN,NaN,NaN
NaN,NaN,NaN,NaN,NaN,NaN,NaN,NaN
NaN,NaN,NaN,NaN,NaN,NaN,NaN,NaN
NaN,NaN,NaN,NaN,NaN,NaN,NaN,NaN
NaN,NaN,NaN,NaN,NaN,NaN,NaN,NaN
NaN,NaN,NaN,NaN,NaN,NaN,NaN,NaN
NaN,NaN,NaN,NaN,NaN,NaN,NaN,NaN
NaN,NaN,NaN,NaN,NaN,NaN,NaN,NaN
NaN,NaN,NaN,NaN,NaN,NaN,NaN,NaN
NaN,NaN,NaN,NaN,NaN,NaN,NaN,NaN
NaN,NaN,NaN,NaN,NaN,NaN,NaN,NaN
NaN,NaN,NaN,NaN,NaN,NaN,NaN,NaN
NaN,NaN,NaN,NaN,NaN,NaN,NaN,NaN
NaN,NaN,NaN,NaN,NaN,NaN,NaN,NaN
NaN,NaN,NaN,NaN,NaN,NaN,NaN,NaN
NaN,NaN,NaN,NaN,NaN,NaN,NaN,NaN
NaN,NaN,NaN,NaN,NaN,NaN,NaN,NaN
NaN,NaN,NaN,NaN,NaN,NaN,NaN,NaN
NaN,NaN,NaN,NaN,NaN,NaN,NaN,NaN
NaN,NaN,NaN,NaN,NaN,NaN,NaN,NaN
NaN,NaN,NaN,NaN,NaN,NaN,NaN,NaN
NaN,NaN,NaN,NaN,NaN,NaN,NaN,NaN
NaN,NaN,NaN,NaN,NaN,NaN,NaN,NaN
NaN,NaN,NaN,NaN,NaN,NaN,NaN,NaN
NaN,NaN,NaN,NaN,NaN,NaN,NaN,NaN
NaN,NaN,NaN,NaN,NaN,NaN,NaN,NaN
NaN,NaN,NaN,NaN,NaN,NaN,NaN,NaN
NaN,NaN,NaN,NaN,NaN,NaN,NaN,NaN
NaN,NaN,NaN,NaN,NaN,NaN,NaN,NaN
NaN,NaN,NaN,NaN,NaN,NaN,NaN,NaN
NaN,NaN,NaN,NaN,NaN,NaN,NaN,NaN
NaN,NaN,NaN,NaN,NaN,NaN,NaN,NaN
NaN,NaN,NaN,NaN,NaN,NaN,NaN,NaN
NaN,NaN,NaN,NaN,NaN,NaN,NaN,NaN
NaN,NaN,NaN,NaN,NaN,NaN,NaN,NaN
NaN,NaN,NaN,NaN,NaN,NaN,NaN,NaN
NaN,NaN,NaN,NaN,NaN,NaN,NaN,NaN
NaN,NaN,NaN,NaN,NaN,NaN,NaN,NaN
NaN,NaN,NaN,NaN,NaN,NaN,NaN,NaN
NaN,NaN,NaN,NaN,NaN,NaN,NaN,NaN
NaN,NaN,NaN,NaN,NaN,NaN,NaN,NaN
NaN,NaN,NaN,NaN,NaN,NaN,NaN,NaN
NaN,NaN,NaN,NaN,NaN,NaN,NaN,NaN
NaN,NaN,NaN,NaN,NaN,NaN,NaN,NaN
NaN,NaN,NaN,NaN,NaN,NaN,NaN,NaN
NaN,NaN,NaN,NaN,NaN,NaN,NaN,NaN
NaN,NaN,NaN,NaN,NaN,NaN,NaN,NaN
NaN,NaN,NaN,NaN,NaN,NaN,NaN,NaN
NaN,NaN,NaN,NaN,NaN,NaN,NaN,NaN
NaN,NaN,NaN,NaN,NaN,NaN,NaN,NaN
NaN,NaN,NaN,NaN,NaN,NaN,NaN,NaN
NaN,NaN,NaN,NaN,NaN,NaN,NaN,NaN
NaN,NaN,NaN,NaN,NaN,NaN,NaN,NaN
NaN,NaN,NaN,NaN,NaN,NaN,NaN,NaN
NaN,NaN,NaN,NaN,NaN,NaN,NaN,NaN
NaN,NaN,NaN,NaN,NaN,NaN,NaN,NaN
NaN,NaN,NaN,NaN,NaN,NaN,NaN,NaN
NaN,NaN,NaN,NaN,NaN,NaN,NaN,NaN
NaN,NaN,NaN,NaN,NaN,NaN,NaN,NaN
NaN,NaN,NaN,NaN,NaN,NaN,NaN,NaN
NaN,NaN,NaN,NaN,NaN,NaN,NaN,NaN
NaN,NaN,NaN,NaN,NaN,NaN,NaN,NaN
NaN,NaN,NaN,NaN,NaN,NaN,NaN,NaN
NaN,NaN,NaN,NaN,NaN,NaN,NaN,NaN
NaN,NaN,NaN,NaN,NaN,NaN,NaN,NaN
NaN,NaN,NaN,NaN,NaN,NaN,NaN,NaN
NaN,NaN,NaN,NaN,NaN,NaN,NaN,NaN
NaN,NaN,NaN,NaN,NaN,NaN,NaN,NaN
NaN,NaN,NaN,NaN,NaN,NaN,NaN,NaN
NaN,NaN,NaN,NaN,NaN,NaN,NaN,NaN
NaN,NaN,NaN,NaN,NaN,NaN,NaN,NaN
NaN,NaN,NaN,NaN,NaN,NaN,NaN,NaN
NaN,NaN,NaN,NaN,NaN,NaN,NaN,NaN
NaN,NaN,NaN,NaN,NaN,NaN,NaN,NaN
NaN,NaN,NaN,NaN,NaN,NaN,NaN,NaN
NaN,NaN,NaN,NaN,NaN,NaN,NaN,NaN
NaN,NaN,NaN,NaN,NaN,NaN,NaN,NaN
NaN,NaN,NaN,NaN,NaN,NaN,NaN,NaN
NaN,NaN,NaN,NaN,NaN,NaN,NaN,NaN
NaN,NaN,NaN,NaN,NaN,NaN,NaN,NaN
NaN,NaN,NaN,NaN,NaN,NaN,NaN,NaN
NaN,NaN,NaN,NaN,NaN,NaN,NaN,NaN
NaN,NaN,NaN,NaN,NaN,NaN,NaN,NaN
NaN,NaN,NaN,NaN,NaN,NaN,NaN,NaN
NaN,NaN,NaN,NaN,NaN,NaN,NaN,NaN
NaN,NaN,NaN,NaN,NaN,NaN,NaN,NaN
NaN,NaN,NaN,NaN,NaN,NaN,NaN,NaN
NaN,NaN,NaN,NaN,NaN,NaN,NaN,NaN
NaN,NaN,NaN,NaN,NaN,NaN,NaN,NaN
NaN,NaN,NaN,NaN,NaN,NaN,NaN,NaN
NaN,NaN,NaN,NaN,NaN,NaN,NaN,NaN
NaN,NaN,NaN,NaN,NaN,NaN,NaN,NaN
NaN,NaN,NaN,NaN,NaN,NaN,NaN,NaN
NaN,NaN,NaN,NaN,NaN,NaN,NaN,NaN
NaN,NaN,NaN,NaN,NaN,NaN,NaN,NaN
NaN,NaN,NaN,NaN,NaN,NaN,NaN,NaN
NaN,NaN,NaN,NaN,NaN,NaN,NaN,NaN
NaN,NaN,NaN,NaN,NaN,NaN,NaN,NaN
NaN,NaN,NaN,NaN,NaN,NaN,NaN,NaN
NaN,NaN,NaN,NaN,NaN,NaN,NaN,NaN
NaN,NaN,NaN,NaN,NaN,NaN,NaN,NaN
NaN,NaN,NaN,NaN,NaN,NaN,NaN,NaN
NaN,NaN,NaN,NaN,NaN,NaN,NaN,NaN
NaN,NaN,NaN,NaN,NaN,NaN,NaN,NaN
NaN,NaN,NaN,NaN,NaN,NaN,NaN,NaN
NaN,NaN,NaN,NaN,NaN,NaN,NaN,NaN
NaN,NaN,NaN,NaN,NaN,NaN,NaN,NaN
NaN,NaN,NaN,NaN,NaN,NaN,NaN,NaN
NaN,NaN,NaN,NaN,NaN,NaN,NaN,NaN
NaN,NaN,NaN,NaN,NaN,NaN,NaN,NaN
NaN,NaN,NaN,NaN,NaN,NaN,NaN,NaN
NaN,NaN,NaN,NaN,NaN,NaN,NaN,NaN
NaN,NaN,NaN,NaN,NaN,NaN,NaN,NaN
NaN,NaN,NaN,NaN,NaN,NaN,NaN,NaN
NaN,NaN,NaN,NaN,NaN,NaN,NaN,NaN
NaN,NaN,NaN,NaN,NaN,NaN,NaN,NaN
NaN,NaN,NaN,NaN,NaN,NaN,NaN,NaN
NaN,NaN,NaN,NaN,NaN,NaN,NaN,NaN
NaN,NaN,NaN,NaN,NaN,NaN,NaN,NaN
NaN,NaN,NaN,NaN,NaN,NaN,NaN,NaN
NaN,NaN,NaN,NaN,NaN,NaN,NaN,NaN
NaN,NaN,NaN,NaN,NaN,NaN,NaN,NaN
NaN,NaN,NaN,NaN,NaN,NaN,NaN,NaN
NaN,NaN,NaN,NaN,NaN,NaN,NaN,NaN
NaN,NaN,NaN,NaN,NaN,NaN,NaN,NaN
NaN,NaN,NaN,NaN,NaN,NaN,NaN,NaN
NaN,NaN,NaN,NaN,NaN,NaN,NaN,NaN
NaN,NaN,NaN,NaN,NaN,NaN,NaN,NaN
NaN,NaN,NaN,NaN,NaN,NaN,NaN,NaN
NaN,NaN,NaN,NaN,NaN,NaN,NaN,NaN
NaN,NaN,NaN,NaN,NaN,NaN,NaN,NaN
NaN,NaN,NaN,NaN,NaN,NaN,NaN,NaN
NaN,NaN,NaN,NaN,NaN,NaN,NaN,NaN
NaN,NaN,NaN,NaN,NaN,NaN,NaN,NaN
NaN,NaN,NaN,NaN,NaN,NaN,NaN,NaN
NaN,NaN,NaN,NaN,NaN,NaN,NaN,NaN
NaN,NaN,NaN,NaN,NaN,NaN,NaN,NaN
NaN,NaN,NaN,NaN,NaN,NaN,NaN,NaN
NaN,NaN,NaN,NaN,NaN,NaN,NaN,NaN
NaN,NaN,NaN,NaN,NaN,NaN,NaN,NaN
NaN,NaN,NaN,NaN,NaN,NaN,NaN,NaN
NaN,NaN,NaN,NaN,NaN,NaN,NaN,NaN
NaN,NaN,NaN,NaN,NaN,NaN,NaN,NaN
NaN,NaN,NaN,NaN,NaN,NaN,NaN,NaN
NaN,NaN,NaN,NaN,NaN,NaN,NaN,NaN
NaN,NaN,NaN,NaN,NaN,NaN,NaN,NaN
NaN,NaN,NaN,NaN,NaN,NaN,NaN,NaN
NaN,NaN,NaN,NaN,NaN,NaN,NaN,NaN
NaN,NaN,NaN,NaN,NaN,NaN,NaN,NaN
NaN,NaN,NaN,NaN,NaN,NaN,NaN,NaN
NaN,NaN,NaN,NaN,NaN,NaN,NaN,NaN
NaN,NaN,NaN,NaN,NaN,NaN,NaN,NaN
NaN,NaN,NaN,NaN,NaN,NaN,NaN,NaN
NaN,NaN,NaN,NaN,NaN,NaN,NaN,NaN
NaN,NaN,NaN,NaN,NaN,NaN,NaN,NaN
NaN,NaN,NaN,NaN,NaN,NaN,NaN,NaN
NaN,NaN,NaN,NaN,NaN,NaN,NaN,NaN
NaN,NaN,NaN,NaN,NaN,NaN,NaN,NaN
NaN,NaN,NaN,NaN,NaN,NaN,NaN,NaN
NaN,NaN,NaN,NaN,NaN,NaN,NaN,NaN
NaN,NaN,NaN,NaN,NaN,NaN,NaN,NaN
NaN,NaN,NaN,NaN,NaN,NaN,NaN,NaN
NaN,NaN,NaN,NaN,NaN,NaN,NaN,NaN
NaN,NaN,NaN,NaN,NaN,NaN,NaN,NaN
NaN,NaN,NaN,NaN,NaN,NaN,NaN,NaN
NaN,NaN,NaN,NaN,NaN,NaN,NaN,NaN
NaN,NaN,NaN,NaN,NaN,NaN,NaN,NaN
NaN,NaN,NaN,NaN,NaN,NaN,NaN,NaN
NaN,NaN,NaN,NaN,NaN,NaN,NaN,NaN
NaN,NaN,NaN,NaN,NaN,NaN,NaN,NaN
NaN,NaN,NaN,NaN,NaN,NaN,NaN,NaN
NaN,NaN,NaN,NaN,NaN,NaN,NaN,NaN
NaN,NaN,NaN,NaN,NaN,NaN,NaN,NaN
NaN,NaN,NaN,NaN,NaN,NaN,NaN,NaN
NaN,NaN,NaN,NaN,NaN,NaN,NaN,NaN
NaN,NaN,NaN,NaN,NaN,NaN,NaN,NaN
NaN,NaN,NaN,NaN,NaN,NaN,NaN,NaN
NaN,NaN,NaN,NaN,NaN,NaN,NaN,NaN
