pt1_cam1_X,pt1_cam1_Y,pt2_cam1_X,pt2_cam1_Y,pt3_cam1_X,pt3_cam1_Y
NaN,NaN,NaN,NaN,NaN,NaN
NaN,NaN,NaN,NaN,NaN,NaN
NaN,NaN,NaN,NaN,NaN,NaN
NaN,NaN,NaN,NaN,NaN,NaN
NaN,NaN,NaN,NaN,NaN,NaN
NaN,NaN,NaN,NaN,NaN,NaN
NaN,NaN,NaN,NaN,NaN,NaN
NaN,NaN,NaN,NaN,NaN,NaN
NaN,NaN,NaN,NaN,NaN,NaN
NaN,NaN,NaN,NaN,NaN,NaN
NaN,NaN,NaN,NaN,NaN,NaN
NaN,NaN,NaN,NaN,NaN,NaN
NaN,NaN,NaN,NaN,NaN,NaN
NaN,NaN,NaN,NaN,NaN,NaN
NaN,NaN,NaN,NaN,NaN,NaN
NaN,NaN,NaN,NaN,NaN,NaN
NaN,NaN,NaN,NaN,NaN,NaN
NaN,NaN,NaN,NaN,NaN,NaN
NaN,NaN,NaN,NaN,NaN,NaN
NaN,NaN,NaN,NaN,NaN,NaN
NaN,NaN,NaN,NaN,NaN,NaN
NaN,NaN,NaN,NaN,NaN,NaN
NaN,NaN,NaN,NaN,NaN,NaN
NaN,NaN,NaN,NaN,NaN,NaN
NaN,NaN,NaN,NaN,NaN,NaN
NaN,NaN,NaN,NaN,NaN,NaN
NaN,NaN,NaN,NaN,NaN,NaN
NaN,NaN,NaN,NaN,NaN,NaN
NaN,NaN,NaN,NaN,NaN,NaN
NaN,NaN,NaN,NaN,NaN,NaN
NaN,NaN,NaN,NaN,NaN,NaN
NaN,NaN,NaN,NaN,NaN,NaN
NaN,NaN,NaN,NaN,NaN,NaN
NaN,NaN,NaN,NaN,NaN,NaN
NaN,NaN,NaN,NaN,NaN,NaN
NaN,NaN,NaN,NaN,NaN,NaN
NaN,NaN,NaN,NaN,NaN,NaN
NaN,NaN,NaN,NaN,NaN,NaN
NaN,NaN,NaN,NaN,NaN,NaN
NaN,NaN,NaN,NaN,NaN,NaN
NaN,NaN,NaN,NaN,NaN,NaN
NaN,NaN,NaN,NaN,NaN,NaN
NaN,NaN,NaN,NaN,NaN,NaN
NaN,NaN,NaN,NaN,NaN,NaN
NaN,NaN,NaN,NaN,NaN,NaN
NaN,NaN,NaN,NaN,NaN,NaN
NaN,NaN,NaN,NaN,NaN,NaN
NaN,NaN,NaN,NaN,NaN,NaN
NaN,NaN,NaN,NaN,NaN,NaN
NaN,NaN,NaN,NaN,NaN,NaN
NaN,NaN,NaN,NaN,NaN,NaN
NaN,NaN,NaN,NaN,NaN,NaN
NaN,NaN,NaN,NaN,NaN,NaN
NaN,NaN,NaN,NaN,NaN,NaN
NaN,NaN,NaN,NaN,NaN,NaN
NaN,NaN,NaN,NaN,NaN,NaN
NaN,NaN,NaN,NaN,NaN,NaN
NaN,NaN,NaN,NaN,NaN,NaN
NaN,NaN,NaN,NaN,NaN,NaN
NaN,NaN,NaN,NaN,NaN,NaN
NaN,NaN,NaN,NaN,NaN,NaN
NaN,NaN,NaN,NaN,NaN,NaN
NaN,NaN,NaN,NaN,NaN,NaN
NaN,NaN,NaN,NaN,NaN,NaN
NaN,NaN,NaN,NaN,NaN,NaN
NaN,NaN,NaN,NaN,NaN,NaN
NaN,NaN,NaN,NaN,NaN,NaN
NaN,NaN,NaN,NaN,NaN,NaN
NaN,NaN,NaN,NaN,NaN,NaN
NaN,NaN,NaN,NaN,NaN,NaN
NaN,NaN,NaN,NaN,NaN,NaN
NaN,NaN,NaN,NaN,NaN,NaN
NaN,NaN,NaN,NaN,NaN,NaN
NaN,NaN,NaN,NaN,NaN,NaN
NaN,NaN,NaN,NaN,NaN,NaN
NaN,NaN,NaN,NaN,NaN,NaN
NaN,NaN,NaN,NaN,NaN,NaN
NaN,NaN,NaN,NaN,NaN,NaN
NaN,NaN,NaN,NaN,NaN,NaN
NaN,NaN,NaN,NaN,NaN,NaN
NaN,NaN,NaN,NaN,NaN,NaN
NaN,NaN,NaN,NaN,NaN,NaN
NaN,NaN,NaN,NaN,NaN,NaN
NaN,NaN,NaN,NaN,NaN,NaN
378.592739,164.590572,NaN,NaN,NaN,NaN
374.075543,157.814778,NaN,NaN,NaN,NaN
378.592739,148.780386,NaN,NaN,NaN,NaN
376.870000,143.230000,NaN,NaN,NaN,NaN
371.816945,144.263189,NaN,NaN,NaN,NaN
369.600000,140.920000,NaN,NaN,NaN,NaN
369.558347,139.745993,NaN,NaN,NaN,NaN
368.230000,136.980000,NaN,NaN,NaN,NaN
367.140000,134.530000,NaN,NaN,NaN,NaN
366.120000,131.710000,NaN,NaN,NaN,NaN
364.880000,128.840000,NaN,NaN,NaN,NaN
363.800000,125.770000,NaN,NaN,NaN,NaN
362.650000,123.020000,NaN,NaN,NaN,NaN
361.410000,120.170000,NaN,NaN,NaN,NaN
359.990000,117.180000,NaN,NaN,NaN,NaN
358.770000,114.760000,NaN,NaN,NaN,NaN
357.640000,112.610000,NaN,NaN,NaN,NaN
356.070000,110.830000,NaN,NaN,NaN,NaN
355.050000,109.360000,NaN,NaN,NaN,NaN
354.150000,108.040000,NaN,NaN,NaN,NaN
353.200000,106.980000,NaN,NaN,NaN,NaN
352.540000,105.900000,NaN,NaN,NaN,NaN
352.240000,104.810000,NaN,NaN,NaN,NaN
351.930000,103.410000,NaN,NaN,NaN,NaN
351.680000,101.820000,NaN,NaN,NaN,NaN
350.720000,99.800000,NaN,NaN,NaN,NaN
349.630000,97.960000,NaN,NaN,NaN,NaN
348.740000,95.960000,NaN,NaN,NaN,NaN
347.900000,94.060000,NaN,NaN,NaN,NaN
347.040000,92.170000,NaN,NaN,NaN,NaN
346.120000,90.500000,NaN,NaN,NaN,NaN
345.330000,89.500000,NaN,NaN,NaN,NaN
345.110000,88.390000,NaN,NaN,NaN,NaN
344.920000,87.330000,NaN,NaN,NaN,NaN
344.660000,86.350000,NaN,NaN,NaN,NaN
343.940000,85.290000,NaN,NaN,NaN,NaN
343.070000,84.290000,NaN,NaN,NaN,NaN
342.240000,83.270000,NaN,NaN,NaN,NaN
341.430000,82.170000,NaN,NaN,NaN,NaN
341.080000,81.260000,NaN,NaN,NaN,NaN
340.970000,80.190000,NaN,NaN,NaN,NaN
340.730000,78.990000,NaN,NaN,NaN,NaN
340.480000,77.810000,NaN,NaN,NaN,NaN
339.560000,76.700000,NaN,NaN,NaN,NaN
338.720000,75.740000,NaN,NaN,NaN,NaN
337.310000,72.480000,NaN,NaN,NaN,NaN
335.910000,69.690000,NaN,NaN,NaN,NaN
335.010000,66.770000,NaN,NaN,NaN,NaN
334.130000,63.880000,NaN,NaN,NaN,NaN
333.070000,61.250000,NaN,NaN,NaN,NaN
331.960000,59.070000,NaN,NaN,NaN,NaN
330.950000,56.780000,NaN,NaN,NaN,NaN
329.650000,54.010000,NaN,NaN,NaN,NaN
327.800000,50.830000,NaN,NaN,NaN,NaN
326.010000,47.560000,NaN,NaN,NaN,NaN
324.260000,43.600000,NaN,NaN,NaN,NaN
323.170000,39.660000,NaN,NaN,NaN,NaN
322.120000,35.830000,NaN,NaN,NaN,NaN
320.790000,32.280000,NaN,NaN,NaN,NaN
319.880000,29.250000,NaN,NaN,NaN,NaN
319.100000,26.350000,NaN,NaN,NaN,NaN
318.420000,22.920000,NaN,NaN,NaN,NaN
315.351993,22.298894,NaN,NaN,NaN,NaN
313.250000,19.430000,NaN,NaN,NaN,NaN
319.869190,11.005903,NaN,NaN,NaN,NaN
315.351993,8.747305,NaN,NaN,NaN,NaN
315.351993,8.747305,NaN,NaN,NaN,NaN
313.093395,8.747305,NaN,NaN,NaN,NaN
NaN,NaN,NaN,NaN,NaN,NaN
NaN,NaN,NaN,NaN,NaN,NaN
NaN,NaN,NaN,NaN,NaN,NaN
NaN,NaN,NaN,NaN,NaN,NaN
NaN,NaN,NaN,NaN,NaN,NaN
NaN,NaN,NaN,NaN,NaN,NaN
NaN,NaN,NaN,NaN,NaN,NaN
NaN,NaN,NaN,NaN,NaN,NaN
NaN,NaN,NaN,NaN,NaN,NaN
NaN,NaN,NaN,NaN,NaN,NaN
NaN,NaN,NaN,NaN,NaN,NaN
NaN,NaN,NaN,NaN,NaN,NaN
NaN,NaN,NaN,NaN,NaN,NaN
NaN,NaN,NaN,NaN,NaN,NaN
NaN,NaN,NaN,NaN,NaN,NaN
NaN,NaN,NaN,NaN,NaN,NaN
NaN,NaN,NaN,NaN,NaN,NaN
NaN,NaN,NaN,NaN,NaN,NaN
NaN,NaN,NaN,NaN,NaN,NaN
NaN,NaN,NaN,NaN,NaN,NaN
NaN,NaN,NaN,NaN,NaN,NaN
NaN,NaN,NaN,NaN,NaN,NaN
NaN,NaN,NaN,NaN,NaN,NaN
NaN,NaN,NaN,NaN,NaN,NaN
NaN,NaN,NaN,NaN,NaN,NaN
NaN,NaN,NaN,NaN,NaN,NaN
NaN,NaN,NaN,NaN,NaN,NaN
NaN,NaN,NaN,NaN,NaN,NaN
NaN,NaN,NaN,NaN,NaN,NaN
NaN,NaN,NaN,NaN,NaN,NaN
NaN,NaN,NaN,NaN,NaN,NaN
NaN,NaN,NaN,NaN,NaN,NaN
NaN,NaN,NaN,NaN,NaN,NaN
NaN,NaN,NaN,NaN,NaN,NaN
NaN,NaN,NaN,NaN,NaN,NaN
NaN,NaN,NaN,NaN,NaN,NaN
NaN,NaN,NaN,NaN,NaN,NaN
NaN,NaN,NaN,NaN,NaN,NaN
NaN,NaN,NaN,NaN,NaN,NaN
NaN,NaN,NaN,NaN,NaN,NaN
NaN,NaN,NaN,NaN,NaN,NaN
NaN,NaN,NaN,NaN,NaN,NaN
NaN,NaN,NaN,NaN,NaN,NaN
NaN,NaN,NaN,NaN,NaN,NaN
NaN,NaN,NaN,NaN,NaN,NaN
NaN,NaN,999.707209,449.173929,NaN,NaN
NaN,NaN,1000.430000,448.310000,NaN,NaN
NaN,NaN,1004.990000,443.840000,NaN,NaN
NaN,NaN,1006.100000,442.610000,NaN,NaN
NaN,NaN,1009.040000,439.900000,NaN,NaN
NaN,NaN,1010.920000,437.860000,NaN,NaN
NaN,NaN,1012.380000,435.050000,NaN,NaN
NaN,NaN,1016.000000,430.250000,NaN,NaN
NaN,NaN,1018.880000,426.000000,NaN,NaN
NaN,NaN,1022.390000,422.900000,NaN,NaN
NaN,NaN,1025.310000,420.600000,NaN,NaN
NaN,NaN,1028.230000,416.730000,NaN,NaN
NaN,NaN,1031.570000,413.090000,NaN,NaN
NaN,NaN,1035.310000,408.410000,NaN,NaN
NaN,NaN,1039.550000,404.390000,NaN,NaN
NaN,NaN,1044.710000,401.680000,NaN,NaN
NaN,NaN,1049.500000,398.610000,NaN,NaN
NaN,NaN,1053.080000,395.000000,NaN,NaN
NaN,NaN,1057.930000,389.040000,NaN,NaN
NaN,NaN,1059.580000,387.070000,NaN,NaN
NaN,NaN,1063.010000,383.690000,NaN,NaN
NaN,NaN,1059.750000,373.230000,NaN,NaN
NaN,NaN,1069.500000,378.040000,NaN,NaN
NaN,NaN,1071.840000,376.250000,NaN,NaN
NaN,NaN,1074.820000,373.840000,NaN,NaN
NaN,NaN,1077.630000,373.060000,NaN,NaN
NaN,NaN,1078.800000,373.340000,NaN,NaN
NaN,NaN,1081.380000,372.980000,NaN,NaN
NaN,NaN,1082.220000,373.130000,NaN,NaN
NaN,NaN,1082.690000,374.400000,NaN,NaN
NaN,NaN,1082.970000,374.790000,NaN,NaN
NaN,NaN,1083.190000,374.880000,NaN,NaN
NaN,NaN,1083.230000,374.910000,NaN,NaN
NaN,NaN,1083.270000,375.030000,NaN,NaN
NaN,NaN,1083.750000,375.730000,NaN,NaN
NaN,NaN,1084.620000,376.420000,NaN,NaN
NaN,NaN,1085.530000,376.750000,NaN,NaN
NaN,NaN,1086.310000,377.430000,NaN,NaN
NaN,NaN,1087.600000,378.130000,NaN,NaN
NaN,NaN,1088.070000,378.890000,NaN,NaN
NaN,NaN,1088.630000,380.410000,NaN,NaN
NaN,NaN,1089.070000,381.460000,NaN,NaN
NaN,NaN,1089.100000,382.650000,NaN,NaN
NaN,NaN,1089.140000,384.060000,NaN,NaN
NaN,NaN,1089.730000,385.160000,NaN,NaN
NaN,NaN,1091.990000,385.630000,NaN,NaN
NaN,NaN,1092.010000,386.790000,NaN,NaN
NaN,NaN,1093.350000,387.980000,NaN,NaN
NaN,NaN,1093.220000,388.680000,NaN,NaN
NaN,NaN,1092.309730,388.191781,NaN,NaN
NaN,NaN,1099.085524,385.933183,NaN,NaN
NaN,NaN,1099.085524,390.450379,NaN,NaN
NaN,NaN,1099.085524,390.450379,NaN,NaN
NaN,NaN,1101.344123,392.708977,NaN,NaN
NaN,NaN,1101.344123,392.708977,NaN,NaN
NaN,NaN,1101.344123,390.450379,NaN,NaN
NaN,NaN,1101.344123,397.226174,NaN,NaN
NaN,NaN,1101.344123,397.226174,NaN,NaN
NaN,NaN,1108.119917,394.967575,NaN,NaN
NaN,NaN,1108.119917,399.484772,NaN,NaN
NaN,NaN,1108.119917,399.484772,NaN,NaN
NaN,NaN,1110.378515,408.519164,NaN,NaN
NaN,NaN,1110.378515,404.001968,NaN,NaN
NaN,NaN,1110.378515,408.519164,NaN,NaN
NaN,NaN,1110.378515,408.519164,NaN,NaN
NaN,NaN,1117.154309,415.294958,NaN,NaN
NaN,NaN,1108.119917,422.070752,NaN,NaN
NaN,NaN,1121.671505,417.553556,NaN,NaN
NaN,NaN,1130.705897,428.846547,NaN,NaN
NaN,NaN,1139.740290,431.105145,NaN,NaN
NaN,NaN,1135.223094,444.656733,NaN,NaN
NaN,NaN,1137.481692,446.915331,NaN,NaN
NaN,NaN,1137.481692,460.466920,NaN,NaN
NaN,NaN,1135.223094,474.018508,NaN,NaN
NaN,NaN,1135.960000,485.040000,NaN,NaN
NaN,NaN,1136.640000,496.880000,NaN,NaN
NaN,NaN,1139.530000,508.510000,NaN,NaN
NaN,NaN,1142.910000,519.690000,NaN,NaN
NaN,NaN,1146.030000,530.650000,NaN,NaN
NaN,NaN,1147.380000,543.640000,NaN,NaN
NaN,NaN,1147.910000,556.110000,NaN,NaN
NaN,NaN,1154.280000,574.390000,NaN,NaN
NaN,NaN,1158.470000,589.000000,NaN,NaN
NaN,NaN,1160.510000,601.400000,NaN,NaN
NaN,NaN,1162.360000,613.960000,NaN,NaN
NaN,NaN,1163.990000,631.880000,NaN,NaN
NaN,NaN,1168.350000,649.950000,NaN,NaN
NaN,NaN,1170.940000,664.490000,NaN,NaN
NaN,NaN,1173.990000,673.850000,NaN,NaN
NaN,NaN,1176.360000,682.750000,NaN,NaN
NaN,NaN,1177.240000,688.080000,NaN,NaN
NaN,NaN,1178.180000,693.910000,NaN,NaN
NaN,NaN,1177.810000,699.830000,NaN,NaN
NaN,NaN,1176.890000,704.090000,NaN,NaN
NaN,NaN,1176.430000,707.160000,NaN,NaN
NaN,NaN,1176.770000,708.980000,NaN,NaN
NaN,NaN,1177.100000,710.680000,NaN,NaN
NaN,NaN,1177.250000,711.840000,NaN,NaN
NaN,NaN,1177.380000,712.430000,NaN,NaN
NaN,NaN,1178.070000,712.930000,NaN,NaN
NaN,NaN,1178.850000,713.420000,NaN,NaN
NaN,NaN,1179.400000,714.200000,NaN,NaN
NaN,NaN,1178.800000,715.050000,NaN,NaN
NaN,NaN,1177.720000,716.360000,NaN,NaN
NaN,NaN,1178.370000,718.240000,NaN,NaN
NaN,NaN,1179.050000,720.020000,NaN,NaN
NaN,NaN,1179.520000,721.360000,NaN,NaN
NaN,NaN,1178.790000,723.080000,NaN,NaN
NaN,NaN,1178.650000,724.950000,NaN,NaN
NaN,NaN,1179.490000,726.870000,NaN,NaN
NaN,NaN,1180.110000,728.760000,NaN,NaN
NaN,NaN,1187.170849,729.240090,NaN,NaN
NaN,NaN,1184.912251,729.240090,NaN,NaN
NaN,NaN,1184.912251,729.240090,NaN,NaN
NaN,NaN,1187.170849,738.274482,NaN,NaN
NaN,NaN,1187.170849,736.015884,NaN,NaN
NaN,NaN,1187.170849,736.015884,NaN,NaN
NaN,NaN,1187.170849,736.015884,NaN,NaN
NaN,NaN,1187.170849,736.015884,NaN,NaN
NaN,NaN,1187.170849,736.015884,NaN,NaN
NaN,NaN,1187.170849,738.274482,NaN,NaN
NaN,NaN,1187.170849,738.274482,NaN,NaN
NaN,NaN,1189.429447,740.533080,NaN,NaN
NaN,NaN,1189.429447,745.050277,NaN,NaN
NaN,NaN,1189.429447,745.050277,NaN,NaN
NaN,NaN,1193.946643,751.826071,NaN,NaN
NaN,NaN,NaN,NaN,NaN,NaN
NaN,NaN,NaN,NaN,NaN,NaN
NaN,NaN,NaN,NaN,NaN,NaN
NaN,NaN,NaN,NaN,NaN,NaN
NaN,NaN,NaN,NaN,NaN,NaN
NaN,NaN,NaN,NaN,NaN,NaN
NaN,NaN,NaN,NaN,NaN,NaN
NaN,NaN,NaN,NaN,NaN,NaN
NaN,NaN,NaN,NaN,NaN,NaN
NaN,NaN,NaN,NaN,NaN,NaN
NaN,NaN,NaN,NaN,NaN,NaN
NaN,NaN,NaN,NaN,NaN,NaN
NaN,NaN,NaN,NaN,NaN,NaN
NaN,NaN,NaN,NaN,NaN,NaN
NaN,NaN,NaN,NaN,NaN,NaN
NaN,NaN,NaN,NaN,NaN,NaN
NaN,NaN,NaN,NaN,NaN,NaN
NaN,NaN,NaN,NaN,NaN,NaN
NaN,NaN,NaN,NaN,NaN,NaN
NaN,NaN,NaN,NaN,NaN,NaN
NaN,NaN,NaN,NaN,NaN,NaN
NaN,NaN,NaN,NaN,NaN,NaN
NaN,NaN,NaN,NaN,NaN,NaN
NaN,NaN,NaN,NaN,299.541807,1135.787743
NaN,NaN,NaN,NaN,299.830000,1135.680000
NaN,NaN,NaN,NaN,299.220000,1135.040000
NaN,NaN,NaN,NaN,298.070000,1133.730000
NaN,NaN,NaN,NaN,296.570000,1132.040000
NaN,NaN,NaN,NaN,294.700000,1130.540000
NaN,NaN,NaN,NaN,292.740000,1128.740000
NaN,NaN,NaN,NaN,290.760000,1126.790000
NaN,NaN,NaN,NaN,288.820000,1124.990000
NaN,NaN,NaN,NaN,287.460000,1124.010000
NaN,NaN,NaN,NaN,287.270000,1123.910000
NaN,NaN,NaN,NaN,287.470000,1124.050000
NaN,NaN,NaN,NaN,288.030000,1124.150000
NaN,NaN,NaN,NaN,288.050000,1124.100000
NaN,NaN,NaN,NaN,287.990000,1124.050000
NaN,NaN,NaN,NaN,288.020000,1123.960000
NaN,NaN,NaN,NaN,287.930000,1123.860000
NaN,NaN,NaN,NaN,287.830000,1123.740000
NaN,NaN,NaN,NaN,287.740000,1123.570000
NaN,NaN,NaN,NaN,287.510000,1122.970000
NaN,NaN,NaN,NaN,286.900000,1122.330000
NaN,NaN,NaN,NaN,286.400000,1122.140000
NaN,NaN,NaN,NaN,286.170000,1121.980000
NaN,NaN,NaN,NaN,285.780000,1121.670000
NaN,NaN,NaN,NaN,285.010000,1120.940000
NaN,NaN,NaN,NaN,284.010000,1119.860000
NaN,NaN,NaN,NaN,282.520000,1118.650000
NaN,NaN,NaN,NaN,280.330000,1116.480000
NaN,NaN,NaN,NaN,277.600000,1114.220000
NaN,NaN,NaN,NaN,283.680000,1099.610000
NaN,NaN,NaN,NaN,274.697228,1106.425968
NaN,NaN,NaN,NaN,273.080000,1104.530000
NaN,NaN,NaN,NaN,271.360000,1102.320000
NaN,NaN,NaN,NaN,269.870000,1100.340000
NaN,NaN,NaN,NaN,268.230000,1098.610000
NaN,NaN,NaN,NaN,266.850000,1097.340000
NaN,NaN,NaN,NaN,264.940000,1095.780000
NaN,NaN,NaN,NaN,263.080000,1093.930000
NaN,NaN,NaN,NaN,261.180000,1092.190000
NaN,NaN,NaN,NaN,259.570000,1090.730000
NaN,NaN,NaN,NaN,258.190000,1089.260000
NaN,NaN,NaN,NaN,256.960000,1088.050000
NaN,NaN,NaN,NaN,255.870000,1086.870000
NaN,NaN,NaN,NaN,254.800000,1085.850000
NaN,NaN,NaN,NaN,253.440000,1084.690000
NaN,NaN,NaN,NaN,251.840000,1083.420000
NaN,NaN,NaN,NaN,249.900000,1081.820000
NaN,NaN,NaN,NaN,248.060000,1080.060000
NaN,NaN,NaN,NaN,246.080000,1078.220000
NaN,NaN,NaN,NaN,244.410000,1076.620000
NaN,NaN,NaN,NaN,242.970000,1075.310000
NaN,NaN,NaN,NaN,241.100000,1073.970000
NaN,NaN,NaN,NaN,239.260000,1072.180000
NaN,NaN,NaN,NaN,237.210000,1070.020000
NaN,NaN,NaN,NaN,235.090000,1067.770000
NaN,NaN,NaN,NaN,232.790000,1065.270000
NaN,NaN,NaN,NaN,230.880000,1062.830000
NaN,NaN,NaN,NaN,228.710000,1059.800000
NaN,NaN,NaN,NaN,226.850000,1057.940000
NaN,NaN,NaN,NaN,225.200000,1055.870000
NaN,NaN,NaN,NaN,222.860000,1053.500000
NaN,NaN,NaN,NaN,219.880000,1050.140000
NaN,NaN,NaN,NaN,217.060000,1047.040000
NaN,NaN,NaN,NaN,214.870000,1044.700000
NaN,NaN,NaN,NaN,213.100000,1042.520000
NaN,NaN,NaN,NaN,211.410000,1040.820000
NaN,NaN,NaN,NaN,209.960000,1039.330000
NaN,NaN,NaN,NaN,208.110000,1037.860000
NaN,NaN,NaN,NaN,206.310000,1035.750000
NaN,NaN,NaN,NaN,205.090000,1034.060000
NaN,NaN,NaN,NaN,203.820000,1032.460000
NaN,NaN,NaN,NaN,202.470000,1031.070000
NaN,NaN,NaN,NaN,201.130000,1030.030000
NaN,NaN,NaN,NaN,200.100000,1028.960000
NaN,NaN,NaN,NaN,199.220000,1027.930000
NaN,NaN,NaN,NaN,198.070000,1026.920000
NaN,NaN,NaN,NaN,196.930000,1025.850000
NaN,NaN,NaN,NaN,195.870000,1024.870000
NaN,NaN,NaN,NaN,195.070000,1024.130000
NaN,NaN,NaN,NaN,194.100000,1023.230000
NaN,NaN,NaN,NaN,193.130000,1022.390000
NaN,NaN,NaN,NaN,192.220000,1021.890000
NaN,NaN,NaN,NaN,191.280000,1021.030000
NaN,NaN,NaN,NaN,190.020000,1020.060000
NaN,NaN,NaN,NaN,188.950000,1019.010000
NaN,NaN,NaN,NaN,187.780000,1017.930000
NaN,NaN,NaN,NaN,186.600000,1016.880000
NaN,NaN,NaN,NaN,185.010000,1015.700000
NaN,NaN,NaN,NaN,183.810000,1014.440000
NaN,NaN,NaN,NaN,182.420000,1012.970000
NaN,NaN,NaN,NaN,180.870000,1011.760000
NaN,NaN,NaN,NaN,179.100000,1009.890000
NaN,NaN,NaN,NaN,177.130000,1007.880000
NaN,NaN,NaN,NaN,175.250000,1006.000000
NaN,NaN,NaN,NaN,173.630000,1004.080000
NaN,NaN,NaN,NaN,172.590000,1002.220000
NaN,NaN,NaN,NaN,171.310000,1000.460000
NaN,NaN,NaN,NaN,169.930000,999.050000
NaN,NaN,NaN,NaN,168.770000,997.890000
NaN,NaN,NaN,NaN,167.560000,996.660000
NaN,NaN,NaN,NaN,165.930000,994.960000
NaN,NaN,NaN,NaN,164.250000,993.370000
NaN,NaN,NaN,NaN,163.300000,992.130000
NaN,NaN,NaN,NaN,162.240000,991.050000
NaN,NaN,NaN,NaN,161.300000,990.010000
NaN,NaN,NaN,NaN,160.050000,988.920000
NaN,NaN,NaN,NaN,158.770000,987.380000
NaN,NaN,NaN,NaN,157.370000,985.860000
NaN,NaN,NaN,NaN,155.900000,984.280000
NaN,NaN,NaN,NaN,154.420000,983.160000
NaN,NaN,NaN,NaN,153.450000,982.200000
NaN,NaN,NaN,NaN,152.380000,981.150000
NaN,NaN,NaN,NaN,151.410000,980.110000
NaN,NaN,NaN,NaN,150.370000,979.080000
NaN,NaN,NaN,NaN,149.570000,978.140000
NaN,NaN,NaN,NaN,148.880000,977.140000
NaN,NaN,NaN,NaN,148.030000,976.200000
NaN,NaN,NaN,NaN,147.020000,975.310000
NaN,NaN,NaN,NaN,146.260000,974.460000
NaN,NaN,NaN,NaN,145.570000,974.130000
NaN,NaN,NaN,NaN,145.260000,973.830000
NaN,NaN,NaN,NaN,144.970000,973.250000
NaN,NaN,NaN,NaN,144.490000,972.580000
NaN,NaN,NaN,NaN,143.710000,971.500000
NaN,NaN,NaN,NaN,142.860000,970.530000
NaN,NaN,NaN,NaN,141.640000,968.830000
NaN,NaN,NaN,NaN,140.320000,967.040000
NaN,NaN,NaN,NaN,138.420000,965.070000
NaN,NaN,NaN,NaN,136.600000,963.420000
NaN,NaN,NaN,NaN,134.770000,961.850000
NaN,NaN,NaN,NaN,132.970000,959.840000
NaN,NaN,NaN,NaN,130.950000,957.720000
NaN,NaN,NaN,NaN,129.190000,955.650000
NaN,NaN,NaN,NaN,127.190000,953.180000
NaN,NaN,NaN,NaN,125.080000,950.870000
NaN,NaN,NaN,NaN,122.970000,948.860000
NaN,NaN,NaN,NaN,120.800000,946.550000
NaN,NaN,NaN,NaN,118.870000,944.280000
NaN,NaN,NaN,NaN,116.870000,942.530000
NaN,NaN,NaN,NaN,115.020000,941.110000
NaN,NaN,NaN,NaN,113.140000,939.910000
NaN,NaN,NaN,NaN,111.180000,937.990000
NaN,NaN,NaN,NaN,109.250000,936.170000
NaN,NaN,NaN,NaN,107.380000,934.130000
NaN,NaN,NaN,NaN,105.390000,932.020000
NaN,NaN,NaN,NaN,103.240000,929.940000
NaN,NaN,NaN,NaN,101.190000,927.780000
NaN,NaN,NaN,NaN,99.160000,925.750000
NaN,NaN,NaN,NaN,97.280000,924.310000
NaN,NaN,NaN,NaN,95.170000,922.510000
NaN,NaN,NaN,NaN,93.220000,920.760000
NaN,NaN,NaN,NaN,90.990000,918.460000
