pt1_cam1_X,pt1_cam1_Y,pt2_cam1_X,pt2_cam1_Y,pt3_cam1_X,pt3_cam1_Y,pt4_cam1_X,pt4_cam1_Y,pt5_cam1_X,pt5_cam1_Y,pt6_cam1_X,pt6_cam1_Y,pt7_cam1_X,pt7_cam1_Y,pt8_cam1_X,pt8_cam1_Y,pt9_cam1_X,pt9_cam1_Y
1769.220000,1692.708571,851.322857,1468.754286,NaN,NaN,NaN,NaN,NaN,NaN,NaN,NaN,NaN,NaN,NaN,NaN,NaN,NaN
1759.757143,1676.937143,857.631429,1465.600000,NaN,NaN,NaN,NaN,NaN,NaN,NaN,NaN,NaN,NaN,NaN,NaN,NaN,NaN
1750.600000,1671.080000,858.130000,1465.620000,NaN,NaN,NaN,NaN,NaN,NaN,NaN,NaN,NaN,NaN,NaN,NaN,NaN,NaN
1742.870000,1665.160000,859.170000,1462.820000,NaN,NaN,NaN,NaN,NaN,NaN,NaN,NaN,NaN,NaN,NaN,NaN,NaN,NaN
1736.620000,1659.550000,859.020000,1460.790000,NaN,NaN,NaN,NaN,NaN,NaN,NaN,NaN,NaN,NaN,NaN,NaN,NaN,NaN
1728.670000,1652.950000,858.780000,1457.830000,NaN,NaN,NaN,NaN,NaN,NaN,NaN,NaN,NaN,NaN,NaN,NaN,NaN,NaN
1710.660000,1640.670000,858.930000,1450.390000,NaN,NaN,NaN,NaN,NaN,NaN,NaN,NaN,NaN,NaN,NaN,NaN,NaN,NaN
1658.820000,1588.617143,863.940000,1427.748571,NaN,NaN,NaN,NaN,NaN,NaN,NaN,NaN,NaN,NaN,NaN,NaN,NaN,NaN
1630.340000,1558.730000,864.850000,1413.920000,NaN,NaN,NaN,NaN,NaN,NaN,NaN,NaN,NaN,NaN,NaN,NaN,NaN,NaN
1585.720000,1520.070000,864.650000,1393.320000,NaN,NaN,NaN,NaN,NaN,NaN,NaN,NaN,NaN,NaN,NaN,NaN,NaN,NaN
1553.470000,1486.990000,865.450000,1376.590000,NaN,NaN,NaN,NaN,NaN,NaN,NaN,NaN,NaN,NaN,NaN,NaN,NaN,NaN
1564.191429,1487.680000,863.940000,1367.817143,NaN,NaN,NaN,NaN,NaN,NaN,NaN,NaN,NaN,NaN,NaN,NaN,NaN,NaN
1554.810000,1464.070000,865.430000,1357.030000,NaN,NaN,NaN,NaN,NaN,NaN,NaN,NaN,NaN,NaN,NaN,NaN,NaN,NaN
1545.265714,1430.902857,867.094286,1342.582857,NaN,NaN,NaN,NaN,NaN,NaN,NaN,NaN,NaN,NaN,NaN,NaN,NaN,NaN
1552.640000,1399.040000,870.880000,1331.870000,NaN,NaN,NaN,NaN,NaN,NaN,NaN,NaN,NaN,NaN,NaN,NaN,NaN,NaN
1576.808571,1364.662857,870.248571,1329.965714,NaN,NaN,NaN,NaN,NaN,NaN,NaN,NaN,NaN,NaN,NaN,NaN,NaN,NaN
1579.962857,1348.891429,876.557143,1301.577143,NaN,NaN,NaN,NaN,NaN,NaN,NaN,NaN,NaN,NaN,NaN,NaN,NaN,NaN
1614.660000,1279.497143,879.711429,1288.960000,NaN,NaN,NaN,NaN,NaN,NaN,NaN,NaN,NaN,NaN,NaN,NaN,NaN,NaN
1671.437143,1206.948571,889.174286,1270.034286,NaN,NaN,NaN,NaN,NaN,NaN,NaN,NaN,NaN,NaN,NaN,NaN,NaN,NaN
1728.214286,1159.634286,889.174286,1254.262857,NaN,NaN,NaN,NaN,NaN,NaN,NaN,NaN,NaN,NaN,NaN,NaN,NaN,NaN
1778.682857,1090.240000,901.791429,1238.491429,NaN,NaN,NaN,NaN,NaN,NaN,NaN,NaN,NaN,NaN,NaN,NaN,NaN,NaN
1882.774286,998.765714,908.100000,1210.102857,NaN,NaN,NaN,NaN,NaN,NaN,NaN,NaN,NaN,NaN,NaN,NaN,NaN,NaN
1914.317143,957.760000,911.254286,1200.640000,NaN,NaN,NaN,NaN,NaN,NaN,NaN,NaN,NaN,NaN,NaN,NaN,NaN,NaN
1889.082857,989.302857,916.250000,1187.300000,NaN,NaN,NaN,NaN,NaN,NaN,NaN,NaN,NaN,NaN,NaN,NaN,NaN,NaN
1895.391429,998.765714,923.871429,1172.251429,NaN,NaN,NaN,NaN,NaN,NaN,NaN,NaN,NaN,NaN,NaN,NaN,NaN,NaN
1917.471429,995.611429,927.025714,1169.097143,NaN,NaN,NaN,NaN,NaN,NaN,NaN,NaN,NaN,NaN,NaN,NaN,NaN,NaN
1917.471429,1001.920000,942.797143,1178.560000,NaN,NaN,NaN,NaN,NaN,NaN,NaN,NaN,NaN,NaN,NaN,NaN,NaN,NaN
1933.242857,1001.920000,945.951429,1150.171429,NaN,NaN,NaN,NaN,NaN,NaN,NaN,NaN,NaN,NaN,NaN,NaN,NaN,NaN
1933.242857,1008.228571,942.797143,1153.325714,NaN,NaN,NaN,NaN,NaN,NaN,NaN,NaN,NaN,NaN,NaN,NaN,NaN,NaN
1952.168571,1008.228571,939.642857,1147.017143,NaN,NaN,NaN,NaN,NaN,NaN,NaN,NaN,NaN,NaN,NaN,NaN,NaN,NaN
1974.248571,1020.845714,955.414286,1134.400000,NaN,NaN,NaN,NaN,NaN,NaN,NaN,NaN,NaN,NaN,NaN,NaN,NaN,NaN
1990.020000,1030.308571,942.797143,1121.782857,NaN,NaN,NaN,NaN,NaN,NaN,NaN,NaN,NaN,NaN,NaN,NaN,NaN,NaN
2008.945714,1036.617143,945.951429,1121.782857,NaN,NaN,NaN,NaN,NaN,NaN,NaN,NaN,NaN,NaN,NaN,NaN,NaN,NaN
NaN,NaN,949.105714,1115.474286,NaN,NaN,NaN,NaN,NaN,NaN,NaN,NaN,NaN,NaN,NaN,NaN,NaN,NaN
NaN,NaN,952.260000,1112.320000,NaN,NaN,NaN,NaN,NaN,NaN,NaN,NaN,NaN,NaN,NaN,NaN,NaN,NaN
NaN,NaN,949.105714,1109.165714,NaN,NaN,NaN,NaN,NaN,NaN,NaN,NaN,NaN,NaN,NaN,NaN,NaN,NaN
NaN,NaN,942.797143,1112.320000,NaN,NaN,NaN,NaN,NaN,NaN,NaN,NaN,NaN,NaN,NaN,NaN,NaN,NaN
NaN,NaN,952.260000,1112.320000,NaN,NaN,NaN,NaN,NaN,NaN,NaN,NaN,NaN,NaN,NaN,NaN,NaN,NaN
NaN,NaN,945.951429,1109.165714,NaN,NaN,NaN,NaN,NaN,NaN,NaN,NaN,NaN,NaN,NaN,NaN,NaN,NaN
NaN,NaN,952.260000,1109.165714,NaN,NaN,NaN,NaN,NaN,NaN,NaN,NaN,NaN,NaN,NaN,NaN,NaN,NaN
NaN,NaN,952.260000,1106.011429,NaN,NaN,NaN,NaN,NaN,NaN,NaN,NaN,NaN,NaN,NaN,NaN,NaN,NaN
NaN,NaN,952.260000,1106.011429,NaN,NaN,NaN,NaN,NaN,NaN,NaN,NaN,NaN,NaN,NaN,NaN,NaN,NaN
NaN,NaN,952.210000,1104.650000,NaN,NaN,NaN,NaN,NaN,NaN,NaN,NaN,NaN,NaN,NaN,NaN,NaN,NaN
NaN,NaN,954.020000,1101.470000,NaN,NaN,NaN,NaN,NaN,NaN,NaN,NaN,NaN,NaN,NaN,NaN,NaN,NaN
NaN,NaN,957.680000,1098.140000,NaN,NaN,NaN,NaN,NaN,NaN,NaN,NaN,NaN,NaN,NaN,NaN,NaN,NaN
NaN,NaN,960.820000,1095.190000,NaN,NaN,NaN,NaN,NaN,NaN,NaN,NaN,NaN,NaN,NaN,NaN,NaN,NaN
NaN,NaN,963.460000,1092.960000,NaN,NaN,NaN,NaN,NaN,NaN,NaN,NaN,NaN,NaN,NaN,NaN,NaN,NaN
NaN,NaN,966.030000,1091.090000,NaN,NaN,NaN,NaN,NaN,NaN,NaN,NaN,NaN,NaN,NaN,NaN,NaN,NaN
NaN,NaN,968.270000,1090.960000,NaN,NaN,NaN,NaN,NaN,NaN,NaN,NaN,NaN,NaN,NaN,NaN,NaN,NaN
NaN,NaN,968.590000,1091.260000,NaN,NaN,NaN,NaN,NaN,NaN,NaN,NaN,NaN,NaN,NaN,NaN,NaN,NaN
NaN,NaN,968.930000,1091.320000,NaN,NaN,NaN,NaN,NaN,NaN,NaN,NaN,NaN,NaN,NaN,NaN,NaN,NaN
NaN,NaN,969.230000,1091.320000,NaN,NaN,NaN,NaN,NaN,NaN,NaN,NaN,NaN,NaN,NaN,NaN,NaN,NaN
NaN,NaN,970.010000,1091.170000,NaN,NaN,NaN,NaN,NaN,NaN,NaN,NaN,NaN,NaN,NaN,NaN,NaN,NaN
NaN,NaN,971.420000,1090.360000,NaN,NaN,NaN,NaN,NaN,NaN,NaN,NaN,NaN,NaN,NaN,NaN,NaN,NaN
NaN,NaN,973.720000,1089.190000,NaN,NaN,NaN,NaN,NaN,NaN,NaN,NaN,NaN,NaN,NaN,NaN,NaN,NaN
NaN,NaN,976.420000,1087.860000,NaN,NaN,NaN,NaN,NaN,NaN,NaN,NaN,NaN,NaN,NaN,NaN,NaN,NaN
NaN,NaN,979.110000,1087.120000,NaN,NaN,NaN,NaN,NaN,NaN,NaN,NaN,NaN,NaN,NaN,NaN,NaN,NaN
NaN,NaN,980.648571,1083.931429,NaN,NaN,NaN,NaN,NaN,NaN,NaN,NaN,NaN,NaN,NaN,NaN,NaN,NaN
NaN,NaN,981.420000,1084.030000,NaN,NaN,NaN,NaN,NaN,NaN,NaN,NaN,NaN,NaN,NaN,NaN,NaN,NaN
NaN,NaN,981.620000,1084.040000,NaN,NaN,NaN,NaN,NaN,NaN,NaN,NaN,NaN,NaN,NaN,NaN,NaN,NaN
NaN,NaN,986.957143,1083.931429,NaN,NaN,NaN,NaN,NaN,NaN,NaN,NaN,NaN,NaN,NaN,NaN,NaN,NaN
NaN,NaN,987.430000,1083.990000,NaN,NaN,NaN,NaN,NaN,NaN,NaN,NaN,NaN,NaN,NaN,NaN,NaN,NaN
NaN,NaN,987.430000,1084.040000,NaN,NaN,NaN,NaN,NaN,NaN,NaN,NaN,NaN,NaN,NaN,NaN,NaN,NaN
NaN,NaN,987.740000,1084.020000,NaN,NaN,NaN,NaN,NaN,NaN,NaN,NaN,NaN,NaN,NaN,NaN,NaN,NaN
NaN,NaN,988.210000,1084.070000,NaN,NaN,NaN,NaN,NaN,NaN,NaN,NaN,NaN,NaN,NaN,NaN,NaN,NaN
NaN,NaN,989.270000,1084.060000,NaN,NaN,NaN,NaN,NaN,NaN,NaN,NaN,NaN,NaN,NaN,NaN,NaN,NaN
NaN,NaN,988.050442,1078.630088,NaN,NaN,NaN,NaN,NaN,NaN,NaN,NaN,NaN,NaN,NaN,NaN,NaN,NaN
NaN,NaN,990.170000,1078.950000,NaN,NaN,NaN,NaN,NaN,NaN,NaN,NaN,NaN,NaN,NaN,NaN,NaN,NaN
NaN,NaN,992.890000,1078.140000,NaN,NaN,NaN,NaN,NaN,NaN,NaN,NaN,NaN,NaN,NaN,NaN,NaN,NaN
NaN,NaN,997.810000,1077.000000,NaN,NaN,NaN,NaN,NaN,NaN,NaN,NaN,NaN,NaN,NaN,NaN,NaN,NaN
NaN,NaN,1001.680000,1079.690000,NaN,NaN,NaN,NaN,NaN,NaN,NaN,NaN,NaN,NaN,NaN,NaN,NaN,NaN
NaN,NaN,1006.030000,1082.230000,NaN,NaN,NaN,NaN,NaN,NaN,NaN,NaN,NaN,NaN,NaN,NaN,NaN,NaN
NaN,NaN,1009.400000,1083.930000,NaN,NaN,NaN,NaN,NaN,NaN,NaN,NaN,NaN,NaN,NaN,NaN,NaN,NaN
NaN,NaN,1010.300000,1084.740000,NaN,NaN,NaN,NaN,NaN,NaN,NaN,NaN,NaN,NaN,NaN,NaN,NaN,NaN
NaN,NaN,1010.760000,1085.410000,NaN,NaN,NaN,NaN,NaN,NaN,NaN,NaN,NaN,NaN,NaN,NaN,NaN,NaN
NaN,NaN,1010.900000,1085.810000,NaN,NaN,NaN,NaN,NaN,NaN,NaN,NaN,NaN,NaN,NaN,NaN,NaN,NaN
NaN,NaN,1011.090000,1085.940000,NaN,NaN,NaN,NaN,NaN,NaN,NaN,NaN,NaN,NaN,NaN,NaN,NaN,NaN
NaN,NaN,1014.670000,1085.860000,NaN,NaN,NaN,NaN,NaN,NaN,NaN,NaN,NaN,NaN,NaN,NaN,NaN,NaN
NaN,NaN,1017.710000,1086.650000,1976.765487,1863.153982,NaN,NaN,NaN,NaN,NaN,NaN,NaN,NaN,NaN,NaN,NaN,NaN
NaN,NaN,1020.670000,1088.370000,1966.018584,1848.824779,NaN,NaN,NaN,NaN,NaN,NaN,NaN,NaN,NaN,NaN,NaN,NaN
NaN,NaN,1024.260000,1090.760000,1959.020000,1846.660000,NaN,NaN,NaN,NaN,NaN,NaN,NaN,NaN,NaN,NaN,NaN,NaN
NaN,NaN,1028.090000,1093.400000,1949.620000,1843.450000,NaN,NaN,NaN,NaN,NaN,NaN,NaN,NaN,NaN,NaN,NaN,NaN
NaN,NaN,1032.680000,1095.990000,1942.190000,1841.420000,NaN,NaN,NaN,NaN,NaN,NaN,NaN,NaN,NaN,NaN,NaN,NaN
NaN,NaN,1035.970000,1096.960000,1936.070000,1838.950000,NaN,NaN,NaN,NaN,NaN,NaN,NaN,NaN,NaN,NaN,NaN,NaN
NaN,NaN,1037.940000,1097.730000,1932.070000,1837.150000,NaN,NaN,NaN,NaN,NaN,NaN,NaN,NaN,NaN,NaN,NaN,NaN
NaN,NaN,1038.970000,1098.390000,1927.820000,1835.050000,NaN,NaN,NaN,NaN,NaN,NaN,NaN,NaN,NaN,NaN,NaN,NaN
NaN,NaN,1039.730000,1099.000000,1923.620000,1833.410000,NaN,NaN,NaN,NaN,NaN,NaN,NaN,NaN,NaN,NaN,NaN,NaN
NaN,NaN,1040.570000,1099.640000,1919.240000,1832.190000,NaN,NaN,NaN,NaN,NaN,NaN,NaN,NaN,NaN,NaN,NaN,NaN
NaN,NaN,1041.180000,1099.670000,1915.060000,1831.810000,NaN,NaN,NaN,NaN,NaN,NaN,NaN,NaN,NaN,NaN,NaN,NaN
NaN,NaN,1042.970000,1099.940000,1910.030000,1832.600000,NaN,NaN,NaN,NaN,NaN,NaN,NaN,NaN,NaN,NaN,NaN,NaN
NaN,NaN,1045.970000,1102.500000,1903.440000,1832.440000,NaN,NaN,NaN,NaN,NaN,NaN,NaN,NaN,NaN,NaN,NaN,NaN
NaN,NaN,1049.410000,1104.970000,1896.840000,1826.320000,NaN,NaN,NaN,NaN,NaN,NaN,NaN,NaN,NaN,NaN,NaN,NaN
NaN,NaN,1057.930000,1106.000000,1889.410000,1817.920000,NaN,NaN,NaN,NaN,NaN,NaN,NaN,NaN,NaN,NaN,NaN,NaN
NaN,NaN,1062.670000,1111.920000,1881.810000,1809.700000,NaN,NaN,NaN,NaN,NaN,NaN,NaN,NaN,NaN,NaN,NaN,NaN
NaN,NaN,1068.990000,1116.690000,1877.620000,1802.120000,NaN,NaN,NaN,NaN,NaN,NaN,NaN,NaN,NaN,NaN,NaN,NaN
NaN,NaN,1074.980000,1122.310000,1875.770000,1796.410000,NaN,NaN,NaN,NaN,NaN,NaN,NaN,NaN,NaN,NaN,NaN,NaN
NaN,NaN,1076.780000,1124.620000,1874.800000,1791.740000,NaN,NaN,NaN,NaN,NaN,NaN,NaN,NaN,NaN,NaN,NaN,NaN
NaN,NaN,1077.660000,1126.500000,1874.220000,1788.520000,NaN,NaN,NaN,NaN,NaN,NaN,NaN,NaN,NaN,NaN,NaN,NaN
NaN,NaN,1079.370000,1131.450000,1873.980000,1785.510000,NaN,NaN,NaN,NaN,NaN,NaN,NaN,NaN,NaN,NaN,NaN,NaN
NaN,NaN,1083.180000,1137.040000,1873.600000,1783.180000,NaN,NaN,NaN,NaN,NaN,NaN,NaN,NaN,NaN,NaN,NaN,NaN
NaN,NaN,1091.150000,1134.970000,1872.290000,1779.460000,NaN,NaN,NaN,NaN,NaN,NaN,NaN,NaN,NaN,NaN,NaN,NaN
NaN,NaN,1095.060000,1135.420000,1867.830000,1772.650000,1876.461062,1845.242478,NaN,NaN,NaN,NaN,NaN,NaN,NaN,NaN,NaN,NaN
NaN,NaN,1100.170000,1137.580000,1859.050000,1765.300000,1865.714159,1841.660177,NaN,NaN,NaN,NaN,NaN,NaN,NaN,NaN,NaN,NaN
NaN,NaN,1104.330000,1139.900000,1847.150000,1755.450000,1860.730000,1833.580000,NaN,NaN,NaN,NaN,NaN,NaN,NaN,NaN,NaN,NaN
NaN,NaN,1110.180000,1143.820000,1830.400000,1741.290000,1854.370000,1825.250000,NaN,NaN,NaN,NaN,NaN,NaN,NaN,NaN,NaN,NaN
NaN,NaN,1113.490000,1147.580000,1817.620000,1727.760000,1849.870000,1817.190000,NaN,NaN,NaN,NaN,NaN,NaN,NaN,NaN,NaN,NaN
NaN,NaN,1115.100000,1149.750000,1808.590000,1719.000000,1847.000000,1810.640000,NaN,NaN,NaN,NaN,NaN,NaN,NaN,NaN,NaN,NaN
NaN,NaN,1116.940000,1151.290000,1800.920000,1711.660000,1844.390000,1806.530000,NaN,NaN,NaN,NaN,NaN,NaN,NaN,NaN,NaN,NaN
NaN,NaN,1119.190000,1153.000000,1794.600000,1704.490000,1842.690000,1802.900000,NaN,NaN,NaN,NaN,NaN,NaN,NaN,NaN,NaN,NaN
NaN,NaN,1119.990000,1154.730000,1788.460000,1698.340000,1840.260000,1799.840000,NaN,NaN,NaN,NaN,NaN,NaN,NaN,NaN,NaN,NaN
NaN,NaN,1120.600000,1155.410000,1784.840000,1692.560000,1836.800000,1797.350000,NaN,NaN,NaN,NaN,NaN,NaN,NaN,NaN,NaN,NaN
NaN,NaN,1121.120000,1154.820000,1781.860000,1685.870000,1834.730000,1794.480000,NaN,NaN,NaN,NaN,NaN,NaN,NaN,NaN,NaN,NaN
NaN,NaN,1123.590000,1155.250000,1768.600000,1669.720000,1830.690000,1789.040000,NaN,NaN,NaN,NaN,NaN,NaN,NaN,NaN,NaN,NaN
NaN,NaN,1125.860000,1156.360000,1747.170000,1658.720000,1822.160000,1781.320000,NaN,NaN,NaN,NaN,NaN,NaN,NaN,NaN,NaN,NaN
NaN,NaN,1127.850000,1157.770000,1730.480000,1649.150000,1812.380000,1773.620000,NaN,NaN,NaN,NaN,NaN,NaN,NaN,NaN,NaN,NaN
NaN,NaN,1138.760000,1163.700000,1714.590000,1638.050000,1801.640000,1765.810000,NaN,NaN,NaN,NaN,NaN,NaN,NaN,NaN,NaN,NaN
NaN,NaN,1140.780000,1166.640000,1698.350000,1626.630000,1790.920000,1756.010000,NaN,NaN,NaN,NaN,NaN,NaN,NaN,NaN,NaN,NaN
NaN,NaN,1143.270000,1169.360000,1682.820000,1612.340000,1780.720000,1747.940000,NaN,NaN,NaN,NaN,NaN,NaN,NaN,NaN,NaN,NaN
NaN,NaN,1144.850000,1171.770000,1668.010000,1600.190000,1773.550000,1742.530000,NaN,NaN,NaN,NaN,NaN,NaN,NaN,NaN,NaN,NaN
NaN,NaN,1146.510000,1173.660000,1653.390000,1588.240000,1766.500000,1736.670000,NaN,NaN,NaN,NaN,NaN,NaN,NaN,NaN,NaN,NaN
NaN,NaN,1147.320000,1174.990000,1642.570000,1576.940000,1758.900000,1732.120000,NaN,NaN,NaN,NaN,NaN,NaN,NaN,NaN,NaN,NaN
NaN,NaN,1150.000000,1176.780000,1632.890000,1565.660000,1751.590000,1727.650000,NaN,NaN,NaN,NaN,NaN,NaN,NaN,NaN,NaN,NaN
NaN,NaN,1152.470000,1179.900000,1626.310000,1556.600000,1746.020000,1723.410000,NaN,NaN,NaN,NaN,NaN,NaN,NaN,NaN,NaN,NaN
NaN,NaN,1155.820000,1182.790000,1619.070000,1547.090000,1739.790000,1718.640000,NaN,NaN,NaN,NaN,NaN,NaN,NaN,NaN,NaN,NaN
NaN,NaN,1161.760000,1187.070000,1599.680000,1531.450000,1729.060000,1710.700000,NaN,NaN,NaN,NaN,NaN,NaN,NaN,NaN,NaN,NaN
NaN,NaN,1167.550000,1191.460000,1582.740000,1518.700000,1717.420000,1701.020000,NaN,NaN,NaN,NaN,NaN,NaN,NaN,NaN,NaN,NaN
NaN,NaN,1173.530000,1195.790000,1564.360000,1504.770000,1708.720000,1690.680000,NaN,NaN,NaN,NaN,NaN,NaN,NaN,NaN,NaN,NaN
NaN,NaN,1179.640000,1197.970000,1548.290000,1495.560000,1703.060000,1680.920000,NaN,NaN,NaN,NaN,NaN,NaN,NaN,NaN,NaN,NaN
NaN,NaN,1185.840000,1199.330000,1536.320000,1485.400000,1697.930000,1673.230000,NaN,NaN,NaN,NaN,NaN,NaN,NaN,NaN,NaN,NaN
NaN,NaN,1189.550000,1200.310000,1532.560177,1472.683186,1692.710000,1666.400000,NaN,NaN,NaN,NaN,NaN,NaN,NaN,NaN,NaN,NaN
NaN,NaN,1191.140000,1201.040000,1538.290000,1456.350000,1686.890000,1660.780000,NaN,NaN,NaN,NaN,NaN,NaN,NaN,NaN,NaN,NaN
NaN,NaN,1192.620000,1201.900000,1537.910000,1441.750000,1681.010000,1655.200000,NaN,NaN,NaN,NaN,NaN,NaN,NaN,NaN,NaN,NaN
NaN,NaN,1193.680000,1202.880000,1539.724779,1440.442478,1676.900000,1650.340000,NaN,NaN,NaN,NaN,NaN,NaN,NaN,NaN,NaN,NaN
NaN,NaN,1194.460000,1203.840000,1540.500000,1432.080000,1674.050000,1645.810000,NaN,NaN,NaN,NaN,NaN,NaN,NaN,NaN,NaN,NaN
NaN,NaN,1194.810000,1203.770000,1540.830000,1423.560000,1670.820000,1641.110000,NaN,NaN,NaN,NaN,NaN,NaN,NaN,NaN,NaN,NaN
NaN,NaN,1194.960000,1203.820000,1539.724779,1418.948673,1666.020000,1636.050000,NaN,NaN,NaN,NaN,NaN,NaN,NaN,NaN,NaN,NaN
NaN,NaN,1195.320000,1204.500000,1550.471681,1393.872566,1661.010000,1628.720000,NaN,NaN,NaN,NaN,NaN,NaN,NaN,NaN,NaN,NaN
NaN,NaN,1197.450000,1207.750000,1571.965487,1336.555752,1650.610000,1617.670000,NaN,NaN,NaN,NaN,NaN,NaN,NaN,NaN,NaN,NaN
NaN,NaN,1200.850000,1209.200000,1611.370796,1272.074336,1635.100000,1601.800000,NaN,NaN,NaN,NaN,NaN,NaN,NaN,NaN,NaN,NaN
NaN,NaN,1204.700000,1209.930000,1632.864602,1243.415929,1617.670000,1586.770000,NaN,NaN,NaN,NaN,NaN,NaN,NaN,NaN,NaN,NaN
NaN,NaN,1207.900000,1209.780000,1679.434513,1193.263717,1597.490000,1570.640000,NaN,NaN,NaN,NaN,NaN,NaN,NaN,NaN,NaN,NaN
NaN,NaN,1209.640000,1210.210000,1693.763717,1175.352212,1589.876991,1544.329204,NaN,NaN,NaN,NaN,NaN,NaN,NaN,NaN,NaN,NaN
NaN,NaN,1211.300000,1212.710000,1711.675221,1157.440708,1580.250000,1534.420000,NaN,NaN,NaN,NaN,NaN,NaN,NaN,NaN,NaN,NaN
NaN,NaN,1213.060000,1215.560000,1733.169027,1125.200000,1576.020000,1533.090000,NaN,NaN,NaN,NaN,NaN,NaN,NaN,NaN,NaN,NaN
NaN,NaN,1214.860000,1217.940000,1751.080531,1096.541593,1570.010000,1528.830000,NaN,NaN,NaN,NaN,NaN,NaN,NaN,NaN,NaN,NaN
NaN,NaN,1215.980000,1219.160000,1790.485841,1071.465487,1563.570000,1523.990000,NaN,NaN,NaN,NaN,NaN,NaN,NaN,NaN,NaN,NaN
NaN,NaN,1217.500000,1221.120000,1833.473451,1024.895575,1555.710000,1517.360000,NaN,NaN,NaN,NaN,NaN,NaN,NaN,NaN,NaN,NaN
NaN,NaN,1220.460000,1223.580000,1862.131858,971.161062,1547.050000,1509.740000,NaN,NaN,NaN,NaN,NaN,NaN,NaN,NaN,NaN,NaN
NaN,NaN,1223.630000,1225.930000,1876.461062,971.161062,1536.710000,1499.530000,NaN,NaN,NaN,NaN,NaN,NaN,NaN,NaN,NaN,NaN
NaN,NaN,1229.370000,1229.010000,1890.790265,960.414159,1526.820000,1485.670000,NaN,NaN,NaN,NaN,NaN,NaN,NaN,NaN,NaN,NaN
NaN,NaN,1232.980000,1231.490000,1890.790265,953.249558,1511.066372,1447.607080,NaN,NaN,NaN,NaN,NaN,NaN,NaN,NaN,NaN,NaN
NaN,NaN,1237.940000,1237.810000,1894.372566,949.667257,1511.066372,1422.530973,NaN,NaN,NaN,NaN,NaN,NaN,NaN,NaN,NaN,NaN
NaN,NaN,1243.110000,1243.680000,1894.372566,942.502655,1536.142478,1404.619469,NaN,NaN,NaN,NaN,NaN,NaN,NaN,NaN,NaN,NaN
NaN,NaN,1245.350000,1244.820000,1897.954867,942.502655,1554.053982,1386.707965,NaN,NaN,NaN,NaN,NaN,NaN,NaN,NaN,NaN,NaN
NaN,NaN,1246.480000,1246.000000,1905.119469,928.173451,1579.130088,1322.226549,NaN,NaN,NaN,NaN,NaN,NaN,NaN,NaN,NaN,NaN
NaN,NaN,1247.870000,1246.490000,1894.372566,935.338053,1597.041593,1282.821239,NaN,NaN,NaN,NaN,NaN,NaN,NaN,NaN,NaN,NaN
NaN,NaN,1248.760000,1248.110000,1897.954867,928.173451,1611.370796,1254.162832,NaN,NaN,NaN,NaN,NaN,NaN,NaN,NaN,NaN,NaN
NaN,NaN,1250.180000,1249.990000,1897.954867,928.173451,1632.864602,1243.415929,NaN,NaN,NaN,NaN,NaN,NaN,NaN,NaN,NaN,NaN
NaN,NaN,1251.230000,1251.210000,1887.207965,931.755752,1661.523009,1204.010619,NaN,NaN,NaN,NaN,NaN,NaN,NaN,NaN,NaN,NaN
NaN,NaN,1253.170000,1252.610000,1897.954867,921.008850,1708.092920,1164.605310,NaN,NaN,NaN,NaN,NaN,NaN,NaN,NaN,NaN,NaN
NaN,NaN,1255.400000,1254.370000,1897.954867,921.008850,1733.169027,1114.453097,NaN,NaN,NaN,NaN,NaN,NaN,NaN,NaN,NaN,NaN
NaN,NaN,1258.220000,1257.300000,NaN,NaN,1844.220354,967.578761,NaN,NaN,NaN,NaN,NaN,NaN,NaN,NaN,NaN,NaN
NaN,NaN,1261.070000,1260.660000,NaN,NaN,1887.207965,928.173451,NaN,NaN,NaN,NaN,NaN,NaN,NaN,NaN,NaN,NaN
NaN,NaN,1263.700000,1262.410000,NaN,NaN,1865.714159,953.249558,NaN,NaN,NaN,NaN,NaN,NaN,NaN,NaN,NaN,NaN
NaN,NaN,1265.740000,1263.720000,NaN,NaN,1862.131858,935.338053,NaN,NaN,NaN,NaN,NaN,NaN,NaN,NaN,NaN,NaN
NaN,NaN,1267.360000,1265.530000,NaN,NaN,1854.967257,931.755752,NaN,NaN,NaN,NaN,NaN,NaN,NaN,NaN,NaN,NaN
NaN,NaN,1268.430000,1267.030000,NaN,NaN,1833.473451,921.008850,NaN,NaN,NaN,NaN,NaN,NaN,NaN,NaN,NaN,NaN
NaN,NaN,1269.090000,1268.460000,NaN,NaN,1833.473451,910.261947,NaN,NaN,NaN,NaN,NaN,NaN,NaN,NaN,NaN,NaN
NaN,NaN,1269.870000,1270.070000,NaN,NaN,1833.473451,903.097345,NaN,NaN,NaN,NaN,NaN,NaN,NaN,NaN,NaN,NaN
NaN,NaN,1270.940000,1271.950000,NaN,NaN,1833.473451,903.097345,NaN,NaN,NaN,NaN,NaN,NaN,NaN,NaN,NaN,NaN
NaN,NaN,1272.120000,1274.050000,NaN,NaN,1822.726549,892.350442,NaN,NaN,NaN,NaN,NaN,NaN,NaN,NaN,NaN,NaN
NaN,NaN,1276.330000,1280.010000,NaN,NaN,1811.979646,870.856637,1880.043363,1841.660177,NaN,NaN,NaN,NaN,NaN,NaN,NaN,NaN
NaN,NaN,1279.550000,1283.490000,NaN,NaN,1801.232743,867.274336,1862.131858,1823.748673,NaN,NaN,NaN,NaN,NaN,NaN,NaN,NaN
NaN,NaN,1282.290000,1287.570000,NaN,NaN,1776.156637,856.527434,1847.802655,1795.090265,NaN,NaN,NaN,NaN,NaN,NaN,NaN,NaN
NaN,NaN,1284.830000,1291.250000,NaN,NaN,1754.662832,838.615929,1826.308850,1762.849558,NaN,NaN,NaN,NaN,NaN,NaN,NaN,NaN
NaN,NaN,1288.180000,1294.370000,NaN,NaN,1729.586726,820.704425,1808.397345,1748.520354,NaN,NaN,NaN,NaN,NaN,NaN,NaN,NaN
NaN,NaN,1291.300000,1296.120000,NaN,NaN,1704.510619,806.375221,1786.903540,1723.444248,NaN,NaN,NaN,NaN,NaN,NaN,NaN,NaN
NaN,NaN,1294.410000,1297.660000,NaN,NaN,1697.346018,795.628319,1783.321239,1716.279646,NaN,NaN,NaN,NaN,NaN,NaN,NaN,NaN
NaN,NaN,1298.170000,1298.640000,NaN,NaN,1683.016814,774.134513,1758.245133,1705.532743,NaN,NaN,NaN,NaN,NaN,NaN,NaN,NaN
NaN,NaN,1301.720000,1300.480000,NaN,NaN,1683.016814,770.552212,1740.333628,1694.785841,NaN,NaN,NaN,NaN,NaN,NaN,NaN,NaN
NaN,NaN,1304.490000,1302.050000,NaN,NaN,1672.269912,756.223009,1729.586726,1687.621239,NaN,NaN,NaN,NaN,NaN,NaN,NaN,NaN
NaN,NaN,1306.870000,1303.250000,NaN,NaN,1675.852212,734.729204,1722.422124,1666.127434,NaN,NaN,NaN,NaN,NaN,NaN,NaN,NaN
NaN,NaN,1309.970000,1305.400000,NaN,NaN,1668.687611,727.564602,1708.092920,1644.633628,NaN,NaN,NaN,NaN,NaN,NaN,NaN,NaN
NaN,NaN,1314.000000,1310.430000,NaN,NaN,1640.029204,695.323894,1665.105310,1605.228319,NaN,NaN,NaN,NaN,NaN,NaN,NaN,NaN
NaN,NaN,1318.290000,1315.210000,NaN,NaN,1607.788496,659.500885,1622.117699,1555.076106,NaN,NaN,NaN,NaN,NaN,NaN,NaN,NaN
NaN,NaN,1329.210000,1324.100000,NaN,NaN,1543.307080,609.348673,1579.130088,1526.417699,NaN,NaN,NaN,NaN,NaN,NaN,NaN,NaN
NaN,NaN,1333.780000,1325.710000,NaN,NaN,NaN,NaN,1571.965487,1501.341593,NaN,NaN,NaN,NaN,NaN,NaN,NaN,NaN
NaN,NaN,1343.030000,1325.100000,NaN,NaN,NaN,NaN,1554.053982,1465.518584,NaN,NaN,NaN,NaN,NaN,NaN,NaN,NaN
NaN,NaN,1346.570000,1329.030000,NaN,NaN,NaN,NaN,1546.889381,1433.277876,NaN,NaN,NaN,NaN,NaN,NaN,NaN,NaN
NaN,NaN,1348.150000,1330.740000,NaN,NaN,NaN,NaN,1543.307080,1404.619469,NaN,NaN,NaN,NaN,NaN,NaN,NaN,NaN
NaN,NaN,1349.860000,1332.380000,NaN,NaN,NaN,NaN,1575.547788,1347.302655,NaN,NaN,NaN,NaN,NaN,NaN,NaN,NaN
NaN,NaN,1351.840000,1333.630000,NaN,NaN,NaN,NaN,1593.459292,1307.897345,NaN,NaN,NaN,NaN,NaN,NaN,NaN,NaN
NaN,NaN,1353.130000,1334.340000,NaN,NaN,NaN,NaN,1614.953097,1286.403540,NaN,NaN,NaN,NaN,NaN,NaN,NaN,NaN
NaN,NaN,1354.180000,1334.800000,NaN,NaN,NaN,NaN,1632.864602,1257.745133,NaN,NaN,NaN,NaN,NaN,NaN,NaN,NaN
NaN,NaN,1355.780000,1336.530000,NaN,NaN,NaN,NaN,1665.105310,1211.175221,NaN,NaN,NaN,NaN,NaN,NaN,NaN,NaN
NaN,NaN,1360.000000,1339.010000,NaN,NaN,NaN,NaN,1736.751327,1150.276106,NaN,NaN,NaN,NaN,NaN,NaN,NaN,NaN
NaN,NaN,1364.440000,1340.960000,NaN,NaN,NaN,NaN,1779.738938,1085.794690,NaN,NaN,NaN,NaN,NaN,NaN,NaN,NaN
NaN,NaN,1369.180000,1343.750000,NaN,NaN,NaN,NaN,1876.461062,999.819469,NaN,NaN,NaN,NaN,NaN,NaN,NaN,NaN
NaN,NaN,1373.270000,1346.210000,NaN,NaN,NaN,NaN,1897.954867,996.237168,NaN,NaN,NaN,NaN,NaN,NaN,NaN,NaN
NaN,NaN,1376.290000,1348.800000,NaN,NaN,NaN,NaN,1923.030973,999.819469,NaN,NaN,NaN,NaN,NaN,NaN,NaN,NaN
NaN,NaN,1378.750000,1351.090000,NaN,NaN,NaN,NaN,1926.613274,999.819469,NaN,NaN,NaN,NaN,NaN,NaN,NaN,NaN
NaN,NaN,1381.030000,1352.530000,NaN,NaN,NaN,NaN,1951.689381,999.819469,NaN,NaN,NaN,NaN,NaN,NaN,NaN,NaN
NaN,NaN,1383.120000,1354.020000,NaN,NaN,NaN,NaN,1962.436283,1006.984071,NaN,NaN,NaN,NaN,NaN,NaN,NaN,NaN
NaN,NaN,1385.290000,1355.370000,NaN,NaN,NaN,NaN,1966.018584,1010.566372,NaN,NaN,NaN,NaN,NaN,NaN,NaN,NaN
NaN,NaN,1387.480000,1356.030000,NaN,NaN,NaN,NaN,1976.765487,1010.566372,NaN,NaN,NaN,NaN,NaN,NaN,NaN,NaN
NaN,NaN,1390.040000,1356.520000,NaN,NaN,NaN,NaN,1983.930088,1017.730973,NaN,NaN,NaN,NaN,NaN,NaN,NaN,NaN
NaN,NaN,1393.240000,1357.700000,NaN,NaN,NaN,NaN,2005.423894,1024.895575,NaN,NaN,NaN,NaN,NaN,NaN,NaN,NaN
NaN,NaN,1397.910000,1361.880000,NaN,NaN,NaN,NaN,2019.753097,1039.224779,NaN,NaN,NaN,NaN,NaN,NaN,NaN,NaN
NaN,NaN,1402.430000,1365.370000,NaN,NaN,NaN,NaN,NaN,NaN,NaN,NaN,NaN,NaN,NaN,NaN,NaN,NaN
NaN,NaN,1407.400000,1369.420000,NaN,NaN,NaN,NaN,NaN,NaN,NaN,NaN,NaN,NaN,NaN,NaN,NaN,NaN
NaN,NaN,1413.120000,1373.210000,NaN,NaN,NaN,NaN,NaN,NaN,NaN,NaN,NaN,NaN,NaN,NaN,NaN,NaN
NaN,NaN,1418.850000,1377.040000,NaN,NaN,NaN,NaN,NaN,NaN,NaN,NaN,NaN,NaN,NaN,NaN,NaN,NaN
NaN,NaN,1424.770000,1380.900000,NaN,NaN,NaN,NaN,NaN,NaN,NaN,NaN,NaN,NaN,NaN,NaN,NaN,NaN
NaN,NaN,1429.510000,1382.590000,NaN,NaN,NaN,NaN,NaN,NaN,NaN,NaN,NaN,NaN,NaN,NaN,NaN,NaN
NaN,NaN,1433.950000,1384.470000,NaN,NaN,NaN,NaN,NaN,NaN,1726.004425,1995.699115,NaN,NaN,NaN,NaN,NaN,NaN
NaN,NaN,1437.490000,1385.920000,NaN,NaN,NaN,NaN,NaN,NaN,1740.333628,1970.623009,NaN,NaN,NaN,NaN,NaN,NaN
NaN,NaN,1440.620000,1386.940000,NaN,NaN,NaN,NaN,NaN,NaN,1746.480000,1964.510000,NaN,NaN,NaN,NaN,NaN,NaN
NaN,NaN,1442.280000,1387.900000,NaN,NaN,NaN,NaN,NaN,NaN,1754.680000,1951.380000,NaN,NaN,NaN,NaN,NaN,NaN
NaN,NaN,1445.090000,1388.770000,NaN,NaN,NaN,NaN,NaN,NaN,1772.060000,1927.830000,NaN,NaN,NaN,NaN,NaN,NaN
NaN,NaN,1449.600000,1389.610000,NaN,NaN,NaN,NaN,NaN,NaN,1780.120000,1914.430000,NaN,NaN,NaN,NaN,NaN,NaN
NaN,NaN,1454.540000,1390.800000,NaN,NaN,NaN,NaN,NaN,NaN,1804.815044,1873.900885,NaN,NaN,NaN,NaN,NaN,NaN
NaN,NaN,1461.040000,1392.460000,NaN,NaN,NaN,NaN,NaN,NaN,1811.060000,1856.050000,NaN,NaN,NaN,NaN,NaN,NaN
NaN,NaN,1467.730000,1393.850000,NaN,NaN,NaN,NaN,NaN,NaN,1816.060000,1841.100000,NaN,NaN,NaN,NaN,NaN,NaN
NaN,NaN,1474.230000,1393.460000,NaN,NaN,NaN,NaN,NaN,NaN,1817.120000,1831.910000,NaN,NaN,NaN,NaN,NaN,NaN
NaN,NaN,1483.850000,1390.680000,NaN,NaN,NaN,NaN,NaN,NaN,1814.960000,1820.650000,NaN,NaN,NaN,NaN,NaN,NaN
NaN,NaN,1489.350000,1389.870000,NaN,NaN,NaN,NaN,NaN,NaN,1813.220000,1810.600000,NaN,NaN,NaN,NaN,NaN,NaN
NaN,NaN,1494.390000,1388.760000,NaN,NaN,NaN,NaN,NaN,NaN,1809.040000,1801.160000,NaN,NaN,NaN,NaN,NaN,NaN
NaN,NaN,1497.870000,1388.020000,NaN,NaN,NaN,NaN,NaN,NaN,1805.390000,1794.900000,NaN,NaN,NaN,NaN,NaN,NaN
NaN,NaN,1498.870000,1387.220000,NaN,NaN,NaN,NaN,NaN,NaN,1802.680000,1789.910000,NaN,NaN,NaN,NaN,NaN,NaN
NaN,NaN,1500.640000,1386.360000,NaN,NaN,NaN,NaN,NaN,NaN,1799.810000,1784.910000,NaN,NaN,NaN,NaN,NaN,NaN
NaN,NaN,1508.880000,1383.910000,NaN,NaN,NaN,NaN,NaN,NaN,1793.590000,1776.100000,NaN,NaN,NaN,NaN,NaN,NaN
NaN,NaN,1518.090000,1377.220000,NaN,NaN,NaN,NaN,NaN,NaN,1781.450000,1764.810000,NaN,NaN,NaN,NaN,NaN,NaN
NaN,NaN,1554.053982,1332.973451,NaN,NaN,NaN,NaN,NaN,NaN,1754.662832,1730.608850,NaN,NaN,NaN,NaN,NaN,NaN
NaN,NaN,1575.547788,1297.150442,NaN,NaN,NaN,NaN,NaN,NaN,1726.000000,1707.980000,NaN,NaN,NaN,NaN,NaN,NaN
NaN,NaN,1579.130088,1289.985841,NaN,NaN,NaN,NaN,NaN,NaN,1702.990000,1685.670000,NaN,NaN,NaN,NaN,NaN,NaN
NaN,NaN,1589.876991,1264.909735,NaN,NaN,NaN,NaN,NaN,NaN,1685.930000,1665.700000,NaN,NaN,NaN,NaN,NaN,NaN
NaN,NaN,1597.041593,1257.745133,NaN,NaN,NaN,NaN,NaN,NaN,1686.599115,1669.709735,NaN,NaN,NaN,NaN,NaN,NaN
NaN,NaN,1611.370796,1239.833628,NaN,NaN,NaN,NaN,NaN,NaN,1675.990000,1661.130000,NaN,NaN,NaN,NaN,NaN,NaN
NaN,NaN,1614.953097,1236.251327,NaN,NaN,NaN,NaN,NaN,NaN,1664.890000,1652.500000,NaN,NaN,NaN,NaN,NaN,NaN
NaN,NaN,1625.700000,1232.669027,NaN,NaN,NaN,NaN,NaN,NaN,1654.340000,1639.880000,NaN,NaN,NaN,NaN,NaN,NaN
NaN,NaN,1636.446903,1218.339823,NaN,NaN,NaN,NaN,NaN,NaN,1647.010000,1628.780000,NaN,NaN,NaN,NaN,NaN,NaN
NaN,NaN,1632.864602,1207.592920,NaN,NaN,NaN,NaN,NaN,NaN,1640.000000,1619.330000,1718.839823,2002.863717,NaN,NaN,NaN,NaN
NaN,NaN,1654.358407,1196.846018,NaN,NaN,NaN,NaN,NaN,NaN,1633.560000,1603.050000,1747.498230,1949.129204,NaN,NaN,NaN,NaN
NaN,NaN,1672.269912,1178.934513,NaN,NaN,NaN,NaN,NaN,NaN,1612.390000,1575.200000,1804.815044,1873.900885,NaN,NaN,NaN,NaN
NaN,NaN,1718.839823,1139.529204,NaN,NaN,NaN,NaN,NaN,NaN,1579.670000,1550.970000,1815.561947,1848.824779,NaN,NaN,NaN,NaN
NaN,NaN,1772.574336,1078.630088,NaN,NaN,NaN,NaN,NaN,NaN,1549.910000,1530.850000,1819.144248,1845.242478,NaN,NaN,NaN,NaN
NaN,NaN,1819.144248,1039.224779,NaN,NaN,NaN,NaN,NaN,NaN,1529.000000,1507.730000,1815.561947,1816.584071,NaN,NaN,NaN,NaN
NaN,NaN,1847.802655,989.072566,NaN,NaN,NaN,NaN,NaN,NaN,1521.813274,1497.759292,1822.726549,1805.837168,NaN,NaN,NaN,NaN
NaN,NaN,1880.043363,985.490265,NaN,NaN,NaN,NaN,NaN,NaN,1519.820000,1484.750000,1804.815044,1787.925664,NaN,NaN,NaN,NaN
NaN,NaN,1883.625664,967.578761,NaN,NaN,NaN,NaN,NaN,NaN,1528.977876,1451.189381,1811.979646,1777.178761,NaN,NaN,NaN,NaN
NaN,NaN,1887.207965,956.831858,NaN,NaN,NaN,NaN,NaN,NaN,1526.030000,1434.810000,1790.485841,1770.014159,NaN,NaN,NaN,NaN
NaN,NaN,1883.625664,956.831858,NaN,NaN,NaN,NaN,NaN,NaN,1525.395575,1408.201770,1790.485841,1759.267257,NaN,NaN,NaN,NaN
NaN,NaN,1887.207965,953.249558,NaN,NaN,NaN,NaN,NaN,NaN,1538.910000,1383.160000,1783.321239,1744.938053,NaN,NaN,NaN,NaN
NaN,NaN,1901.537168,949.667257,NaN,NaN,NaN,NaN,NaN,NaN,1551.890000,1348.600000,1758.245133,1744.938053,NaN,NaN,NaN,NaN
NaN,NaN,1912.284071,938.920354,NaN,NaN,NaN,NaN,NaN,NaN,1632.864602,1239.833628,1736.751327,1716.279646,NaN,NaN,NaN,NaN
NaN,NaN,1966.018584,931.755752,NaN,NaN,NaN,NaN,NaN,NaN,1704.510619,1161.023009,1711.675221,1694.785841,NaN,NaN,NaN,NaN
NaN,NaN,NaN,NaN,NaN,NaN,NaN,NaN,NaN,NaN,1775.160000,1076.690000,1693.763717,1684.038938,NaN,NaN,NaN,NaN
NaN,NaN,NaN,NaN,NaN,NaN,NaN,NaN,NaN,NaN,1822.726549,1032.060177,1665.105310,1658.962832,NaN,NaN,NaN,NaN
NaN,NaN,NaN,NaN,NaN,NaN,NaN,NaN,NaN,NaN,NaN,NaN,1657.940708,1633.886726,NaN,NaN,NaN,NaN
NaN,NaN,NaN,NaN,NaN,NaN,NaN,NaN,NaN,NaN,NaN,NaN,1647.193805,1623.139823,NaN,NaN,NaN,NaN
NaN,NaN,NaN,NaN,NaN,NaN,NaN,NaN,NaN,NaN,NaN,NaN,1643.611504,1612.392920,NaN,NaN,NaN,NaN
NaN,NaN,NaN,NaN,NaN,NaN,NaN,NaN,NaN,NaN,NaN,NaN,1632.864602,1601.646018,NaN,NaN,NaN,NaN
NaN,NaN,NaN,NaN,NaN,NaN,NaN,NaN,NaN,NaN,NaN,NaN,1629.282301,1587.316814,NaN,NaN,NaN,NaN
NaN,NaN,NaN,NaN,NaN,NaN,NaN,NaN,NaN,NaN,NaN,NaN,1622.117699,1580.152212,NaN,NaN,NaN,NaN
NaN,NaN,NaN,NaN,NaN,NaN,NaN,NaN,NaN,NaN,NaN,NaN,1607.788496,1576.569912,NaN,NaN,NaN,NaN
NaN,NaN,NaN,NaN,NaN,NaN,NaN,NaN,NaN,NaN,NaN,NaN,1592.960000,1568.980000,NaN,NaN,NaN,NaN
NaN,NaN,NaN,NaN,NaN,NaN,NaN,NaN,NaN,NaN,NaN,NaN,1567.970000,1562.170000,NaN,NaN,NaN,NaN
NaN,NaN,NaN,NaN,NaN,NaN,NaN,NaN,NaN,NaN,NaN,NaN,1539.724779,1530.000000,NaN,NaN,NaN,NaN
NaN,NaN,NaN,NaN,NaN,NaN,NaN,NaN,NaN,NaN,NaN,NaN,1521.813274,1515.670796,NaN,NaN,NaN,NaN
NaN,NaN,NaN,NaN,NaN,NaN,NaN,NaN,NaN,NaN,NaN,NaN,1518.230973,1494.176991,NaN,NaN,NaN,NaN
NaN,NaN,NaN,NaN,NaN,NaN,NaN,NaN,NaN,NaN,NaN,NaN,1514.648673,1469.100885,NaN,NaN,NaN,NaN
NaN,NaN,NaN,NaN,NaN,NaN,NaN,NaN,NaN,NaN,NaN,NaN,1510.470000,1444.590000,NaN,NaN,NaN,NaN
NaN,NaN,NaN,NaN,NaN,NaN,NaN,NaN,NaN,NaN,NaN,NaN,1513.000000,1417.200000,NaN,NaN,NaN,NaN
NaN,NaN,NaN,NaN,NaN,NaN,NaN,NaN,NaN,NaN,NaN,NaN,1527.780000,1389.160000,NaN,NaN,NaN,NaN
NaN,NaN,NaN,NaN,NaN,NaN,NaN,NaN,NaN,NaN,NaN,NaN,1554.040000,1331.850000,NaN,NaN,NaN,NaN
NaN,NaN,NaN,NaN,NaN,NaN,NaN,NaN,NaN,NaN,NaN,NaN,1586.210000,1280.790000,NaN,NaN,NaN,NaN
NaN,NaN,NaN,NaN,NaN,NaN,NaN,NaN,NaN,NaN,NaN,NaN,1627.010000,1225.880000,NaN,NaN,NaN,NaN
NaN,NaN,NaN,NaN,NaN,NaN,NaN,NaN,NaN,NaN,NaN,NaN,1678.900000,1168.820000,NaN,NaN,NaN,NaN
NaN,NaN,NaN,NaN,NaN,NaN,NaN,NaN,NaN,NaN,NaN,NaN,1765.409735,1089.376991,NaN,NaN,NaN,NaN
NaN,NaN,NaN,NaN,NaN,NaN,NaN,NaN,NaN,NaN,NaN,NaN,1836.820000,1018.010000,NaN,NaN,NaN,NaN
NaN,NaN,NaN,NaN,NaN,NaN,NaN,NaN,NaN,NaN,NaN,NaN,NaN,NaN,NaN,NaN,NaN,NaN
NaN,NaN,NaN,NaN,NaN,NaN,NaN,NaN,NaN,NaN,NaN,NaN,NaN,NaN,NaN,NaN,NaN,NaN
NaN,NaN,NaN,NaN,NaN,NaN,NaN,NaN,NaN,NaN,NaN,NaN,NaN,NaN,NaN,NaN,NaN,NaN
NaN,NaN,NaN,NaN,NaN,NaN,NaN,NaN,NaN,NaN,NaN,NaN,NaN,NaN,NaN,NaN,NaN,NaN
NaN,NaN,NaN,NaN,NaN,NaN,NaN,NaN,NaN,NaN,NaN,NaN,NaN,NaN,NaN,NaN,NaN,NaN
NaN,NaN,NaN,NaN,NaN,NaN,NaN,NaN,NaN,NaN,NaN,NaN,NaN,NaN,NaN,NaN,NaN,NaN
NaN,NaN,NaN,NaN,NaN,NaN,NaN,NaN,NaN,NaN,NaN,NaN,NaN,NaN,NaN,NaN,NaN,NaN
NaN,NaN,NaN,NaN,NaN,NaN,NaN,NaN,NaN,NaN,NaN,NaN,NaN,NaN,NaN,NaN,NaN,NaN
NaN,NaN,NaN,NaN,NaN,NaN,NaN,NaN,NaN,NaN,NaN,NaN,NaN,NaN,NaN,NaN,NaN,NaN
NaN,NaN,NaN,NaN,NaN,NaN,NaN,NaN,NaN,NaN,NaN,NaN,NaN,NaN,NaN,NaN,NaN,NaN
NaN,NaN,NaN,NaN,NaN,NaN,NaN,NaN,NaN,NaN,NaN,NaN,NaN,NaN,NaN,NaN,NaN,NaN
NaN,NaN,NaN,NaN,NaN,NaN,NaN,NaN,NaN,NaN,NaN,NaN,NaN,NaN,NaN,NaN,NaN,NaN
NaN,NaN,NaN,NaN,NaN,NaN,NaN,NaN,NaN,NaN,NaN,NaN,NaN,NaN,NaN,NaN,NaN,NaN
NaN,NaN,NaN,NaN,NaN,NaN,NaN,NaN,NaN,NaN,NaN,NaN,NaN,NaN,NaN,NaN,NaN,NaN
NaN,NaN,NaN,NaN,NaN,NaN,NaN,NaN,NaN,NaN,NaN,NaN,NaN,NaN,NaN,NaN,NaN,NaN
NaN,NaN,NaN,NaN,NaN,NaN,NaN,NaN,NaN,NaN,NaN,NaN,NaN,NaN,NaN,NaN,NaN,NaN
NaN,NaN,NaN,NaN,NaN,NaN,NaN,NaN,NaN,NaN,NaN,NaN,NaN,NaN,NaN,NaN,NaN,NaN
NaN,NaN,NaN,NaN,NaN,NaN,NaN,NaN,NaN,NaN,NaN,NaN,NaN,NaN,NaN,NaN,NaN,NaN
NaN,NaN,NaN,NaN,NaN,NaN,NaN,NaN,NaN,NaN,NaN,NaN,NaN,NaN,NaN,NaN,NaN,NaN
NaN,NaN,NaN,NaN,NaN,NaN,NaN,NaN,NaN,NaN,NaN,NaN,NaN,NaN,NaN,NaN,NaN,NaN
NaN,NaN,NaN,NaN,NaN,NaN,NaN,NaN,NaN,NaN,NaN,NaN,NaN,NaN,NaN,NaN,NaN,NaN
NaN,NaN,NaN,NaN,NaN,NaN,NaN,NaN,NaN,NaN,NaN,NaN,NaN,NaN,NaN,NaN,NaN,NaN
NaN,NaN,NaN,NaN,NaN,NaN,NaN,NaN,NaN,NaN,NaN,NaN,NaN,NaN,NaN,NaN,NaN,NaN
NaN,NaN,NaN,NaN,NaN,NaN,NaN,NaN,NaN,NaN,NaN,NaN,NaN,NaN,NaN,NaN,NaN,NaN
NaN,NaN,NaN,NaN,NaN,NaN,NaN,NaN,NaN,NaN,NaN,NaN,NaN,NaN,NaN,NaN,NaN,NaN
NaN,NaN,NaN,NaN,NaN,NaN,NaN,NaN,NaN,NaN,NaN,NaN,NaN,NaN,NaN,NaN,NaN,NaN
NaN,NaN,NaN,NaN,NaN,NaN,NaN,NaN,NaN,NaN,NaN,NaN,NaN,NaN,NaN,NaN,NaN,NaN
NaN,NaN,NaN,NaN,NaN,NaN,NaN,NaN,NaN,NaN,NaN,NaN,NaN,NaN,NaN,NaN,NaN,NaN
NaN,NaN,NaN,NaN,NaN,NaN,NaN,NaN,NaN,NaN,NaN,NaN,NaN,NaN,NaN,NaN,NaN,NaN
NaN,NaN,NaN,NaN,NaN,NaN,NaN,NaN,NaN,NaN,NaN,NaN,NaN,NaN,NaN,NaN,NaN,NaN
NaN,NaN,NaN,NaN,NaN,NaN,NaN,NaN,NaN,NaN,NaN,NaN,NaN,NaN,NaN,NaN,NaN,NaN
NaN,NaN,NaN,NaN,NaN,NaN,NaN,NaN,NaN,NaN,NaN,NaN,NaN,NaN,NaN,NaN,NaN,NaN
NaN,NaN,NaN,NaN,NaN,NaN,NaN,NaN,NaN,NaN,NaN,NaN,NaN,NaN,NaN,NaN,NaN,NaN
NaN,NaN,NaN,NaN,NaN,NaN,NaN,NaN,NaN,NaN,NaN,NaN,NaN,NaN,NaN,NaN,NaN,NaN
NaN,NaN,NaN,NaN,NaN,NaN,NaN,NaN,NaN,NaN,NaN,NaN,NaN,NaN,NaN,NaN,NaN,NaN
NaN,NaN,NaN,NaN,NaN,NaN,NaN,NaN,NaN,NaN,NaN,NaN,NaN,NaN,NaN,NaN,NaN,NaN
NaN,NaN,NaN,NaN,NaN,NaN,NaN,NaN,NaN,NaN,NaN,NaN,NaN,NaN,NaN,NaN,NaN,NaN
NaN,NaN,NaN,NaN,NaN,NaN,NaN,NaN,NaN,NaN,NaN,NaN,NaN,NaN,NaN,NaN,NaN,NaN
NaN,NaN,NaN,NaN,NaN,NaN,NaN,NaN,NaN,NaN,NaN,NaN,NaN,NaN,NaN,NaN,NaN,NaN
NaN,NaN,NaN,NaN,NaN,NaN,NaN,NaN,NaN,NaN,NaN,NaN,NaN,NaN,NaN,NaN,NaN,NaN
NaN,NaN,NaN,NaN,NaN,NaN,NaN,NaN,NaN,NaN,NaN,NaN,NaN,NaN,851.923009,1487.012389,NaN,NaN
NaN,NaN,NaN,NaN,NaN,NaN,NaN,NaN,NaN,NaN,NaN,NaN,NaN,NaN,851.910000,1486.940000,NaN,NaN
NaN,NaN,NaN,NaN,NaN,NaN,NaN,NaN,NaN,NaN,NaN,NaN,NaN,NaN,851.890000,1484.820000,NaN,NaN
NaN,NaN,NaN,NaN,NaN,NaN,NaN,NaN,NaN,NaN,NaN,NaN,NaN,NaN,852.030000,1478.850000,NaN,NaN
NaN,NaN,NaN,NaN,NaN,NaN,NaN,NaN,NaN,NaN,NaN,NaN,NaN,NaN,852.100000,1471.540000,NaN,NaN
NaN,NaN,NaN,NaN,NaN,NaN,NaN,NaN,NaN,NaN,NaN,NaN,NaN,NaN,851.700000,1462.780000,NaN,NaN
NaN,NaN,NaN,NaN,NaN,NaN,NaN,NaN,NaN,NaN,NaN,NaN,NaN,NaN,851.840000,1454.560000,NaN,NaN
NaN,NaN,NaN,NaN,NaN,NaN,NaN,NaN,NaN,NaN,NaN,NaN,NaN,NaN,851.920000,1446.910000,NaN,NaN
NaN,NaN,NaN,NaN,NaN,NaN,NaN,NaN,NaN,NaN,NaN,NaN,NaN,NaN,852.260000,1440.370000,NaN,NaN
NaN,NaN,NaN,NaN,NaN,NaN,NaN,NaN,NaN,NaN,NaN,NaN,NaN,NaN,853.070000,1435.040000,NaN,NaN
NaN,NaN,NaN,NaN,NaN,NaN,NaN,NaN,NaN,NaN,NaN,NaN,NaN,NaN,853.920000,1429.470000,NaN,NaN
NaN,NaN,NaN,NaN,NaN,NaN,NaN,NaN,NaN,NaN,NaN,NaN,NaN,NaN,854.760000,1422.880000,NaN,NaN
NaN,NaN,NaN,NaN,NaN,NaN,NaN,NaN,NaN,NaN,NaN,NaN,NaN,NaN,854.580000,1416.800000,NaN,NaN
NaN,NaN,NaN,NaN,NaN,NaN,NaN,NaN,NaN,NaN,NaN,NaN,NaN,NaN,854.860000,1410.430000,NaN,NaN
NaN,NaN,NaN,NaN,NaN,NaN,NaN,NaN,NaN,NaN,NaN,NaN,NaN,NaN,854.310000,1401.270000,NaN,NaN
NaN,NaN,NaN,NaN,NaN,NaN,NaN,NaN,NaN,NaN,NaN,NaN,NaN,NaN,854.450000,1389.680000,NaN,NaN
NaN,NaN,NaN,NaN,NaN,NaN,NaN,NaN,NaN,NaN,NaN,NaN,NaN,NaN,854.930000,1377.610000,NaN,NaN
NaN,NaN,NaN,NaN,NaN,NaN,NaN,NaN,NaN,NaN,NaN,NaN,NaN,NaN,855.760000,1365.880000,NaN,NaN
NaN,NaN,NaN,NaN,NaN,NaN,NaN,NaN,NaN,NaN,NaN,NaN,NaN,NaN,862.669912,1354.467257,NaN,NaN
NaN,NaN,NaN,NaN,NaN,NaN,NaN,NaN,NaN,NaN,NaN,NaN,NaN,NaN,866.850000,1344.010000,NaN,NaN
NaN,NaN,NaN,NaN,NaN,NaN,NaN,NaN,NaN,NaN,NaN,NaN,NaN,NaN,868.710000,1339.360000,NaN,NaN
NaN,NaN,NaN,NaN,NaN,NaN,NaN,NaN,NaN,NaN,NaN,NaN,NaN,NaN,870.640000,1333.600000,NaN,NaN
NaN,NaN,NaN,NaN,NaN,NaN,NaN,NaN,NaN,NaN,NaN,NaN,NaN,NaN,872.000000,1329.240000,NaN,NaN
NaN,NaN,NaN,NaN,NaN,NaN,NaN,NaN,NaN,NaN,NaN,NaN,NaN,NaN,872.540000,1325.770000,NaN,NaN
NaN,NaN,NaN,NaN,NaN,NaN,NaN,NaN,NaN,NaN,NaN,NaN,NaN,NaN,872.770000,1324.760000,NaN,NaN
NaN,NaN,NaN,NaN,NaN,NaN,NaN,NaN,NaN,NaN,NaN,NaN,NaN,NaN,872.340000,1324.810000,NaN,NaN
NaN,NaN,NaN,NaN,NaN,NaN,NaN,NaN,NaN,NaN,NaN,NaN,NaN,NaN,872.050000,1324.770000,NaN,NaN
NaN,NaN,NaN,NaN,NaN,NaN,NaN,NaN,NaN,NaN,NaN,NaN,NaN,NaN,872.380000,1318.910000,NaN,NaN
NaN,NaN,NaN,NaN,NaN,NaN,NaN,NaN,NaN,NaN,NaN,NaN,NaN,NaN,873.820000,1310.260000,NaN,NaN
NaN,NaN,NaN,NaN,NaN,NaN,NaN,NaN,NaN,NaN,NaN,NaN,NaN,NaN,875.760000,1302.070000,NaN,NaN
NaN,NaN,NaN,NaN,NaN,NaN,NaN,NaN,NaN,NaN,NaN,NaN,NaN,NaN,879.840000,1290.980000,NaN,NaN
NaN,NaN,NaN,NaN,NaN,NaN,NaN,NaN,NaN,NaN,NaN,NaN,NaN,NaN,883.130000,1280.780000,NaN,NaN
NaN,NaN,NaN,NaN,NaN,NaN,NaN,NaN,NaN,NaN,NaN,NaN,NaN,NaN,886.630000,1271.520000,NaN,NaN
NaN,NaN,NaN,NaN,NaN,NaN,NaN,NaN,NaN,NaN,NaN,NaN,NaN,NaN,889.640000,1265.780000,NaN,NaN
NaN,NaN,NaN,NaN,NaN,NaN,NaN,NaN,NaN,NaN,NaN,NaN,NaN,NaN,892.650000,1259.270000,NaN,NaN
NaN,NaN,NaN,NaN,NaN,NaN,NaN,NaN,NaN,NaN,NaN,NaN,NaN,NaN,894.120000,1255.030000,NaN,NaN
NaN,NaN,NaN,NaN,NaN,NaN,NaN,NaN,NaN,NaN,NaN,NaN,NaN,NaN,895.960000,1250.930000,NaN,NaN
NaN,NaN,NaN,NaN,NaN,NaN,NaN,NaN,NaN,NaN,NaN,NaN,NaN,NaN,898.400000,1244.400000,NaN,NaN
NaN,NaN,NaN,NaN,NaN,NaN,NaN,NaN,NaN,NaN,NaN,NaN,NaN,NaN,901.180000,1235.240000,NaN,NaN
NaN,NaN,NaN,NaN,NaN,NaN,NaN,NaN,NaN,NaN,NaN,NaN,NaN,NaN,902.075221,1214.757522,NaN,NaN
NaN,NaN,NaN,NaN,NaN,NaN,NaN,NaN,NaN,NaN,NaN,NaN,NaN,NaN,909.239823,1189.681416,NaN,NaN
NaN,NaN,NaN,NaN,NaN,NaN,NaN,NaN,NaN,NaN,NaN,NaN,NaN,NaN,923.569027,1182.516814,NaN,NaN
NaN,NaN,NaN,NaN,NaN,NaN,NaN,NaN,NaN,NaN,NaN,NaN,NaN,NaN,935.090000,1163.100000,NaN,NaN
NaN,NaN,NaN,NaN,NaN,NaN,NaN,NaN,NaN,NaN,NaN,NaN,NaN,NaN,947.030000,1146.630000,NaN,NaN
NaN,NaN,NaN,NaN,NaN,NaN,NaN,NaN,NaN,NaN,NaN,NaN,NaN,NaN,937.898230,1161.023009,NaN,NaN
NaN,NaN,NaN,NaN,NaN,NaN,NaN,NaN,NaN,NaN,NaN,NaN,NaN,NaN,937.550000,1163.970000,NaN,NaN
NaN,NaN,NaN,NaN,NaN,NaN,NaN,NaN,NaN,NaN,NaN,NaN,NaN,NaN,937.930000,1161.130000,NaN,NaN
NaN,NaN,NaN,NaN,NaN,NaN,NaN,NaN,NaN,NaN,NaN,NaN,NaN,NaN,937.950000,1161.000000,NaN,NaN
NaN,NaN,NaN,NaN,NaN,NaN,NaN,NaN,NaN,NaN,NaN,NaN,NaN,NaN,937.920000,1160.980000,NaN,NaN
NaN,NaN,NaN,NaN,NaN,NaN,NaN,NaN,NaN,NaN,NaN,NaN,NaN,NaN,937.970000,1161.270000,NaN,NaN
NaN,NaN,NaN,NaN,NaN,NaN,NaN,NaN,NaN,NaN,NaN,NaN,NaN,NaN,934.315929,1135.946903,NaN,NaN
NaN,NaN,NaN,NaN,NaN,NaN,NaN,NaN,NaN,NaN,NaN,NaN,NaN,NaN,933.970000,1136.140000,NaN,NaN
NaN,NaN,NaN,NaN,NaN,NaN,NaN,NaN,NaN,NaN,NaN,NaN,NaN,NaN,933.320000,1132.760000,NaN,NaN
NaN,NaN,NaN,NaN,NaN,NaN,NaN,NaN,NaN,NaN,NaN,NaN,NaN,NaN,934.620000,1128.100000,NaN,NaN
NaN,NaN,NaN,NaN,NaN,NaN,NaN,NaN,NaN,NaN,NaN,NaN,NaN,NaN,935.410000,1121.910000,NaN,NaN
NaN,NaN,NaN,NaN,NaN,NaN,NaN,NaN,NaN,NaN,NaN,NaN,NaN,NaN,935.590000,1118.510000,NaN,NaN
NaN,NaN,NaN,NaN,NaN,NaN,NaN,NaN,NaN,NaN,NaN,NaN,NaN,NaN,935.600000,1118.730000,NaN,NaN
NaN,NaN,NaN,NaN,NaN,NaN,NaN,NaN,NaN,NaN,NaN,NaN,NaN,NaN,935.590000,1118.500000,NaN,NaN
NaN,NaN,NaN,NaN,NaN,NaN,NaN,NaN,NaN,NaN,NaN,NaN,NaN,NaN,935.530000,1117.990000,NaN,NaN
NaN,NaN,NaN,NaN,NaN,NaN,NaN,NaN,NaN,NaN,NaN,NaN,NaN,NaN,934.220000,1115.920000,NaN,NaN
NaN,NaN,NaN,NaN,NaN,NaN,NaN,NaN,NaN,NaN,NaN,NaN,NaN,NaN,933.470000,1114.900000,NaN,NaN
NaN,NaN,NaN,NaN,NaN,NaN,NaN,NaN,NaN,NaN,NaN,NaN,NaN,NaN,933.550000,1114.170000,NaN,NaN
NaN,NaN,NaN,NaN,NaN,NaN,NaN,NaN,NaN,NaN,NaN,NaN,NaN,NaN,932.930000,1112.720000,NaN,NaN
NaN,NaN,NaN,NaN,NaN,NaN,NaN,NaN,NaN,NaN,NaN,NaN,NaN,NaN,932.890000,1109.450000,NaN,NaN
NaN,NaN,NaN,NaN,NaN,NaN,NaN,NaN,NaN,NaN,NaN,NaN,NaN,NaN,934.140000,1102.930000,NaN,NaN
NaN,NaN,NaN,NaN,NaN,NaN,NaN,NaN,NaN,NaN,NaN,NaN,NaN,NaN,934.210000,1101.980000,NaN,NaN
NaN,NaN,NaN,NaN,NaN,NaN,NaN,NaN,NaN,NaN,NaN,NaN,NaN,NaN,933.910000,1101.320000,NaN,NaN
NaN,NaN,NaN,NaN,NaN,NaN,NaN,NaN,NaN,NaN,NaN,NaN,NaN,NaN,933.330000,1100.110000,NaN,NaN
NaN,NaN,NaN,NaN,NaN,NaN,NaN,NaN,NaN,NaN,NaN,NaN,NaN,NaN,932.920000,1099.110000,NaN,NaN
NaN,NaN,NaN,NaN,NaN,NaN,NaN,NaN,NaN,NaN,NaN,NaN,NaN,NaN,933.070000,1097.850000,NaN,NaN
NaN,NaN,NaN,NaN,NaN,NaN,NaN,NaN,NaN,NaN,NaN,NaN,NaN,NaN,933.330000,1094.870000,NaN,NaN
NaN,NaN,NaN,NaN,NaN,NaN,NaN,NaN,NaN,NaN,NaN,NaN,NaN,NaN,933.400000,1094.200000,NaN,NaN
NaN,NaN,NaN,NaN,NaN,NaN,NaN,NaN,NaN,NaN,NaN,NaN,NaN,NaN,933.260000,1093.510000,NaN,NaN
NaN,NaN,NaN,NaN,NaN,NaN,NaN,NaN,NaN,NaN,NaN,NaN,NaN,NaN,933.310000,1093.380000,NaN,NaN
NaN,NaN,NaN,NaN,NaN,NaN,NaN,NaN,NaN,NaN,NaN,NaN,NaN,NaN,933.610000,1092.760000,NaN,NaN
NaN,NaN,NaN,NaN,NaN,NaN,NaN,NaN,NaN,NaN,NaN,NaN,NaN,NaN,934.270000,1089.900000,NaN,NaN
NaN,NaN,NaN,NaN,NaN,NaN,NaN,NaN,NaN,NaN,NaN,NaN,NaN,NaN,934.900000,1088.290000,NaN,NaN
NaN,NaN,NaN,NaN,NaN,NaN,NaN,NaN,NaN,NaN,NaN,NaN,NaN,NaN,935.060000,1087.050000,NaN,NaN
NaN,NaN,NaN,NaN,NaN,NaN,NaN,NaN,NaN,NaN,NaN,NaN,NaN,NaN,934.830000,1086.120000,NaN,NaN
NaN,NaN,NaN,NaN,NaN,NaN,NaN,NaN,NaN,NaN,NaN,NaN,NaN,NaN,934.820000,1085.110000,NaN,NaN
NaN,NaN,NaN,NaN,NaN,NaN,NaN,NaN,NaN,NaN,NaN,NaN,NaN,NaN,935.020000,1084.100000,NaN,NaN
NaN,NaN,NaN,NaN,NaN,NaN,NaN,NaN,NaN,NaN,NaN,NaN,NaN,NaN,935.340000,1083.430000,NaN,NaN
NaN,NaN,NaN,NaN,NaN,NaN,NaN,NaN,NaN,NaN,NaN,NaN,NaN,NaN,936.100000,1083.030000,NaN,NaN
NaN,NaN,NaN,NaN,NaN,NaN,NaN,NaN,NaN,NaN,NaN,NaN,NaN,NaN,936.750000,1082.900000,NaN,NaN
NaN,NaN,NaN,NaN,NaN,NaN,NaN,NaN,NaN,NaN,NaN,NaN,NaN,NaN,936.700000,1082.820000,NaN,NaN
NaN,NaN,NaN,NaN,NaN,NaN,NaN,NaN,NaN,NaN,NaN,NaN,NaN,NaN,937.180000,1082.130000,NaN,NaN
NaN,NaN,NaN,NaN,NaN,NaN,NaN,NaN,NaN,NaN,NaN,NaN,NaN,NaN,937.700000,1080.760000,NaN,NaN
NaN,NaN,NaN,NaN,NaN,NaN,NaN,NaN,NaN,NaN,NaN,NaN,NaN,NaN,938.330000,1079.920000,NaN,NaN
NaN,NaN,NaN,NaN,NaN,NaN,NaN,NaN,NaN,NaN,NaN,NaN,NaN,NaN,938.980000,1078.600000,NaN,NaN
NaN,NaN,NaN,NaN,NaN,NaN,NaN,NaN,NaN,NaN,NaN,NaN,NaN,NaN,939.630000,1077.340000,NaN,NaN
NaN,NaN,NaN,NaN,NaN,NaN,NaN,NaN,NaN,NaN,NaN,NaN,NaN,NaN,939.870000,1076.830000,NaN,NaN
NaN,NaN,NaN,NaN,NaN,NaN,NaN,NaN,NaN,NaN,NaN,NaN,NaN,NaN,939.990000,1076.410000,NaN,NaN
NaN,NaN,NaN,NaN,NaN,NaN,NaN,NaN,NaN,NaN,NaN,NaN,NaN,NaN,940.250000,1076.310000,NaN,NaN
NaN,NaN,NaN,NaN,NaN,NaN,NaN,NaN,NaN,NaN,NaN,NaN,NaN,NaN,940.290000,1075.840000,NaN,NaN
NaN,NaN,NaN,NaN,NaN,NaN,NaN,NaN,NaN,NaN,NaN,NaN,NaN,NaN,940.150000,1075.150000,NaN,NaN
NaN,NaN,NaN,NaN,NaN,NaN,NaN,NaN,NaN,NaN,NaN,NaN,NaN,NaN,940.110000,1075.100000,NaN,NaN
NaN,NaN,NaN,NaN,NaN,NaN,NaN,NaN,NaN,NaN,NaN,NaN,NaN,NaN,940.640000,1074.040000,NaN,NaN
NaN,NaN,NaN,NaN,NaN,NaN,NaN,NaN,NaN,NaN,NaN,NaN,NaN,NaN,941.250000,1072.650000,NaN,NaN
NaN,NaN,NaN,NaN,NaN,NaN,NaN,NaN,NaN,NaN,NaN,NaN,NaN,NaN,941.870000,1071.840000,NaN,NaN
NaN,NaN,NaN,NaN,NaN,NaN,NaN,NaN,NaN,NaN,NaN,NaN,NaN,NaN,942.260000,1071.370000,NaN,NaN
NaN,NaN,NaN,NaN,NaN,NaN,NaN,NaN,NaN,NaN,NaN,NaN,NaN,NaN,943.510000,1070.940000,NaN,NaN
NaN,NaN,NaN,NaN,NaN,NaN,NaN,NaN,NaN,NaN,NaN,NaN,NaN,NaN,944.380000,1070.120000,NaN,NaN
NaN,NaN,NaN,NaN,NaN,NaN,NaN,NaN,NaN,NaN,NaN,NaN,NaN,NaN,944.710000,1069.450000,NaN,NaN
NaN,NaN,NaN,NaN,NaN,NaN,NaN,NaN,NaN,NaN,NaN,NaN,NaN,NaN,944.660000,1069.150000,NaN,NaN
NaN,NaN,NaN,NaN,NaN,NaN,NaN,NaN,NaN,NaN,NaN,NaN,NaN,NaN,944.760000,1068.830000,NaN,NaN
NaN,NaN,NaN,NaN,NaN,NaN,NaN,NaN,NaN,NaN,NaN,NaN,NaN,NaN,945.080000,1067.900000,NaN,NaN
NaN,NaN,NaN,NaN,NaN,NaN,NaN,NaN,NaN,NaN,NaN,NaN,NaN,NaN,945.070000,1066.980000,NaN,NaN
NaN,NaN,NaN,NaN,NaN,NaN,NaN,NaN,NaN,NaN,NaN,NaN,NaN,NaN,945.630000,1066.070000,NaN,NaN
NaN,NaN,NaN,NaN,NaN,NaN,NaN,NaN,NaN,NaN,NaN,NaN,NaN,NaN,945.820000,1065.090000,NaN,NaN
NaN,NaN,NaN,NaN,NaN,NaN,NaN,NaN,NaN,NaN,NaN,NaN,NaN,NaN,946.010000,1064.040000,NaN,NaN
NaN,NaN,NaN,NaN,NaN,NaN,NaN,NaN,NaN,NaN,NaN,NaN,NaN,NaN,946.260000,1063.160000,NaN,NaN
NaN,NaN,NaN,NaN,NaN,NaN,NaN,NaN,NaN,NaN,NaN,NaN,NaN,NaN,946.830000,1062.280000,NaN,NaN
NaN,NaN,NaN,NaN,NaN,NaN,NaN,NaN,NaN,NaN,NaN,NaN,NaN,NaN,948.720000,1062.650000,NaN,NaN
NaN,NaN,NaN,NaN,NaN,NaN,NaN,NaN,NaN,NaN,NaN,NaN,NaN,NaN,949.560000,1062.820000,1772.574336,1931.217699
NaN,NaN,NaN,NaN,NaN,NaN,NaN,NaN,NaN,NaN,NaN,NaN,NaN,NaN,949.910000,1062.890000,1797.650442,1895.394690
NaN,NaN,NaN,NaN,NaN,NaN,NaN,NaN,NaN,NaN,NaN,NaN,NaN,NaN,949.850000,1062.740000,1804.815044,1877.483186
NaN,NaN,NaN,NaN,NaN,NaN,NaN,NaN,NaN,NaN,NaN,NaN,NaN,NaN,950.000000,1062.780000,1819.144248,1863.153982
NaN,NaN,NaN,NaN,NaN,NaN,NaN,NaN,NaN,NaN,NaN,NaN,NaN,NaN,950.530000,1062.840000,1819.144248,1859.571681
NaN,NaN,NaN,NaN,NaN,NaN,NaN,NaN,NaN,NaN,NaN,NaN,NaN,NaN,951.000000,1062.940000,1815.561947,1859.571681
NaN,NaN,NaN,NaN,NaN,NaN,NaN,NaN,NaN,NaN,NaN,NaN,NaN,NaN,951.050000,1062.800000,1819.144248,1859.571681
NaN,NaN,NaN,NaN,NaN,NaN,NaN,NaN,NaN,NaN,NaN,NaN,NaN,NaN,951.200000,1062.700000,1819.144248,1852.407080
NaN,NaN,NaN,NaN,NaN,NaN,NaN,NaN,NaN,NaN,NaN,NaN,NaN,NaN,951.830000,1061.360000,1823.370000,1837.670000
NaN,NaN,NaN,NaN,NaN,NaN,NaN,NaN,NaN,NaN,NaN,NaN,NaN,NaN,952.510000,1059.840000,1822.726549,1823.748673
NaN,NaN,NaN,NaN,NaN,NaN,NaN,NaN,NaN,NaN,NaN,NaN,NaN,NaN,953.130000,1059.790000,1817.920000,1808.070000
NaN,NaN,NaN,NaN,NaN,NaN,NaN,NaN,NaN,NaN,NaN,NaN,NaN,NaN,953.690000,1059.150000,1809.600000,1791.000000
NaN,NaN,NaN,NaN,NaN,NaN,NaN,NaN,NaN,NaN,NaN,NaN,NaN,NaN,954.110000,1059.010000,1797.050000,1773.980000
NaN,NaN,NaN,NaN,NaN,NaN,NaN,NaN,NaN,NaN,NaN,NaN,NaN,NaN,954.470000,1058.990000,1783.321239,1755.684956
NaN,NaN,NaN,NaN,NaN,NaN,NaN,NaN,NaN,NaN,NaN,NaN,NaN,NaN,954.440000,1058.850000,1770.760000,1743.820000
NaN,NaN,NaN,NaN,NaN,NaN,NaN,NaN,NaN,NaN,NaN,NaN,NaN,NaN,954.420000,1058.770000,1760.960000,1736.000000
NaN,NaN,NaN,NaN,NaN,NaN,NaN,NaN,NaN,NaN,NaN,NaN,NaN,NaN,954.270000,1058.380000,1752.240000,1727.520000
NaN,NaN,NaN,NaN,NaN,NaN,NaN,NaN,NaN,NaN,NaN,NaN,NaN,NaN,955.060000,1057.300000,1744.600000,1720.780000
NaN,NaN,NaN,NaN,NaN,NaN,NaN,NaN,NaN,NaN,NaN,NaN,NaN,NaN,955.780000,1056.480000,1734.980000,1714.460000
NaN,NaN,NaN,NaN,NaN,NaN,NaN,NaN,NaN,NaN,NaN,NaN,NaN,NaN,956.550000,1056.020000,1718.380000,1701.510000
NaN,NaN,NaN,NaN,NaN,NaN,NaN,NaN,NaN,NaN,NaN,NaN,NaN,NaN,957.250000,1055.370000,1698.770000,1681.690000
NaN,NaN,NaN,NaN,NaN,NaN,NaN,NaN,NaN,NaN,NaN,NaN,NaN,NaN,958.080000,1055.440000,1679.820000,1663.500000
NaN,NaN,NaN,NaN,NaN,NaN,NaN,NaN,NaN,NaN,NaN,NaN,NaN,NaN,958.720000,1055.310000,1661.370000,1647.530000
NaN,NaN,NaN,NaN,NaN,NaN,NaN,NaN,NaN,NaN,NaN,NaN,NaN,NaN,958.850000,1055.090000,1648.320000,1626.950000
NaN,NaN,NaN,NaN,NaN,NaN,NaN,NaN,NaN,NaN,NaN,NaN,NaN,NaN,958.780000,1055.390000,1641.440000,1615.920000
NaN,NaN,NaN,NaN,NaN,NaN,NaN,NaN,NaN,NaN,NaN,NaN,NaN,NaN,959.000000,1055.750000,1638.780000,1613.010000
NaN,NaN,NaN,NaN,NaN,NaN,NaN,NaN,NaN,NaN,NaN,NaN,NaN,NaN,NaN,NaN,1637.850000,1612.850000
NaN,NaN,NaN,NaN,NaN,NaN,NaN,NaN,NaN,NaN,NaN,NaN,NaN,NaN,NaN,NaN,1636.830000,1612.660000
NaN,NaN,NaN,NaN,NaN,NaN,NaN,NaN,NaN,NaN,NaN,NaN,NaN,NaN,NaN,NaN,1636.260000,1612.960000
NaN,NaN,NaN,NaN,NaN,NaN,NaN,NaN,NaN,NaN,NaN,NaN,NaN,NaN,NaN,NaN,1634.960000,1613.400000
NaN,NaN,NaN,NaN,NaN,NaN,NaN,NaN,NaN,NaN,NaN,NaN,NaN,NaN,NaN,NaN,1631.380000,1613.750000
NaN,NaN,NaN,NaN,NaN,NaN,NaN,NaN,NaN,NaN,NaN,NaN,NaN,NaN,NaN,NaN,1625.420000,1608.990000
NaN,NaN,NaN,NaN,NaN,NaN,NaN,NaN,NaN,NaN,NaN,NaN,NaN,NaN,NaN,NaN,1618.570000,1597.090000
NaN,NaN,NaN,NaN,NaN,NaN,NaN,NaN,NaN,NaN,NaN,NaN,NaN,NaN,NaN,NaN,1617.090000,1584.780000
NaN,NaN,NaN,NaN,NaN,NaN,NaN,NaN,NaN,NaN,NaN,NaN,NaN,NaN,NaN,NaN,1609.120000,1576.340000
NaN,NaN,NaN,NaN,NaN,NaN,NaN,NaN,NaN,NaN,NaN,NaN,NaN,NaN,NaN,NaN,1594.400000,1567.920000
NaN,NaN,NaN,NaN,NaN,NaN,NaN,NaN,NaN,NaN,NaN,NaN,NaN,NaN,NaN,NaN,1580.070000,1562.160000
NaN,NaN,NaN,NaN,NaN,NaN,NaN,NaN,NaN,NaN,NaN,NaN,NaN,NaN,NaN,NaN,1571.350000,1559.660000
NaN,NaN,NaN,NaN,NaN,NaN,NaN,NaN,NaN,NaN,NaN,NaN,NaN,NaN,NaN,NaN,1565.940000,1557.720000
NaN,NaN,NaN,NaN,NaN,NaN,NaN,NaN,NaN,NaN,NaN,NaN,NaN,NaN,NaN,NaN,1562.140000,1555.890000
