pt1_cam1_X,pt1_cam1_Y,pt2_cam1_X,pt2_cam1_Y
499.509901,170.617012,NaN,NaN
500.08,170.77,NaN,NaN
500,170.1,NaN,NaN
499.87,169.33,NaN,NaN
500.08,168.52,NaN,NaN
500.23,167.81,NaN,NaN
500.44,167.29,NaN,NaN
499.71,166.88,NaN,NaN
499.13,166.08,NaN,NaN
499.34,165.92,NaN,NaN
499.74,165.29,NaN,NaN
500.23,165.12,NaN,NaN
500.54,164.38,NaN,NaN
500.06,163.08,NaN,NaN
499.73,162.7,NaN,NaN
499.28,162.46,NaN,NaN
498.89,162.24,NaN,NaN
494.03,164.69,NaN,NaN
493.44,165.23,NaN,NaN
488.708821,161.976148,NaN,NaN
495.189469,155.4955,NaN,NaN
495.11,153.8,NaN,NaN
494.41,152.54,NaN,NaN
493.48,152.54,NaN,NaN
491.29,149.76,NaN,NaN
487.07,146.27,NaN,NaN
484.388389,144.694419,NaN,NaN
477.09,140.28,NaN,NaN
470.65,136.2,NaN,NaN
464.82,134.31,NaN,NaN
458.26,134.75,NaN,NaN
453.69,137.73,NaN,NaN
447.1,137.95,NaN,NaN
442.4,136.59,NaN,NaN
438.29,134.57,NaN,NaN
438.86,127.92,NaN,NaN
437.04,123.75,NaN,NaN
431.42,121.14,NaN,NaN
426.28,116.09,NaN,NaN
422.61,110.96,NaN,NaN
419.88,107.97,NaN,NaN
416.9,105.39,NaN,NaN
414.76,104.63,NaN,NaN
414.73,104.19,NaN,NaN
411.48,104.01,NaN,NaN
409.84,104.13,NaN,NaN
408.13,103.68,NaN,NaN
405.12,103.22,NaN,NaN
403.66,102.3,NaN,NaN
399.93,100.21,NaN,NaN
398.66,100.5,NaN,NaN
395.819532,101.490099,NaN,NaN
397.979748,97.169667,NaN,NaN
395.819532,103.650315,NaN,NaN
395.819532,103.650315,NaN,NaN
395.819532,103.650315,NaN,NaN
396.09,103.96,NaN,NaN
396.07,104.01,NaN,NaN
395.89,104.05,NaN,NaN
395.8,104.11,NaN,NaN
395.67,104.09,NaN,NaN
395.6,104.16,NaN,NaN
395.46,104.26,NaN,NaN
389.338884,103.650315,NaN,NaN
391.4991,107.970747,NaN,NaN
391.91,108.53,NaN,NaN
392.21,109.06,NaN,NaN
393.16,109.62,NaN,NaN
393.99,109.73,NaN,NaN
393.659316,101.490099,NaN,NaN
393.89,99.4,NaN,NaN
391.8,97.1,NaN,NaN
391.25,95.48,NaN,NaN
391.4991,101.490099,NaN,NaN
392.15,100.63,NaN,NaN
392.67,99.87,NaN,NaN
391.84,98.51,NaN,NaN
390.54,97.06,NaN,NaN
390.13,96.6,NaN,NaN
390.57,96.51,NaN,NaN
391.27,96.4,NaN,NaN
391.74,96.21,NaN,NaN
391.53,96.02,NaN,NaN
390.95,95.99,NaN,NaN
393.659316,99.329883,NaN,NaN
394.74,99.21,NaN,NaN
395.21,99.44,NaN,NaN
395.61,99.56,NaN,NaN
395.69,98.8,NaN,NaN
400.25,101.09,NaN,NaN
387.178668,90.689019,NaN,NaN
389.338884,92.849235,NaN,NaN
388.99,92.93,NaN,NaN
388.79,92.34,NaN,NaN
388.98,91.59,NaN,NaN
388.79,90.8,NaN,NaN
388.81,90.19,NaN,NaN
388.78,90.04,NaN,NaN
388.7,89.83,NaN,NaN
388.76,89.78,NaN,NaN
388.41,88.91,NaN,NaN
387.81,88.32,NaN,NaN
387.23,87.94,NaN,NaN
387.07,87.78,NaN,NaN
387.05,87.78,NaN,NaN
387.2,87.37,NaN,NaN
387.19,86.89,NaN,NaN
387.18,86.63,NaN,NaN
387.35,86.75,NaN,NaN
387.41,86.99,NaN,NaN
386.9,86.7,NaN,NaN
386.65,86,NaN,NaN
385.85,84.57,NaN,NaN
385.4,83.57,NaN,NaN
385.3,82.91,NaN,NaN
385.16,82.62,NaN,NaN
384.99,82.67,NaN,NaN
385,83.12,NaN,NaN
387.178668,86.368587,NaN,NaN
388.06,87.17,NaN,NaN
388.65,87.45,NaN,NaN
382.858236,82.048155,NaN,NaN
381.57,81.1,NaN,NaN
381.31,81.05,NaN,NaN
381.24,80.99,NaN,NaN
381.4,80.65,NaN,NaN
381.4,80.29,NaN,NaN
381.22,79.67,NaN,NaN
380.22,78.78,NaN,NaN
379.31,77.38,NaN,NaN
377.45,72.81,NaN,NaN
366.54,65.32,NaN,NaN
356.935644,60.445995,NaN,NaN
NaN,NaN,NaN,NaN
NaN,NaN,NaN,NaN
NaN,NaN,NaN,NaN
NaN,NaN,NaN,NaN
NaN,NaN,NaN,NaN
NaN,NaN,NaN,NaN
NaN,NaN,NaN,NaN
NaN,NaN,NaN,NaN
NaN,NaN,NaN,NaN
NaN,NaN,NaN,NaN
NaN,NaN,NaN,NaN
NaN,NaN,NaN,NaN
NaN,NaN,NaN,NaN
NaN,NaN,NaN,NaN
NaN,NaN,NaN,NaN
NaN,NaN,NaN,NaN
NaN,NaN,NaN,NaN
NaN,NaN,NaN,NaN
NaN,NaN,NaN,NaN
NaN,NaN,NaN,NaN
NaN,NaN,NaN,NaN
NaN,NaN,NaN,NaN
NaN,NaN,NaN,NaN
NaN,NaN,NaN,NaN
NaN,NaN,NaN,NaN
NaN,NaN,NaN,NaN
NaN,NaN,NaN,NaN
NaN,NaN,NaN,NaN
NaN,NaN,NaN,NaN
NaN,NaN,NaN,NaN
NaN,NaN,NaN,NaN
NaN,NaN,NaN,NaN
NaN,NaN,NaN,NaN
NaN,NaN,NaN,NaN
NaN,NaN,NaN,NaN
NaN,NaN,NaN,NaN
NaN,NaN,NaN,NaN
NaN,NaN,NaN,NaN
NaN,NaN,NaN,NaN
NaN,NaN,NaN,NaN
NaN,NaN,NaN,NaN
NaN,NaN,NaN,NaN
NaN,NaN,NaN,NaN
NaN,NaN,NaN,NaN
NaN,NaN,NaN,NaN
NaN,NaN,NaN,NaN
NaN,NaN,NaN,NaN
NaN,NaN,NaN,NaN
NaN,NaN,NaN,NaN
NaN,NaN,NaN,NaN
NaN,NaN,NaN,NaN
NaN,NaN,NaN,NaN
NaN,NaN,NaN,NaN
NaN,NaN,NaN,NaN
NaN,NaN,NaN,NaN
NaN,NaN,NaN,NaN
NaN,NaN,NaN,NaN
NaN,NaN,NaN,NaN
NaN,NaN,NaN,NaN
NaN,NaN,NaN,NaN
NaN,NaN,NaN,NaN
NaN,NaN,NaN,NaN
NaN,NaN,NaN,NaN
NaN,NaN,NaN,NaN
NaN,NaN,NaN,NaN
NaN,NaN,NaN,NaN
NaN,NaN,NaN,NaN
NaN,NaN,NaN,NaN
NaN,NaN,NaN,NaN
NaN,NaN,NaN,NaN
NaN,NaN,NaN,NaN
NaN,NaN,NaN,NaN
NaN,NaN,NaN,NaN
NaN,NaN,NaN,NaN
NaN,NaN,NaN,NaN
NaN,NaN,NaN,NaN
NaN,NaN,NaN,NaN
NaN,NaN,NaN,NaN
NaN,NaN,NaN,NaN
NaN,NaN,NaN,NaN
NaN,NaN,NaN,NaN
NaN,NaN,NaN,NaN
NaN,NaN,NaN,NaN
NaN,NaN,NaN,NaN
NaN,NaN,NaN,NaN
NaN,NaN,NaN,NaN
NaN,NaN,NaN,NaN
NaN,NaN,NaN,NaN
NaN,NaN,NaN,NaN
NaN,NaN,NaN,NaN
NaN,NaN,NaN,NaN
NaN,NaN,NaN,NaN
NaN,NaN,NaN,NaN
NaN,NaN,NaN,NaN
NaN,NaN,NaN,NaN
NaN,NaN,NaN,NaN
NaN,NaN,NaN,NaN
NaN,NaN,NaN,NaN
NaN,NaN,NaN,NaN
NaN,NaN,NaN,NaN
NaN,NaN,NaN,NaN
NaN,NaN,NaN,NaN
NaN,NaN,NaN,NaN
NaN,NaN,NaN,NaN
NaN,NaN,NaN,NaN
NaN,NaN,NaN,NaN
NaN,NaN,NaN,NaN
NaN,NaN,NaN,NaN
NaN,NaN,NaN,NaN
NaN,NaN,NaN,NaN
NaN,NaN,NaN,NaN
NaN,NaN,NaN,NaN
NaN,NaN,NaN,NaN
NaN,NaN,NaN,NaN
NaN,NaN,NaN,NaN
NaN,NaN,NaN,NaN
NaN,NaN,NaN,NaN
NaN,NaN,NaN,NaN
NaN,NaN,NaN,NaN
NaN,NaN,NaN,NaN
NaN,NaN,NaN,NaN
NaN,NaN,NaN,NaN
NaN,NaN,NaN,NaN
NaN,NaN,NaN,NaN
NaN,NaN,NaN,NaN
NaN,NaN,NaN,NaN
NaN,NaN,NaN,NaN
NaN,NaN,NaN,NaN
NaN,NaN,NaN,NaN
NaN,NaN,NaN,NaN
NaN,NaN,NaN,NaN
NaN,NaN,NaN,NaN
NaN,NaN,NaN,NaN
NaN,NaN,NaN,NaN
NaN,NaN,NaN,NaN
NaN,NaN,NaN,NaN
NaN,NaN,NaN,NaN
NaN,NaN,NaN,NaN
NaN,NaN,NaN,NaN
NaN,NaN,NaN,NaN
NaN,NaN,NaN,NaN
NaN,NaN,NaN,NaN
NaN,NaN,NaN,NaN
NaN,NaN,NaN,NaN
NaN,NaN,NaN,NaN
NaN,NaN,NaN,NaN
NaN,NaN,NaN,NaN
NaN,NaN,NaN,NaN
NaN,NaN,NaN,NaN
NaN,NaN,NaN,NaN
NaN,NaN,NaN,NaN
NaN,NaN,NaN,NaN
NaN,NaN,NaN,NaN
NaN,NaN,NaN,NaN
NaN,NaN,NaN,NaN
NaN,NaN,NaN,NaN
NaN,NaN,NaN,NaN
NaN,NaN,NaN,NaN
NaN,NaN,NaN,NaN
NaN,NaN,NaN,NaN
NaN,NaN,NaN,NaN
NaN,NaN,NaN,NaN
NaN,NaN,NaN,NaN
NaN,NaN,NaN,NaN
NaN,NaN,NaN,NaN
NaN,NaN,NaN,NaN
NaN,NaN,NaN,NaN
NaN,NaN,NaN,NaN
NaN,NaN,NaN,NaN
NaN,NaN,NaN,NaN
NaN,NaN,NaN,NaN
NaN,NaN,NaN,NaN
NaN,NaN,NaN,NaN
NaN,NaN,NaN,NaN
NaN,NaN,NaN,NaN
NaN,NaN,NaN,NaN
NaN,NaN,NaN,NaN
NaN,NaN,NaN,NaN
NaN,NaN,NaN,NaN
NaN,NaN,NaN,NaN
NaN,NaN,NaN,NaN
NaN,NaN,NaN,NaN
NaN,NaN,NaN,NaN
NaN,NaN,NaN,NaN
NaN,NaN,NaN,NaN
NaN,NaN,NaN,NaN
NaN,NaN,NaN,NaN
NaN,NaN,NaN,NaN
NaN,NaN,NaN,NaN
NaN,NaN,NaN,NaN
NaN,NaN,NaN,NaN
NaN,NaN,NaN,NaN
NaN,NaN,NaN,NaN
NaN,NaN,NaN,NaN
NaN,NaN,NaN,NaN
NaN,NaN,NaN,NaN
NaN,NaN,NaN,NaN
NaN,NaN,NaN,NaN
NaN,NaN,NaN,NaN
NaN,NaN,NaN,NaN
NaN,NaN,NaN,NaN
NaN,NaN,NaN,NaN
NaN,NaN,NaN,NaN
NaN,NaN,NaN,NaN
NaN,NaN,NaN,NaN
NaN,NaN,NaN,NaN
NaN,NaN,NaN,NaN
NaN,NaN,NaN,NaN
NaN,NaN,NaN,NaN
NaN,NaN,NaN,NaN
NaN,NaN,NaN,NaN
NaN,NaN,NaN,NaN
NaN,NaN,NaN,NaN
NaN,NaN,NaN,NaN
NaN,NaN,NaN,NaN
NaN,NaN,NaN,NaN
NaN,NaN,NaN,NaN
NaN,NaN,NaN,NaN
NaN,NaN,NaN,NaN
NaN,NaN,NaN,NaN
NaN,NaN,NaN,NaN
NaN,NaN,NaN,NaN
NaN,NaN,NaN,NaN
NaN,NaN,NaN,NaN
NaN,NaN,NaN,NaN
NaN,NaN,NaN,NaN
NaN,NaN,NaN,NaN
NaN,NaN,NaN,NaN
NaN,NaN,NaN,NaN
NaN,NaN,NaN,NaN
NaN,NaN,NaN,NaN
NaN,NaN,NaN,NaN
NaN,NaN,NaN,NaN
NaN,NaN,NaN,NaN
NaN,NaN,NaN,NaN
NaN,NaN,NaN,NaN
NaN,NaN,NaN,NaN
NaN,NaN,NaN,NaN
NaN,NaN,NaN,NaN
NaN,NaN,NaN,NaN
NaN,NaN,NaN,NaN
NaN,NaN,NaN,NaN
NaN,NaN,NaN,NaN
NaN,NaN,NaN,NaN
NaN,NaN,NaN,NaN
NaN,NaN,NaN,NaN
NaN,NaN,NaN,NaN
NaN,NaN,NaN,NaN
NaN,NaN,NaN,NaN
NaN,NaN,NaN,NaN
NaN,NaN,NaN,NaN
NaN,NaN,NaN,NaN
NaN,NaN,NaN,NaN
NaN,NaN,NaN,NaN
NaN,NaN,NaN,NaN
NaN,NaN,NaN,NaN
NaN,NaN,NaN,NaN
NaN,NaN,NaN,NaN
NaN,NaN,NaN,NaN
NaN,NaN,NaN,NaN
NaN,NaN,NaN,NaN
NaN,NaN,NaN,NaN
NaN,NaN,NaN,NaN
NaN,NaN,NaN,NaN
NaN,NaN,NaN,NaN
NaN,NaN,NaN,NaN
NaN,NaN,NaN,NaN
NaN,NaN,NaN,NaN
NaN,NaN,NaN,NaN
NaN,NaN,NaN,NaN
NaN,NaN,NaN,NaN
NaN,NaN,NaN,NaN
NaN,NaN,NaN,NaN
NaN,NaN,NaN,NaN
NaN,NaN,NaN,NaN
NaN,NaN,NaN,NaN
NaN,NaN,NaN,NaN
NaN,NaN,NaN,NaN
NaN,NaN,NaN,NaN
NaN,NaN,NaN,NaN
NaN,NaN,NaN,NaN
NaN,NaN,557.835734,218.141764
NaN,NaN,555.675518,215.981548
NaN,NaN,559.99595,213.821332
NaN,NaN,559.99595,215.981548
NaN,NaN,560.48,215.28
NaN,NaN,560.51,213.4
NaN,NaN,560.56,212.23
NaN,NaN,560.29,211.53
NaN,NaN,559.69,211.07
NaN,NaN,558.71,210.14
NaN,NaN,558.16,209.34
NaN,NaN,558.08,209.22
NaN,NaN,558.09,209.05
NaN,NaN,558.08,209.07
NaN,NaN,558.33,208.66
NaN,NaN,559.06,208
NaN,NaN,559.79,207.08
NaN,NaN,560.32,207.15
NaN,NaN,560.32,207.06
NaN,NaN,559.92,207.13
NaN,NaN,560,206.99
NaN,NaN,560.12,206.92
NaN,NaN,560.34,206.98
NaN,NaN,560.99,206.96
NaN,NaN,561.67,206.93
NaN,NaN,561.78,206.91
NaN,NaN,561.84,206.87
NaN,NaN,561.91,206.91
NaN,NaN,561.95,206.94
NaN,NaN,561.97,206.94
NaN,NaN,561.94,207.11
NaN,NaN,561.87,207.23
NaN,NaN,561.87,207.35
NaN,NaN,561.83,207.28
NaN,NaN,561.79,207.11
NaN,NaN,561.84,206.9
NaN,NaN,561.91,206.61
NaN,NaN,562,206.05
NaN,NaN,562.04,205.92
NaN,NaN,562.15,205.94
NaN,NaN,562.3,205.9
NaN,NaN,562.44,205.9
NaN,NaN,563.14,205.94
NaN,NaN,563.72,205.89
NaN,NaN,564.29,205.56
NaN,NaN,564.99,205.06
NaN,NaN,557.835734,205.180468
NaN,NaN,553.515302,198.69982
NaN,NaN,551.25,197.43
NaN,NaN,546.61,197.58
NaN,NaN,539.88,198.55
NaN,NaN,535.15,198.81
NaN,NaN,534.03,195.96
NaN,NaN,540.554005,183.578308
NaN,NaN,539.1,179.06
NaN,NaN,523.272277,177.09766
NaN,NaN,510.310981,174.937444
NaN,NaN,508.150765,170.617012
NaN,NaN,507.59,165.07
NaN,NaN,507.01,159.89
NaN,NaN,495.189469,155.4955
NaN,NaN,490.22,149.28
NaN,NaN,481.76,144.26
NaN,NaN,473.53,137.34
NaN,NaN,475.747525,129.572907
NaN,NaN,471.427093,131.733123
NaN,NaN,467.56,129.95
NaN,NaN,463.46,129.37
NaN,NaN,459.01,130.39
NaN,NaN,454.77,131.13
NaN,NaN,451.65,132.2
NaN,NaN,449.824932,129.572907
NaN,NaN,446.13,125.42
NaN,NaN,444.46,124.81
NaN,NaN,443.86,122.6
NaN,NaN,443.8,120.55
NaN,NaN,443.95,118.99
NaN,NaN,443.65,116.91
NaN,NaN,443.16,115.08
NaN,NaN,443.3,114.55
NaN,NaN,443.19,111.74
NaN,NaN,443.16,111.41
NaN,NaN,443.29,111.61
NaN,NaN,444.11,111.81
NaN,NaN,444.88,112.53
NaN,NaN,445.53,113.16
NaN,NaN,443.344284,112.291179
NaN,NaN,442.76,111.92
NaN,NaN,443.17,111.04
NaN,NaN,444.41,110.08
NaN,NaN,444.96,109.08
NaN,NaN,445.02,108.57
NaN,NaN,444.98,108.63
NaN,NaN,443.83,108.86
NaN,NaN,445.5045,105.810531
NaN,NaN,446.06,105.72
NaN,NaN,446.09,105.7
NaN,NaN,446.05,105.28
NaN,NaN,446.1,104.98
NaN,NaN,446,105.13
NaN,NaN,445.97,105.54
NaN,NaN,443.12,103.72
NaN,NaN,442.99,103.87
NaN,NaN,442.79,104.02
NaN,NaN,443.32,103.58
NaN,NaN,444.09,103.21
NaN,NaN,443.344284,99.329883
NaN,NaN,443.06,98.5
NaN,NaN,443.15,98.29
NaN,NaN,443.08,98.14
NaN,NaN,443.17,98.01
NaN,NaN,443.42,97.36
NaN,NaN,443.74,96.97
NaN,NaN,443.44,97.15
NaN,NaN,442.66,96.81
NaN,NaN,441.05,95.63
NaN,NaN,439.76,94.63
NaN,NaN,438.55,94.15
NaN,NaN,438.27,93.75
NaN,NaN,438.07,93.18
NaN,NaN,437.6,93.03
NaN,NaN,436.74,93.21
NaN,NaN,435.91,93.18
NaN,NaN,435.19,92.77
NaN,NaN,434.19,91.92
NaN,NaN,433.48,91.19
NaN,NaN,433.17,90.67
NaN,NaN,433.12,90.6
NaN,NaN,433.04,90.73
NaN,NaN,433.05,91.19
NaN,NaN,432.93,91.82
NaN,NaN,432.75,91.89
NaN,NaN,432.3,91.59
NaN,NaN,432.01,91.01
NaN,NaN,432.03,90.91
NaN,NaN,432.05,90.79
NaN,NaN,431.91,90.63
NaN,NaN,431.71,89.98
NaN,NaN,431.62,89.41
NaN,NaN,431.61,89.4
NaN,NaN,431.53,89.19
NaN,NaN,431.08,89
NaN,NaN,430.98,88.7
NaN,NaN,430.74,88.17
NaN,NaN,430.8,88.17
NaN,NaN,430.92,88.21
NaN,NaN,430.78,88.15
NaN,NaN,430.6,88.02
NaN,NaN,430.23,88.1
NaN,NaN,430.07,88.02
NaN,NaN,429.75,87.26
NaN,NaN,429.71,86.63
NaN,NaN,429.95,86.27
NaN,NaN,423.90234,86.368587
NaN,NaN,423.56,85.86
NaN,NaN,424,84.72
NaN,NaN,417.421692,79.887939
NaN,NaN,411.92,77.6
NaN,NaN,410.09,73.05
NaN,NaN,404.460396,69.086859
NaN,NaN,399.64,68.75
NaN,NaN,392.32,71.58
NaN,NaN,383.07,72.73
NaN,NaN,372.057156,64.766427
NaN,NaN,359.09586,58.285779
NaN,NaN,352.615212,51.805131
NaN,NaN,NaN,NaN
NaN,NaN,NaN,NaN
NaN,NaN,NaN,NaN
NaN,NaN,NaN,NaN
NaN,NaN,NaN,NaN
NaN,NaN,NaN,NaN
NaN,NaN,NaN,NaN
NaN,NaN,NaN,NaN
NaN,NaN,NaN,NaN
NaN,NaN,NaN,NaN
NaN,NaN,NaN,NaN
NaN,NaN,NaN,NaN
NaN,NaN,NaN,NaN
NaN,NaN,NaN,NaN
NaN,NaN,NaN,NaN
NaN,NaN,NaN,NaN
NaN,NaN,NaN,NaN
NaN,NaN,NaN,NaN
NaN,NaN,NaN,NaN
NaN,NaN,NaN,NaN
NaN,NaN,NaN,NaN
NaN,NaN,NaN,NaN
NaN,NaN,NaN,NaN
NaN,NaN,NaN,NaN
NaN,NaN,NaN,NaN
NaN,NaN,NaN,NaN
NaN,NaN,NaN,NaN
NaN,NaN,NaN,NaN
NaN,NaN,NaN,NaN
NaN,NaN,NaN,NaN
NaN,NaN,NaN,NaN
NaN,NaN,NaN,NaN
NaN,NaN,NaN,NaN
NaN,NaN,NaN,NaN
NaN,NaN,NaN,NaN
NaN,NaN,NaN,NaN
NaN,NaN,NaN,NaN
NaN,NaN,NaN,NaN
NaN,NaN,NaN,NaN
NaN,NaN,NaN,NaN
NaN,NaN,NaN,NaN
NaN,NaN,NaN,NaN
NaN,NaN,NaN,NaN
NaN,NaN,NaN,NaN
NaN,NaN,NaN,NaN
NaN,NaN,NaN,NaN
NaN,NaN,NaN,NaN
NaN,NaN,NaN,NaN
NaN,NaN,NaN,NaN
NaN,NaN,NaN,NaN
NaN,NaN,NaN,NaN
NaN,NaN,NaN,NaN
NaN,NaN,NaN,NaN
NaN,NaN,NaN,NaN
NaN,NaN,NaN,NaN
NaN,NaN,NaN,NaN
NaN,NaN,NaN,NaN
NaN,NaN,NaN,NaN
NaN,NaN,NaN,NaN
NaN,NaN,NaN,NaN
NaN,NaN,NaN,NaN
NaN,NaN,NaN,NaN
NaN,NaN,NaN,NaN
NaN,NaN,NaN,NaN
NaN,NaN,NaN,NaN
NaN,NaN,NaN,NaN
NaN,NaN,NaN,NaN
NaN,NaN,NaN,NaN
NaN,NaN,NaN,NaN
NaN,NaN,NaN,NaN
NaN,NaN,NaN,NaN
NaN,NaN,NaN,NaN
NaN,NaN,NaN,NaN
NaN,NaN,NaN,NaN
NaN,NaN,NaN,NaN
NaN,NaN,NaN,NaN
NaN,NaN,NaN,NaN
NaN,NaN,NaN,NaN
NaN,NaN,NaN,NaN
NaN,NaN,NaN,NaN
NaN,NaN,NaN,NaN
NaN,NaN,NaN,NaN
NaN,NaN,NaN,NaN
NaN,NaN,NaN,NaN
NaN,NaN,NaN,NaN
NaN,NaN,NaN,NaN
NaN,NaN,NaN,NaN
NaN,NaN,NaN,NaN
NaN,NaN,NaN,NaN
NaN,NaN,NaN,NaN
NaN,NaN,NaN,NaN
NaN,NaN,NaN,NaN
NaN,NaN,NaN,NaN
NaN,NaN,NaN,NaN
NaN,NaN,NaN,NaN
NaN,NaN,NaN,NaN
NaN,NaN,NaN,NaN
NaN,NaN,NaN,NaN
NaN,NaN,NaN,NaN
NaN,NaN,NaN,NaN
NaN,NaN,NaN,NaN
NaN,NaN,NaN,NaN
NaN,NaN,NaN,NaN
NaN,NaN,NaN,NaN
NaN,NaN,NaN,NaN
NaN,NaN,NaN,NaN
NaN,NaN,NaN,NaN
NaN,NaN,NaN,NaN
NaN,NaN,NaN,NaN
NaN,NaN,NaN,NaN
NaN,NaN,NaN,NaN
NaN,NaN,NaN,NaN
NaN,NaN,NaN,NaN
NaN,NaN,NaN,NaN
NaN,NaN,NaN,NaN
NaN,NaN,NaN,NaN
NaN,NaN,NaN,NaN
NaN,NaN,NaN,NaN
NaN,NaN,NaN,NaN
NaN,NaN,NaN,NaN
NaN,NaN,NaN,NaN
NaN,NaN,NaN,NaN
NaN,NaN,NaN,NaN
NaN,NaN,NaN,NaN
NaN,NaN,NaN,NaN
NaN,NaN,NaN,NaN
NaN,NaN,NaN,NaN
NaN,NaN,NaN,NaN
NaN,NaN,NaN,NaN
NaN,NaN,NaN,NaN
NaN,NaN,NaN,NaN
NaN,NaN,NaN,NaN
NaN,NaN,NaN,NaN
NaN,NaN,NaN,NaN
NaN,NaN,NaN,NaN
NaN,NaN,NaN,NaN
NaN,NaN,NaN,NaN
NaN,NaN,NaN,NaN
NaN,NaN,NaN,NaN
NaN,NaN,NaN,NaN
NaN,NaN,NaN,NaN
NaN,NaN,NaN,NaN
NaN,NaN,NaN,NaN
NaN,NaN,NaN,NaN
NaN,NaN,NaN,NaN
NaN,NaN,NaN,NaN
NaN,NaN,NaN,NaN
NaN,NaN,NaN,NaN
NaN,NaN,NaN,NaN
NaN,NaN,NaN,NaN
NaN,NaN,NaN,NaN
NaN,NaN,NaN,NaN
NaN,NaN,NaN,NaN
NaN,NaN,NaN,NaN
NaN,NaN,NaN,NaN
NaN,NaN,NaN,NaN
NaN,NaN,NaN,NaN
NaN,NaN,NaN,NaN
NaN,NaN,NaN,NaN
NaN,NaN,NaN,NaN
NaN,NaN,NaN,NaN
NaN,NaN,NaN,NaN
NaN,NaN,NaN,NaN
NaN,NaN,NaN,NaN
NaN,NaN,NaN,NaN
NaN,NaN,NaN,NaN
NaN,NaN,NaN,NaN
NaN,NaN,NaN,NaN
NaN,NaN,NaN,NaN
NaN,NaN,NaN,NaN
NaN,NaN,NaN,NaN
NaN,NaN,NaN,NaN
NaN,NaN,NaN,NaN
NaN,NaN,NaN,NaN
NaN,NaN,NaN,NaN
NaN,NaN,NaN,NaN
NaN,NaN,NaN,NaN
NaN,NaN,NaN,NaN
NaN,NaN,NaN,NaN
NaN,NaN,NaN,NaN
NaN,NaN,NaN,NaN
NaN,NaN,NaN,NaN
NaN,NaN,NaN,NaN
NaN,NaN,NaN,NaN
NaN,NaN,NaN,NaN
NaN,NaN,NaN,NaN
NaN,NaN,NaN,NaN
NaN,NaN,NaN,NaN
NaN,NaN,NaN,NaN
NaN,NaN,NaN,NaN
NaN,NaN,NaN,NaN
NaN,NaN,NaN,NaN
NaN,NaN,NaN,NaN
NaN,NaN,NaN,NaN
NaN,NaN,NaN,NaN
NaN,NaN,NaN,NaN
NaN,NaN,NaN,NaN
NaN,NaN,NaN,NaN
NaN,NaN,NaN,NaN
NaN,NaN,NaN,NaN
NaN,NaN,NaN,NaN
NaN,NaN,NaN,NaN
NaN,NaN,NaN,NaN
NaN,NaN,NaN,NaN
NaN,NaN,NaN,NaN
NaN,NaN,NaN,NaN
NaN,NaN,NaN,NaN
NaN,NaN,NaN,NaN
NaN,NaN,NaN,NaN
NaN,NaN,NaN,NaN
NaN,NaN,NaN,NaN
NaN,NaN,NaN,NaN
NaN,NaN,NaN,NaN
NaN,NaN,NaN,NaN
NaN,NaN,NaN,NaN
NaN,NaN,NaN,NaN
NaN,NaN,NaN,NaN
NaN,NaN,NaN,NaN
NaN,NaN,NaN,NaN
NaN,NaN,NaN,NaN
NaN,NaN,NaN,NaN
NaN,NaN,NaN,NaN
NaN,NaN,NaN,NaN
NaN,NaN,NaN,NaN