pt1_cam1_X,pt1_cam1_Y,pt2_cam1_X,pt2_cam1_Y,pt3_cam1_X,pt3_cam1_Y,pt4_cam1_X,pt4_cam1_Y,pt5_cam1_X,pt5_cam1_Y
955.315482,492.489199,NaN,NaN,NaN,NaN,NaN,NaN,NaN,NaN
953.350000,491.310000,NaN,NaN,NaN,NaN,NaN,NaN,NaN,NaN
952.480000,490.670000,NaN,NaN,NaN,NaN,NaN,NaN,NaN,NaN
951.070000,490.500000,NaN,NaN,NaN,NaN,NaN,NaN,NaN,NaN
949.540000,489.790000,NaN,NaN,NaN,NaN,NaN,NaN,NaN,NaN
948.760000,489.690000,NaN,NaN,NaN,NaN,NaN,NaN,NaN,NaN
946.930000,488.740000,NaN,NaN,NaN,NaN,NaN,NaN,NaN,NaN
946.300000,488.410000,NaN,NaN,NaN,NaN,NaN,NaN,NaN,NaN
945.160000,488.100000,NaN,NaN,NaN,NaN,NaN,NaN,NaN,NaN
943.880000,487.120000,NaN,NaN,NaN,NaN,NaN,NaN,NaN,NaN
943.130000,486.100000,NaN,NaN,NaN,NaN,NaN,NaN,NaN,NaN
941.700000,485.210000,NaN,NaN,NaN,NaN,NaN,NaN,NaN,NaN
940.160000,484.370000,NaN,NaN,NaN,NaN,NaN,NaN,NaN,NaN
939.040000,484.190000,NaN,NaN,NaN,NaN,NaN,NaN,NaN,NaN
937.480000,483.460000,NaN,NaN,NaN,NaN,NaN,NaN,NaN,NaN
937.170000,483.230000,NaN,NaN,NaN,NaN,NaN,NaN,NaN,NaN
935.810000,482.210000,NaN,NaN,NaN,NaN,NaN,NaN,NaN,NaN
935.220000,481.470000,NaN,NaN,NaN,NaN,NaN,NaN,NaN,NaN
933.660000,480.900000,NaN,NaN,NaN,NaN,NaN,NaN,NaN,NaN
932.900000,480.050000,NaN,NaN,NaN,NaN,NaN,NaN,NaN,NaN
931.840000,479.180000,NaN,NaN,NaN,NaN,NaN,NaN,NaN,NaN
930.890000,479.130000,NaN,NaN,NaN,NaN,NaN,NaN,NaN,NaN
929.230000,478.470000,NaN,NaN,NaN,NaN,NaN,NaN,NaN,NaN
927.990000,477.920000,NaN,NaN,NaN,NaN,NaN,NaN,NaN,NaN
926.710000,477.250000,NaN,NaN,NaN,NaN,NaN,NaN,NaN,NaN
925.250000,476.560000,NaN,NaN,NaN,NaN,NaN,NaN,NaN,NaN
923.770000,475.900000,NaN,NaN,NaN,NaN,NaN,NaN,NaN,NaN
922.180000,474.730000,NaN,NaN,NaN,NaN,NaN,NaN,NaN,NaN
921.210000,474.210000,NaN,NaN,NaN,NaN,NaN,NaN,NaN,NaN
919.150000,474.370000,NaN,NaN,NaN,NaN,NaN,NaN,NaN,NaN
918.140000,474.250000,NaN,NaN,NaN,NaN,NaN,NaN,NaN,NaN
916.260000,473.550000,NaN,NaN,NaN,NaN,NaN,NaN,NaN,NaN
914.860000,472.800000,NaN,NaN,NaN,NaN,NaN,NaN,NaN,NaN
913.460000,471.870000,NaN,NaN,NaN,NaN,NaN,NaN,NaN,NaN
912.180000,471.360000,NaN,NaN,NaN,NaN,NaN,NaN,NaN,NaN
911.270000,470.970000,NaN,NaN,NaN,NaN,NaN,NaN,NaN,NaN
910.420000,470.490000,NaN,NaN,NaN,NaN,NaN,NaN,NaN,NaN
908.470000,469.460000,NaN,NaN,NaN,NaN,NaN,NaN,NaN,NaN
907.830000,469.120000,NaN,NaN,NaN,NaN,NaN,NaN,NaN,NaN
906.490000,468.360000,NaN,NaN,NaN,NaN,NaN,NaN,NaN,NaN
905.050000,468.020000,NaN,NaN,NaN,NaN,NaN,NaN,NaN,NaN
903.910000,467.440000,NaN,NaN,NaN,NaN,NaN,NaN,NaN,NaN
902.350000,466.720000,NaN,NaN,NaN,NaN,NaN,NaN,NaN,NaN
901.280000,466.130000,NaN,NaN,NaN,NaN,NaN,NaN,NaN,NaN
900.170000,465.750000,NaN,NaN,NaN,NaN,NaN,NaN,NaN,NaN
898.740000,464.990000,NaN,NaN,NaN,NaN,NaN,NaN,NaN,NaN
897.230000,464.550000,NaN,NaN,NaN,NaN,NaN,NaN,NaN,NaN
895.820000,464.270000,NaN,NaN,NaN,NaN,NaN,NaN,NaN,NaN
894.920000,464.210000,NaN,NaN,NaN,NaN,NaN,NaN,NaN,NaN
893.020000,463.770000,NaN,NaN,NaN,NaN,NaN,NaN,NaN,NaN
891.680000,463.470000,NaN,NaN,NaN,NaN,NaN,NaN,NaN,NaN
889.460000,462.910000,NaN,NaN,NaN,NaN,NaN,NaN,NaN,NaN
888.640000,462.380000,NaN,NaN,NaN,NaN,NaN,NaN,NaN,NaN
887.310000,462.420000,NaN,NaN,NaN,NaN,NaN,NaN,NaN,NaN
886.010000,462.090000,NaN,NaN,NaN,NaN,NaN,NaN,NaN,NaN
883.750000,461.890000,NaN,NaN,NaN,NaN,NaN,NaN,NaN,NaN
882.120000,460.950000,NaN,NaN,NaN,NaN,NaN,NaN,NaN,NaN
880.790000,460.950000,NaN,NaN,NaN,NaN,NaN,NaN,NaN,NaN
879.310000,460.930000,NaN,NaN,NaN,NaN,NaN,NaN,NaN,NaN
877.960000,460.920000,NaN,NaN,NaN,NaN,NaN,NaN,NaN,NaN
876.530000,460.710000,NaN,NaN,NaN,NaN,NaN,NaN,NaN,NaN
875.060000,460.220000,NaN,NaN,NaN,NaN,NaN,NaN,NaN,NaN
874.180000,460.050000,NaN,NaN,NaN,NaN,NaN,NaN,NaN,NaN
872.900000,459.900000,NaN,NaN,NaN,NaN,NaN,NaN,NaN,NaN
NaN,NaN,NaN,NaN,NaN,NaN,NaN,NaN,NaN,NaN
NaN,NaN,NaN,NaN,NaN,NaN,NaN,NaN,NaN,NaN
NaN,NaN,NaN,NaN,NaN,NaN,NaN,NaN,NaN,NaN
NaN,NaN,NaN,NaN,NaN,NaN,NaN,NaN,NaN,NaN
NaN,NaN,NaN,NaN,NaN,NaN,NaN,NaN,NaN,NaN
NaN,NaN,NaN,NaN,NaN,NaN,NaN,NaN,NaN,NaN
NaN,NaN,NaN,NaN,NaN,NaN,NaN,NaN,NaN,NaN
NaN,NaN,NaN,NaN,NaN,NaN,NaN,NaN,NaN,NaN
NaN,NaN,NaN,NaN,NaN,NaN,NaN,NaN,NaN,NaN
NaN,NaN,NaN,NaN,NaN,NaN,NaN,NaN,NaN,NaN
NaN,NaN,NaN,NaN,NaN,NaN,NaN,NaN,NaN,NaN
NaN,NaN,NaN,NaN,NaN,NaN,NaN,NaN,NaN,NaN
NaN,NaN,NaN,NaN,NaN,NaN,NaN,NaN,NaN,NaN
NaN,NaN,NaN,NaN,NaN,NaN,NaN,NaN,NaN,NaN
NaN,NaN,NaN,NaN,NaN,NaN,NaN,NaN,NaN,NaN
NaN,NaN,NaN,NaN,NaN,NaN,NaN,NaN,NaN,NaN
NaN,NaN,NaN,NaN,NaN,NaN,NaN,NaN,NaN,NaN
NaN,NaN,NaN,NaN,NaN,NaN,NaN,NaN,NaN,NaN
NaN,NaN,NaN,NaN,NaN,NaN,NaN,NaN,NaN,NaN
NaN,NaN,NaN,NaN,NaN,NaN,NaN,NaN,NaN,NaN
NaN,NaN,NaN,NaN,NaN,NaN,NaN,NaN,NaN,NaN
NaN,NaN,NaN,NaN,NaN,NaN,NaN,NaN,NaN,NaN
NaN,NaN,NaN,NaN,NaN,NaN,NaN,NaN,NaN,NaN
NaN,NaN,NaN,NaN,NaN,NaN,NaN,NaN,NaN,NaN
NaN,NaN,NaN,NaN,NaN,NaN,NaN,NaN,NaN,NaN
NaN,NaN,NaN,NaN,NaN,NaN,NaN,NaN,NaN,NaN
NaN,NaN,NaN,NaN,NaN,NaN,NaN,NaN,NaN,NaN
NaN,NaN,NaN,NaN,NaN,NaN,NaN,NaN,NaN,NaN
NaN,NaN,NaN,NaN,NaN,NaN,NaN,NaN,NaN,NaN
NaN,NaN,NaN,NaN,NaN,NaN,NaN,NaN,NaN,NaN
NaN,NaN,NaN,NaN,NaN,NaN,NaN,NaN,NaN,NaN
NaN,NaN,NaN,NaN,NaN,NaN,NaN,NaN,NaN,NaN
NaN,NaN,NaN,NaN,NaN,NaN,NaN,NaN,NaN,NaN
NaN,NaN,NaN,NaN,NaN,NaN,NaN,NaN,NaN,NaN
NaN,NaN,NaN,NaN,NaN,NaN,NaN,NaN,NaN,NaN
NaN,NaN,NaN,NaN,NaN,NaN,NaN,NaN,NaN,NaN
NaN,NaN,NaN,NaN,NaN,NaN,NaN,NaN,NaN,NaN
NaN,NaN,NaN,NaN,NaN,NaN,NaN,NaN,NaN,NaN
NaN,NaN,NaN,NaN,NaN,NaN,NaN,NaN,NaN,NaN
NaN,NaN,NaN,NaN,NaN,NaN,NaN,NaN,NaN,NaN
NaN,NaN,NaN,NaN,NaN,NaN,NaN,NaN,NaN,NaN
NaN,NaN,NaN,NaN,NaN,NaN,NaN,NaN,NaN,NaN
NaN,NaN,NaN,NaN,NaN,NaN,NaN,NaN,NaN,NaN
NaN,NaN,NaN,NaN,NaN,NaN,NaN,NaN,NaN,NaN
NaN,NaN,NaN,NaN,NaN,NaN,NaN,NaN,NaN,NaN
NaN,NaN,NaN,NaN,NaN,NaN,NaN,NaN,NaN,NaN
NaN,NaN,NaN,NaN,NaN,NaN,NaN,NaN,NaN,NaN
NaN,NaN,NaN,NaN,NaN,NaN,NaN,NaN,NaN,NaN
NaN,NaN,NaN,NaN,NaN,NaN,NaN,NaN,NaN,NaN
NaN,NaN,NaN,NaN,NaN,NaN,NaN,NaN,NaN,NaN
NaN,NaN,NaN,NaN,NaN,NaN,NaN,NaN,NaN,NaN
NaN,NaN,NaN,NaN,NaN,NaN,NaN,NaN,NaN,NaN
NaN,NaN,NaN,NaN,NaN,NaN,NaN,NaN,NaN,NaN
NaN,NaN,NaN,NaN,NaN,NaN,NaN,NaN,NaN,NaN
NaN,NaN,NaN,NaN,NaN,NaN,NaN,NaN,NaN,NaN
NaN,NaN,860.265977,429.842934,NaN,NaN,NaN,NaN,NaN,NaN
NaN,NaN,859.730000,429.400000,NaN,NaN,NaN,NaN,NaN,NaN
NaN,NaN,860.120000,428.700000,NaN,NaN,NaN,NaN,NaN,NaN
NaN,NaN,859.970000,428.830000,NaN,NaN,NaN,NaN,NaN,NaN
NaN,NaN,859.950000,427.620000,NaN,NaN,NaN,NaN,NaN,NaN
NaN,NaN,859.900000,427.760000,NaN,NaN,NaN,NaN,NaN,NaN
NaN,NaN,859.660000,427.120000,NaN,NaN,NaN,NaN,NaN,NaN
NaN,NaN,859.680000,426.410000,NaN,NaN,NaN,NaN,NaN,NaN
NaN,NaN,859.660000,425.570000,NaN,NaN,NaN,NaN,NaN,NaN
NaN,NaN,859.560000,424.490000,NaN,NaN,NaN,NaN,NaN,NaN
NaN,NaN,859.230000,423.870000,NaN,NaN,NaN,NaN,NaN,NaN
NaN,NaN,858.950000,423.140000,NaN,NaN,NaN,NaN,NaN,NaN
NaN,NaN,858.980000,422.970000,NaN,NaN,NaN,NaN,NaN,NaN
NaN,NaN,858.890000,422.440000,NaN,NaN,NaN,NaN,NaN,NaN
NaN,NaN,858.970000,422.000000,NaN,NaN,NaN,NaN,NaN,NaN
NaN,NaN,858.920000,421.170000,NaN,NaN,NaN,NaN,NaN,NaN
NaN,NaN,858.610000,420.690000,NaN,NaN,NaN,NaN,NaN,NaN
NaN,NaN,858.460000,419.860000,NaN,NaN,NaN,NaN,NaN,NaN
NaN,NaN,858.370000,419.220000,NaN,NaN,NaN,NaN,NaN,NaN
NaN,NaN,858.120000,418.680000,NaN,NaN,NaN,NaN,NaN,NaN
NaN,NaN,857.870000,418.310000,NaN,NaN,NaN,NaN,NaN,NaN
NaN,NaN,857.500000,418.270000,NaN,NaN,NaN,NaN,NaN,NaN
NaN,NaN,857.030000,417.790000,NaN,NaN,NaN,NaN,NaN,NaN
NaN,NaN,856.790000,417.520000,NaN,NaN,NaN,NaN,NaN,NaN
NaN,NaN,856.710000,417.480000,NaN,NaN,NaN,NaN,NaN,NaN
NaN,NaN,856.130000,417.230000,NaN,NaN,NaN,NaN,NaN,NaN
NaN,NaN,856.020000,416.980000,NaN,NaN,NaN,NaN,NaN,NaN
NaN,NaN,855.670000,416.940000,NaN,NaN,NaN,NaN,NaN,NaN
NaN,NaN,855.750000,416.060000,NaN,NaN,NaN,NaN,NaN,NaN
NaN,NaN,855.850000,415.490000,NaN,NaN,NaN,NaN,NaN,NaN
NaN,NaN,855.610000,414.840000,NaN,NaN,NaN,NaN,NaN,NaN
NaN,NaN,855.340000,414.020000,NaN,NaN,NaN,NaN,NaN,NaN
NaN,NaN,855.230000,413.130000,NaN,NaN,NaN,NaN,NaN,NaN
NaN,NaN,855.320000,412.430000,NaN,NaN,NaN,NaN,NaN,NaN
NaN,NaN,855.140000,412.000000,NaN,NaN,NaN,NaN,NaN,NaN
NaN,NaN,855.560000,411.280000,NaN,NaN,NaN,NaN,NaN,NaN
NaN,NaN,855.550000,410.950000,NaN,NaN,NaN,NaN,NaN,NaN
NaN,NaN,855.460000,410.710000,NaN,NaN,NaN,NaN,NaN,NaN
NaN,NaN,855.900000,410.900000,NaN,NaN,NaN,NaN,NaN,NaN
NaN,NaN,855.700000,410.690000,NaN,NaN,NaN,NaN,NaN,NaN
NaN,NaN,856.060000,409.810000,NaN,NaN,NaN,NaN,NaN,NaN
NaN,NaN,855.990000,409.480000,NaN,NaN,NaN,NaN,NaN,NaN
NaN,NaN,856.000000,409.200000,NaN,NaN,NaN,NaN,NaN,NaN
NaN,NaN,856.240000,408.860000,NaN,NaN,NaN,NaN,NaN,NaN
NaN,NaN,856.030000,408.410000,NaN,NaN,NaN,NaN,NaN,NaN
NaN,NaN,855.950000,408.130000,NaN,NaN,NaN,NaN,NaN,NaN
NaN,NaN,855.860000,407.840000,NaN,NaN,NaN,NaN,NaN,NaN
NaN,NaN,855.970000,407.340000,NaN,NaN,NaN,NaN,NaN,NaN
NaN,NaN,855.870000,406.920000,NaN,NaN,NaN,NaN,NaN,NaN
NaN,NaN,855.590000,406.070000,NaN,NaN,NaN,NaN,NaN,NaN
NaN,NaN,855.610000,405.860000,NaN,NaN,NaN,NaN,NaN,NaN
NaN,NaN,855.660000,405.510000,NaN,NaN,NaN,NaN,NaN,NaN
NaN,NaN,855.700000,404.980000,NaN,NaN,NaN,NaN,NaN,NaN
NaN,NaN,855.610000,404.880000,NaN,NaN,NaN,NaN,NaN,NaN
NaN,NaN,855.950000,404.020000,NaN,NaN,NaN,NaN,NaN,NaN
NaN,NaN,855.720000,403.460000,NaN,NaN,NaN,NaN,NaN,NaN
NaN,NaN,855.660000,402.940000,NaN,NaN,NaN,NaN,NaN,NaN
NaN,NaN,855.690000,402.040000,NaN,NaN,NaN,NaN,NaN,NaN
NaN,NaN,855.710000,401.170000,NaN,NaN,NaN,NaN,NaN,NaN
NaN,NaN,855.220000,400.620000,NaN,NaN,NaN,NaN,NaN,NaN
NaN,NaN,855.180000,400.260000,NaN,NaN,NaN,NaN,NaN,NaN
NaN,NaN,855.060000,399.950000,NaN,NaN,NaN,NaN,NaN,NaN
NaN,NaN,854.920000,399.870000,NaN,NaN,NaN,NaN,NaN,NaN
NaN,NaN,854.950000,399.150000,NaN,NaN,NaN,NaN,NaN,NaN
NaN,NaN,855.080000,398.110000,NaN,NaN,NaN,NaN,NaN,NaN
NaN,NaN,855.030000,397.550000,NaN,NaN,NaN,NaN,NaN,NaN
NaN,NaN,854.780000,396.890000,NaN,NaN,NaN,NaN,NaN,NaN
NaN,NaN,854.560000,396.130000,NaN,NaN,NaN,NaN,NaN,NaN
NaN,NaN,854.260000,395.950000,NaN,NaN,NaN,NaN,NaN,NaN
NaN,NaN,854.450000,395.450000,NaN,NaN,NaN,NaN,NaN,NaN
NaN,NaN,854.150000,395.040000,NaN,NaN,NaN,NaN,NaN,NaN
NaN,NaN,853.960000,394.560000,NaN,NaN,NaN,NaN,NaN,NaN
NaN,NaN,854.200000,394.050000,NaN,NaN,NaN,NaN,NaN,NaN
NaN,NaN,854.070000,393.170000,NaN,NaN,NaN,NaN,NaN,NaN
NaN,NaN,854.060000,392.640000,NaN,NaN,NaN,NaN,NaN,NaN
NaN,NaN,853.840000,392.030000,NaN,NaN,NaN,NaN,NaN,NaN
NaN,NaN,853.700000,391.440000,NaN,NaN,NaN,NaN,NaN,NaN
NaN,NaN,852.590000,390.980000,NaN,NaN,NaN,NaN,NaN,NaN
NaN,NaN,853.210000,390.620000,NaN,NaN,884.028353,1015.261476,NaN,NaN
NaN,NaN,853.570000,390.170000,NaN,NaN,883.850000,1014.570000,NaN,NaN
NaN,NaN,852.900000,389.820000,NaN,NaN,883.190000,1014.780000,NaN,NaN
NaN,NaN,852.370000,389.620000,NaN,NaN,883.700000,1013.640000,NaN,NaN
NaN,NaN,852.060000,388.820000,NaN,NaN,881.868137,1010.941044,NaN,NaN
NaN,NaN,851.760000,388.300000,NaN,NaN,879.270000,1010.230000,NaN,NaN
NaN,NaN,851.650000,387.740000,NaN,NaN,879.707921,1010.941044,NaN,NaN
NaN,NaN,850.870000,387.140000,NaN,NaN,876.960000,1012.550000,NaN,NaN
NaN,NaN,850.780000,386.940000,NaN,NaN,873.227273,1008.780828,NaN,NaN
NaN,NaN,851.190000,386.620000,NaN,NaN,877.547705,1002.300180,NaN,NaN
NaN,NaN,850.880000,385.860000,NaN,NaN,875.387489,1006.620612,NaN,NaN
NaN,NaN,850.420000,386.020000,NaN,NaN,874.270000,1007.160000,NaN,NaN
NaN,NaN,850.320000,385.710000,NaN,NaN,877.547705,1008.780828,NaN,NaN
NaN,NaN,850.010000,384.760000,NaN,NaN,878.520000,1007.980000,NaN,NaN
NaN,NaN,849.510000,384.570000,NaN,NaN,875.970000,1008.900000,NaN,NaN
NaN,NaN,849.640000,383.620000,NaN,NaN,875.810000,1008.800000,NaN,NaN
NaN,NaN,849.260000,383.730000,NaN,NaN,875.280000,1007.440000,NaN,NaN
NaN,NaN,849.140000,383.230000,NaN,NaN,874.780000,1007.260000,NaN,NaN
NaN,NaN,848.710000,382.990000,NaN,NaN,874.280000,1007.080000,NaN,NaN
NaN,NaN,848.480000,382.120000,NaN,NaN,872.860000,1006.690000,NaN,NaN
NaN,NaN,848.180000,382.680000,NaN,NaN,872.760000,1006.120000,NaN,NaN
NaN,NaN,NaN,NaN,NaN,NaN,868.906841,1004.460396,NaN,NaN
NaN,NaN,NaN,NaN,NaN,NaN,873.227273,1002.300180,NaN,NaN
NaN,NaN,NaN,NaN,NaN,NaN,872.680000,1001.420000,NaN,NaN
NaN,NaN,NaN,NaN,NaN,NaN,873.227273,1004.460396,NaN,NaN
NaN,NaN,NaN,NaN,NaN,NaN,868.906841,1002.300180,NaN,NaN
NaN,NaN,NaN,NaN,NaN,NaN,868.760000,1001.720000,NaN,NaN
NaN,NaN,NaN,NaN,NaN,NaN,867.110000,1001.040000,NaN,NaN
NaN,NaN,NaN,NaN,NaN,NaN,867.190000,1001.220000,NaN,NaN
NaN,NaN,NaN,NaN,NaN,NaN,867.010000,1000.400000,NaN,NaN
NaN,NaN,NaN,NaN,NaN,NaN,866.830000,1000.790000,NaN,NaN
NaN,NaN,NaN,NaN,NaN,NaN,865.470000,999.660000,NaN,NaN
NaN,NaN,NaN,NaN,NaN,NaN,864.460000,999.560000,NaN,NaN
NaN,NaN,NaN,NaN,NaN,NaN,862.426193,997.979748,NaN,NaN
NaN,NaN,NaN,NaN,NaN,NaN,866.746625,1000.139964,NaN,NaN
NaN,NaN,NaN,NaN,NaN,NaN,867.100000,999.310000,NaN,NaN
NaN,NaN,NaN,NaN,NaN,NaN,866.020000,998.130000,NaN,NaN
NaN,NaN,NaN,NaN,NaN,NaN,865.840000,998.630000,NaN,NaN
NaN,NaN,NaN,NaN,NaN,NaN,864.960000,999.350000,NaN,NaN
NaN,NaN,NaN,NaN,NaN,NaN,863.850000,998.970000,NaN,NaN
NaN,NaN,NaN,NaN,NaN,NaN,863.580000,997.250000,NaN,NaN
NaN,NaN,NaN,NaN,NaN,NaN,861.980000,996.360000,NaN,NaN
NaN,NaN,NaN,NaN,NaN,NaN,862.330000,996.520000,NaN,NaN
NaN,NaN,NaN,NaN,NaN,NaN,861.350000,996.330000,NaN,NaN
NaN,NaN,NaN,NaN,NaN,NaN,855.945545,995.819532,NaN,NaN
NaN,NaN,NaN,NaN,NaN,NaN,854.890000,995.460000,NaN,NaN
NaN,NaN,NaN,NaN,NaN,NaN,854.390000,994.850000,NaN,NaN
NaN,NaN,NaN,NaN,NaN,NaN,853.790000,994.760000,NaN,NaN
NaN,NaN,NaN,NaN,NaN,NaN,853.120000,994.040000,NaN,NaN
NaN,NaN,NaN,NaN,830.022952,380.157966,852.100000,993.880000,NaN,NaN
NaN,NaN,NaN,NaN,829.640000,380.060000,851.120000,993.550000,NaN,NaN
NaN,NaN,NaN,NaN,828.720000,378.970000,850.810000,991.920000,NaN,NaN
NaN,NaN,NaN,NaN,828.030000,378.980000,850.240000,992.930000,NaN,NaN
NaN,NaN,NaN,NaN,827.190000,378.870000,850.180000,992.540000,NaN,NaN
NaN,NaN,NaN,NaN,826.090000,378.480000,849.450000,991.990000,NaN,NaN
NaN,NaN,NaN,NaN,825.702520,380.157966,848.360000,991.900000,NaN,NaN
NaN,NaN,NaN,NaN,824.600000,381.080000,847.790000,991.880000,NaN,NaN
NaN,NaN,NaN,NaN,823.080000,380.030000,847.760000,990.260000,NaN,NaN
NaN,NaN,NaN,NaN,823.070000,380.040000,846.400000,990.590000,NaN,NaN
NaN,NaN,NaN,NaN,818.730000,377.940000,846.050000,989.980000,NaN,NaN
NaN,NaN,NaN,NaN,825.702520,377.997750,845.290000,989.870000,NaN,NaN
NaN,NaN,NaN,NaN,826.200000,378.960000,843.930000,989.660000,NaN,NaN
NaN,NaN,NaN,NaN,824.460000,377.990000,842.640000,989.070000,NaN,NaN
NaN,NaN,NaN,NaN,823.620000,377.560000,842.984248,987.178668,NaN,NaN
NaN,NaN,NaN,NaN,823.650000,377.070000,842.810000,986.720000,NaN,NaN
NaN,NaN,NaN,NaN,821.830000,378.020000,841.620000,986.970000,NaN,NaN
NaN,NaN,NaN,NaN,817.061656,377.997750,841.070000,986.700000,NaN,NaN
NaN,NaN,NaN,NaN,821.382088,377.997750,839.880000,985.240000,NaN,NaN
NaN,NaN,NaN,NaN,820.180000,378.030000,839.300000,985.900000,NaN,NaN
NaN,NaN,NaN,NaN,819.600000,377.790000,838.240000,984.970000,NaN,NaN
NaN,NaN,NaN,NaN,818.300000,378.260000,837.270000,984.670000,NaN,NaN
NaN,NaN,NaN,NaN,818.090000,378.030000,836.750000,984.310000,NaN,NaN
NaN,NaN,NaN,NaN,817.280000,378.050000,835.820000,983.730000,NaN,NaN
NaN,NaN,NaN,NaN,817.440000,378.160000,834.490000,983.430000,NaN,NaN
NaN,NaN,NaN,NaN,808.420792,377.997750,833.620000,982.680000,NaN,NaN
NaN,NaN,NaN,NaN,NaN,NaN,832.750000,982.720000,NaN,NaN
NaN,NaN,NaN,NaN,NaN,NaN,832.220000,982.190000,NaN,NaN
NaN,NaN,NaN,NaN,NaN,NaN,831.310000,981.270000,NaN,NaN
NaN,NaN,NaN,NaN,NaN,NaN,830.260000,981.090000,NaN,NaN
NaN,NaN,NaN,NaN,NaN,NaN,829.280000,980.640000,NaN,NaN
NaN,NaN,NaN,NaN,NaN,NaN,828.060000,980.240000,NaN,NaN
NaN,NaN,NaN,NaN,NaN,NaN,827.680000,980.100000,NaN,NaN
NaN,NaN,NaN,NaN,NaN,NaN,826.290000,979.570000,NaN,NaN
NaN,NaN,NaN,NaN,NaN,NaN,825.900000,979.400000,NaN,NaN
NaN,NaN,NaN,NaN,NaN,NaN,824.340000,978.670000,NaN,NaN
NaN,NaN,NaN,NaN,NaN,NaN,823.960000,978.380000,NaN,NaN
NaN,NaN,NaN,NaN,NaN,NaN,823.100000,979.050000,NaN,NaN
NaN,NaN,NaN,NaN,NaN,NaN,822.130000,977.850000,NaN,NaN
NaN,NaN,NaN,NaN,NaN,NaN,821.240000,977.700000,NaN,NaN
NaN,NaN,NaN,NaN,NaN,NaN,820.420000,977.180000,NaN,NaN
NaN,NaN,NaN,NaN,NaN,NaN,819.690000,977.710000,NaN,NaN
NaN,NaN,NaN,NaN,NaN,NaN,818.940000,977.340000,NaN,NaN
NaN,NaN,NaN,NaN,NaN,NaN,817.970000,976.460000,NaN,NaN
NaN,NaN,NaN,NaN,NaN,NaN,817.180000,976.300000,NaN,NaN
NaN,NaN,NaN,NaN,NaN,NaN,816.440000,976.050000,NaN,NaN
NaN,NaN,NaN,NaN,NaN,NaN,815.870000,975.820000,NaN,NaN
NaN,NaN,NaN,NaN,NaN,NaN,815.060000,975.700000,NaN,NaN
NaN,NaN,NaN,NaN,NaN,NaN,814.960000,975.400000,NaN,NaN
NaN,NaN,NaN,NaN,NaN,NaN,813.240000,974.720000,NaN,NaN
NaN,NaN,NaN,NaN,NaN,NaN,812.020000,974.260000,NaN,NaN
NaN,NaN,NaN,NaN,NaN,NaN,811.390000,974.200000,NaN,NaN
NaN,NaN,NaN,NaN,NaN,NaN,810.280000,973.900000,NaN,NaN
NaN,NaN,NaN,NaN,NaN,NaN,809.030000,973.720000,NaN,NaN
NaN,NaN,NaN,NaN,NaN,NaN,808.020000,972.740000,NaN,NaN
NaN,NaN,NaN,NaN,NaN,NaN,807.560000,972.990000,NaN,NaN
NaN,NaN,NaN,NaN,NaN,NaN,806.440000,972.270000,NaN,NaN
NaN,NaN,NaN,NaN,NaN,NaN,805.850000,971.800000,NaN,NaN
NaN,NaN,NaN,NaN,NaN,NaN,804.550000,971.050000,NaN,NaN
NaN,NaN,NaN,NaN,NaN,NaN,803.380000,970.880000,NaN,NaN
NaN,NaN,NaN,NaN,NaN,NaN,802.980000,970.690000,NaN,NaN
NaN,NaN,NaN,NaN,NaN,NaN,801.520000,970.010000,NaN,NaN
NaN,NaN,NaN,NaN,NaN,NaN,801.150000,969.530000,NaN,NaN
NaN,NaN,NaN,NaN,NaN,NaN,799.810000,969.530000,NaN,NaN
NaN,NaN,NaN,NaN,NaN,NaN,799.040000,969.200000,NaN,NaN
NaN,NaN,NaN,NaN,NaN,NaN,798.380000,968.820000,NaN,NaN
NaN,NaN,NaN,NaN,NaN,NaN,797.150000,968.870000,NaN,NaN
NaN,NaN,NaN,NaN,NaN,NaN,795.960000,968.180000,NaN,NaN
NaN,NaN,NaN,NaN,NaN,NaN,795.180000,968.250000,NaN,NaN
NaN,NaN,NaN,NaN,NaN,NaN,794.230000,967.680000,NaN,NaN
NaN,NaN,NaN,NaN,NaN,NaN,793.100000,966.610000,NaN,NaN
NaN,NaN,NaN,NaN,NaN,NaN,791.750000,966.110000,NaN,NaN
NaN,NaN,NaN,NaN,NaN,NaN,791.170000,966.520000,NaN,NaN
NaN,NaN,NaN,NaN,NaN,NaN,790.240000,966.020000,NaN,NaN
NaN,NaN,NaN,NaN,NaN,NaN,789.280000,965.420000,NaN,NaN
NaN,NaN,NaN,NaN,NaN,NaN,788.000000,965.070000,NaN,NaN
NaN,NaN,NaN,NaN,NaN,NaN,787.260000,964.480000,NaN,NaN
NaN,NaN,NaN,NaN,NaN,NaN,786.640000,964.660000,NaN,NaN
NaN,NaN,NaN,NaN,NaN,NaN,785.640000,964.290000,NaN,NaN
NaN,NaN,NaN,NaN,NaN,NaN,784.320000,963.890000,NaN,NaN
NaN,NaN,NaN,NaN,NaN,NaN,783.390000,963.500000,NaN,NaN
NaN,NaN,NaN,NaN,NaN,NaN,782.430000,962.970000,NaN,NaN
NaN,NaN,NaN,NaN,NaN,NaN,782.120000,962.980000,NaN,NaN
NaN,NaN,NaN,NaN,NaN,NaN,780.390000,961.620000,NaN,NaN
NaN,NaN,NaN,NaN,NaN,NaN,780.290000,961.740000,NaN,NaN
NaN,NaN,NaN,NaN,NaN,NaN,778.800000,960.960000,NaN,NaN
NaN,NaN,NaN,NaN,NaN,NaN,778.300000,960.560000,NaN,NaN
NaN,NaN,NaN,NaN,NaN,NaN,777.450000,960.170000,NaN,NaN
NaN,NaN,NaN,NaN,NaN,NaN,776.920000,960.190000,NaN,NaN
NaN,NaN,NaN,NaN,NaN,NaN,775.090000,960.430000,NaN,NaN
NaN,NaN,NaN,NaN,NaN,NaN,775.470000,959.420000,NaN,NaN
NaN,NaN,NaN,NaN,NaN,NaN,774.610000,959.030000,NaN,NaN
NaN,NaN,NaN,NaN,NaN,NaN,774.090000,958.890000,NaN,NaN
NaN,NaN,NaN,NaN,NaN,NaN,773.790000,958.290000,NaN,NaN
NaN,NaN,NaN,NaN,NaN,NaN,772.750000,958.150000,NaN,NaN
NaN,NaN,NaN,NaN,NaN,NaN,771.730000,958.210000,NaN,NaN
NaN,NaN,NaN,NaN,NaN,NaN,770.850000,957.700000,NaN,NaN
NaN,NaN,NaN,NaN,NaN,NaN,770.430000,957.390000,NaN,NaN
NaN,NaN,NaN,NaN,NaN,NaN,769.460000,957.140000,NaN,NaN
NaN,NaN,NaN,NaN,NaN,NaN,769.020000,956.740000,NaN,NaN
NaN,NaN,NaN,NaN,NaN,NaN,768.780000,956.840000,NaN,NaN
NaN,NaN,NaN,NaN,NaN,NaN,768.840000,956.350000,NaN,NaN
NaN,NaN,NaN,NaN,NaN,NaN,768.550000,955.260000,NaN,NaN
NaN,NaN,NaN,NaN,NaN,NaN,768.060000,954.970000,NaN,NaN
NaN,NaN,NaN,NaN,NaN,NaN,768.110000,954.550000,NaN,NaN
NaN,NaN,NaN,NaN,NaN,NaN,767.790000,954.630000,NaN,NaN
NaN,NaN,NaN,NaN,NaN,NaN,768.060000,953.940000,NaN,NaN
NaN,NaN,NaN,NaN,NaN,NaN,767.940000,954.280000,NaN,NaN
NaN,NaN,NaN,NaN,NaN,NaN,767.440000,954.030000,NaN,NaN
NaN,NaN,NaN,NaN,NaN,NaN,767.200000,953.610000,NaN,NaN
NaN,NaN,NaN,NaN,NaN,NaN,767.050000,953.520000,NaN,NaN
NaN,NaN,NaN,NaN,NaN,NaN,767.260000,953.280000,NaN,NaN
NaN,NaN,NaN,NaN,NaN,NaN,766.720000,953.660000,NaN,NaN
NaN,NaN,NaN,NaN,NaN,NaN,766.880000,953.770000,NaN,NaN
NaN,NaN,NaN,NaN,NaN,NaN,766.700000,953.520000,NaN,NaN
NaN,NaN,NaN,NaN,NaN,NaN,765.990000,953.030000,NaN,NaN
NaN,NaN,NaN,NaN,NaN,NaN,765.690000,953.040000,NaN,NaN
NaN,NaN,NaN,NaN,NaN,NaN,764.950000,952.710000,NaN,NaN
NaN,NaN,NaN,NaN,NaN,NaN,764.770000,952.750000,NaN,NaN
NaN,NaN,NaN,NaN,NaN,NaN,764.630000,952.990000,NaN,NaN
NaN,NaN,NaN,NaN,NaN,NaN,763.520000,952.380000,NaN,NaN
NaN,NaN,NaN,NaN,NaN,NaN,762.030000,953.500000,NaN,NaN
NaN,NaN,NaN,NaN,NaN,NaN,762.370000,953.710000,NaN,NaN
NaN,NaN,NaN,NaN,NaN,NaN,762.710000,951.980000,NaN,NaN
NaN,NaN,NaN,NaN,NaN,NaN,761.590000,951.950000,NaN,NaN
NaN,NaN,NaN,NaN,NaN,NaN,761.660000,951.900000,NaN,NaN
NaN,NaN,NaN,NaN,NaN,NaN,761.360000,951.590000,NaN,NaN
NaN,NaN,NaN,NaN,NaN,NaN,761.130000,951.790000,NaN,NaN
NaN,NaN,NaN,NaN,NaN,NaN,761.280000,951.660000,NaN,NaN
NaN,NaN,NaN,NaN,NaN,NaN,761.220000,951.520000,NaN,NaN
NaN,NaN,NaN,NaN,NaN,NaN,761.050000,951.560000,NaN,NaN
NaN,NaN,NaN,NaN,NaN,NaN,760.830000,951.580000,NaN,NaN
NaN,NaN,NaN,NaN,NaN,NaN,760.840000,951.660000,NaN,NaN
NaN,NaN,NaN,NaN,NaN,NaN,760.530000,951.750000,NaN,NaN
NaN,NaN,NaN,NaN,NaN,NaN,760.120000,951.710000,NaN,NaN
NaN,NaN,NaN,NaN,NaN,NaN,759.400000,951.330000,NaN,NaN
NaN,NaN,NaN,NaN,NaN,NaN,759.750000,951.280000,NaN,NaN
NaN,NaN,NaN,NaN,NaN,NaN,757.470000,952.090000,NaN,NaN
NaN,NaN,NaN,NaN,NaN,NaN,758.030000,950.940000,NaN,NaN
NaN,NaN,NaN,NaN,NaN,NaN,757.260000,950.810000,NaN,NaN
NaN,NaN,NaN,NaN,NaN,NaN,756.900000,950.580000,NaN,NaN
NaN,NaN,NaN,NaN,NaN,NaN,756.890000,950.170000,NaN,NaN
NaN,NaN,NaN,NaN,NaN,NaN,756.230000,950.140000,NaN,NaN
NaN,NaN,NaN,NaN,NaN,NaN,755.340000,950.040000,NaN,NaN
NaN,NaN,NaN,NaN,NaN,NaN,755.790000,949.720000,NaN,NaN
NaN,NaN,NaN,NaN,NaN,NaN,754.590000,949.280000,NaN,NaN
NaN,NaN,NaN,NaN,NaN,NaN,754.100000,949.220000,NaN,NaN
NaN,NaN,NaN,NaN,NaN,NaN,753.390000,948.850000,NaN,NaN
NaN,NaN,NaN,NaN,NaN,NaN,752.580000,948.490000,NaN,NaN
NaN,NaN,NaN,NaN,NaN,NaN,751.020000,949.080000,NaN,NaN
NaN,NaN,NaN,NaN,NaN,NaN,752.520000,948.260000,NaN,NaN
NaN,NaN,NaN,NaN,NaN,NaN,751.330000,948.140000,NaN,NaN
NaN,NaN,NaN,NaN,NaN,NaN,751.190000,947.990000,NaN,NaN
NaN,NaN,NaN,NaN,NaN,NaN,750.760000,947.880000,NaN,NaN
NaN,NaN,NaN,NaN,NaN,NaN,749.270000,947.740000,NaN,NaN
NaN,NaN,NaN,NaN,NaN,NaN,747.934743,950.454995,NaN,NaN
NaN,NaN,NaN,NaN,NaN,NaN,747.340000,950.050000,NaN,NaN
NaN,NaN,NaN,NaN,NaN,NaN,747.020000,949.290000,NaN,NaN
NaN,NaN,NaN,NaN,NaN,NaN,747.020000,948.720000,NaN,NaN
NaN,NaN,NaN,NaN,NaN,NaN,746.880000,948.390000,NaN,NaN
NaN,NaN,NaN,NaN,NaN,NaN,747.270000,948.230000,NaN,NaN
NaN,NaN,NaN,NaN,NaN,NaN,747.260000,948.170000,NaN,NaN
NaN,NaN,NaN,NaN,NaN,NaN,746.930000,948.150000,NaN,NaN
NaN,NaN,NaN,NaN,NaN,NaN,744.990000,948.150000,NaN,NaN
NaN,NaN,NaN,NaN,NaN,NaN,743.870000,947.940000,NaN,NaN
NaN,NaN,NaN,NaN,NaN,NaN,743.390000,947.660000,NaN,NaN
NaN,NaN,NaN,NaN,NaN,NaN,742.610000,946.890000,NaN,NaN
NaN,NaN,NaN,NaN,NaN,NaN,742.480000,946.490000,NaN,NaN
NaN,NaN,NaN,NaN,NaN,NaN,741.690000,946.000000,NaN,NaN
NaN,NaN,NaN,NaN,NaN,NaN,741.000000,946.280000,NaN,NaN
NaN,NaN,NaN,NaN,NaN,NaN,740.270000,946.440000,NaN,NaN
NaN,NaN,NaN,NaN,NaN,NaN,739.800000,946.480000,NaN,NaN
NaN,NaN,NaN,NaN,NaN,NaN,739.040000,945.690000,NaN,NaN
NaN,NaN,NaN,NaN,NaN,NaN,738.230000,944.830000,NaN,NaN
NaN,NaN,NaN,NaN,NaN,NaN,738.150000,944.480000,NaN,NaN
NaN,NaN,NaN,NaN,NaN,NaN,737.340000,944.780000,NaN,NaN
NaN,NaN,NaN,NaN,NaN,NaN,736.890000,944.990000,NaN,NaN
NaN,NaN,NaN,NaN,NaN,NaN,735.840000,944.510000,NaN,NaN
NaN,NaN,NaN,NaN,NaN,NaN,735.260000,944.020000,NaN,NaN
NaN,NaN,NaN,NaN,NaN,NaN,735.040000,944.080000,NaN,NaN
NaN,NaN,NaN,NaN,NaN,NaN,735.030000,944.010000,NaN,NaN
NaN,NaN,NaN,NaN,NaN,NaN,735.170000,943.910000,NaN,NaN
NaN,NaN,NaN,NaN,NaN,NaN,734.710000,943.570000,NaN,NaN
NaN,NaN,NaN,NaN,NaN,NaN,734.200000,943.120000,NaN,NaN
NaN,NaN,NaN,NaN,NaN,NaN,734.070000,943.040000,NaN,NaN
NaN,NaN,NaN,NaN,NaN,NaN,734.230000,943.070000,NaN,NaN
NaN,NaN,NaN,NaN,NaN,NaN,734.400000,943.190000,NaN,NaN
NaN,NaN,NaN,NaN,NaN,NaN,734.450000,942.840000,NaN,NaN
NaN,NaN,NaN,NaN,NaN,NaN,734.130000,942.810000,NaN,NaN
NaN,NaN,NaN,NaN,NaN,NaN,734.080000,942.650000,NaN,NaN
NaN,NaN,NaN,NaN,NaN,NaN,733.520000,943.020000,1020.121962,531.373087
NaN,NaN,NaN,NaN,NaN,NaN,733.690000,943.050000,1019.400000,530.410000
NaN,NaN,NaN,NaN,NaN,NaN,733.660000,942.270000,1018.070000,529.820000
NaN,NaN,NaN,NaN,NaN,NaN,732.160000,941.310000,1016.350000,528.400000
NaN,NaN,NaN,NaN,NaN,NaN,732.020000,940.600000,1015.980000,528.110000
NaN,NaN,NaN,NaN,NaN,NaN,731.650000,941.190000,1014.620000,527.200000
NaN,NaN,NaN,NaN,NaN,NaN,732.660000,941.620000,1013.230000,526.550000
NaN,NaN,NaN,NaN,NaN,NaN,732.470000,941.980000,1011.590000,525.240000
NaN,NaN,NaN,NaN,NaN,NaN,731.630000,941.970000,1009.640000,524.250000
NaN,NaN,NaN,NaN,NaN,NaN,730.970000,942.010000,1007.590000,523.120000
NaN,NaN,NaN,NaN,NaN,NaN,730.390000,941.700000,1006.470000,522.110000
NaN,NaN,NaN,NaN,NaN,NaN,730.270000,941.130000,1004.810000,521.360000
NaN,NaN,NaN,NaN,NaN,NaN,730.000000,940.960000,1003.020000,520.280000
NaN,NaN,NaN,NaN,NaN,NaN,730.070000,940.510000,1001.550000,519.620000
NaN,NaN,NaN,NaN,NaN,NaN,730.070000,939.080000,1000.140000,518.210000
NaN,NaN,NaN,NaN,NaN,NaN,728.180000,939.630000,999.160000,517.500000
NaN,NaN,NaN,NaN,NaN,NaN,727.870000,940.290000,997.850000,516.540000
NaN,NaN,NaN,NaN,NaN,NaN,727.520000,940.510000,996.470000,515.600000
NaN,NaN,NaN,NaN,NaN,NaN,727.000000,940.580000,995.280000,514.410000
NaN,NaN,NaN,NaN,NaN,NaN,727.060000,940.480000,994.020000,513.320000
NaN,NaN,NaN,NaN,NaN,NaN,726.870000,939.900000,993.570000,512.890000
NaN,NaN,NaN,NaN,NaN,NaN,726.620000,939.360000,992.140000,512.450000
NaN,NaN,NaN,NaN,NaN,NaN,726.130000,939.330000,990.330000,511.350000
NaN,NaN,NaN,NaN,NaN,NaN,725.840000,939.210000,988.800000,510.050000
NaN,NaN,NaN,NaN,NaN,NaN,725.240000,939.050000,987.900000,509.350000
NaN,NaN,NaN,NaN,NaN,NaN,724.740000,938.980000,986.040000,507.840000
NaN,NaN,NaN,NaN,NaN,NaN,723.970000,938.850000,984.170000,505.660000
NaN,NaN,NaN,NaN,NaN,NaN,723.220000,938.830000,982.060000,505.160000
NaN,NaN,NaN,NaN,NaN,NaN,722.180000,939.000000,979.820000,503.750000
NaN,NaN,NaN,NaN,NaN,NaN,721.130000,938.830000,977.450000,502.450000
NaN,NaN,NaN,NaN,NaN,NaN,721.190000,938.790000,975.240000,501.190000
NaN,NaN,NaN,NaN,NaN,NaN,721.170000,938.840000,973.620000,500.030000
NaN,NaN,NaN,NaN,NaN,NaN,721.010000,938.590000,971.780000,498.740000
NaN,NaN,NaN,NaN,NaN,NaN,720.710000,937.760000,971.040000,498.390000
NaN,NaN,NaN,NaN,NaN,NaN,719.990000,937.420000,969.080000,497.490000
NaN,NaN,NaN,NaN,NaN,NaN,719.130000,937.340000,966.940000,495.830000
NaN,NaN,NaN,NaN,NaN,NaN,718.170000,937.330000,965.410000,495.020000
NaN,NaN,NaN,NaN,NaN,NaN,717.340000,937.030000,964.390000,494.500000
NaN,NaN,NaN,NaN,NaN,NaN,717.550000,936.830000,962.740000,493.340000
NaN,NaN,NaN,NaN,NaN,NaN,717.750000,936.790000,961.260000,492.590000
NaN,NaN,NaN,NaN,NaN,NaN,717.700000,936.620000,959.980000,492.250000
NaN,NaN,NaN,NaN,NaN,NaN,717.640000,936.150000,958.190000,491.610000
NaN,NaN,NaN,NaN,NaN,NaN,717.650000,936.110000,957.140000,491.200000
NaN,NaN,NaN,NaN,NaN,NaN,717.640000,936.210000,955.560000,490.140000
NaN,NaN,NaN,NaN,NaN,NaN,717.590000,936.170000,954.720000,489.150000
NaN,NaN,NaN,NaN,NaN,NaN,717.620000,936.250000,952.870000,488.540000
NaN,NaN,NaN,NaN,NaN,NaN,717.610000,936.300000,951.910000,488.180000
NaN,NaN,NaN,NaN,NaN,NaN,717.410000,936.120000,950.640000,487.540000
NaN,NaN,NaN,NaN,NaN,NaN,716.680000,936.100000,948.810000,486.840000
NaN,NaN,NaN,NaN,NaN,NaN,715.670000,935.890000,947.600000,486.530000
NaN,NaN,NaN,NaN,NaN,NaN,714.940000,936.040000,945.270000,485.590000
NaN,NaN,NaN,NaN,NaN,NaN,715.650000,936.210000,945.200000,485.360000
NaN,NaN,NaN,NaN,NaN,NaN,715.870000,935.900000,944.390000,485.050000
NaN,NaN,NaN,NaN,NaN,NaN,715.640000,935.680000,943.420000,484.150000
NaN,NaN,NaN,NaN,NaN,NaN,715.180000,934.990000,943.270000,483.510000
NaN,NaN,NaN,NaN,NaN,NaN,714.540000,934.880000,943.380000,482.760000
NaN,NaN,NaN,NaN,NaN,NaN,714.010000,935.070000,943.070000,482.420000
NaN,NaN,NaN,NaN,NaN,NaN,713.190000,935.170000,942.740000,481.630000
NaN,NaN,NaN,NaN,NaN,NaN,712.820000,935.300000,942.170000,481.630000
NaN,NaN,NaN,NaN,NaN,NaN,712.870000,935.350000,942.000000,481.310000
NaN,NaN,NaN,NaN,NaN,NaN,713.080000,935.290000,940.770000,480.810000
