pt1_cam1_X,pt1_cam1_Y
725.860864,988.144147
725.870000,988.130000
725.760000,988.350000
725.370000,988.530000
724.820000,988.550000
723.810000,988.670000
723.070000,988.580000
722.300000,988.630000
721.940000,988.700000
721.400000,988.960000
721.070000,989.320000
720.890000,989.510000
720.710000,989.600000
720.410000,989.480000
720.070000,989.430000
719.730000,989.630000
719.610000,989.820000
719.330000,989.790000
718.980000,989.940000
718.690000,989.860000
718.080000,989.890000
717.920000,990.040000
717.630000,989.890000
717.030000,989.690000
717.120000,989.490000
717.030000,989.270000
716.670000,988.870000
716.680000,989.310000
716.160000,988.840000
716.600000,988.950000
715.800000,988.120000
715.234799,987.326757
715.070000,986.960000
715.080000,986.980000
715.160000,986.850000
715.150000,986.510000
715.140000,986.150000
715.060000,986.240000
714.920000,985.990000
715.080000,985.880000
714.840000,985.860000
714.750000,986.010000
714.910000,985.910000
715.000000,985.910000
715.200000,986.010000
714.830000,985.820000
716.869578,984.874588
717.010000,984.870000
716.920000,984.830000
716.890000,984.880000
716.850000,984.770000
716.860000,984.780000
716.780000,984.780000
716.750000,984.860000
716.840000,984.840000
716.700000,984.900000
716.360000,984.540000
716.060000,984.020000
716.030000,984.060000
716.120000,984.060000
715.950000,984.070000
716.010000,984.180000
715.970000,984.150000
715.910000,984.080000
715.950000,983.970000
715.930000,983.990000
715.860000,984.000000
715.950000,983.980000
715.820000,984.120000
715.900000,984.100000
715.980000,983.980000
715.830000,983.930000
715.920000,984.050000
715.910000,983.920000
715.940000,984.000000
715.910000,984.130000
715.830000,983.900000
715.880000,983.970000
715.950000,983.990000
715.800000,984.030000
715.850000,983.910000
715.840000,983.870000
716.020000,983.950000
715.940000,983.910000
715.920000,983.960000
715.860000,983.830000
716.010000,983.870000
715.740000,983.850000
715.920000,983.900000
715.850000,983.880000
715.750000,983.750000
715.930000,983.900000
715.900000,984.000000
716.190000,983.890000
715.890000,983.930000
715.880000,983.990000
715.810000,983.950000
715.770000,983.980000
715.730000,983.930000
715.370000,983.780000
715.720000,983.930000
715.780000,983.980000
715.830000,983.950000
715.840000,983.940000
715.740000,984.030000
715.730000,983.780000
715.920000,983.880000
715.980000,983.950000
716.040000,984.030000
715.820000,983.890000
715.850000,983.930000
715.890000,983.950000
715.940000,983.930000
715.950000,983.970000
715.900000,983.860000
715.900000,983.970000
715.990000,983.880000
716.030000,983.970000
715.980000,983.950000
715.910000,983.830000
715.910000,983.790000
716.040000,983.890000
715.880000,983.950000
715.990000,983.940000
715.890000,983.850000
715.890000,983.740000
715.970000,983.920000
715.980000,983.770000
716.070000,983.790000
715.980000,983.880000
715.940000,983.890000
NaN,NaN
NaN,NaN
NaN,NaN
NaN,NaN
NaN,NaN
NaN,NaN
NaN,NaN
NaN,NaN
NaN,NaN
NaN,NaN
NaN,NaN
NaN,NaN
NaN,NaN
NaN,NaN
NaN,NaN
NaN,NaN
NaN,NaN
NaN,NaN
NaN,NaN
NaN,NaN
NaN,NaN
NaN,NaN
NaN,NaN
NaN,NaN
NaN,NaN
NaN,NaN
NaN,NaN
NaN,NaN
NaN,NaN
NaN,NaN
NaN,NaN
NaN,NaN
NaN,NaN
NaN,NaN
NaN,NaN
NaN,NaN
NaN,NaN
NaN,NaN
NaN,NaN
NaN,NaN
NaN,NaN
NaN,NaN
NaN,NaN
NaN,NaN
NaN,NaN
NaN,NaN
NaN,NaN
NaN,NaN
NaN,NaN
NaN,NaN
NaN,NaN
NaN,NaN
NaN,NaN
NaN,NaN
NaN,NaN
NaN,NaN
NaN,NaN
NaN,NaN
NaN,NaN
NaN,NaN
NaN,NaN
NaN,NaN
NaN,NaN
NaN,NaN
NaN,NaN
NaN,NaN
NaN,NaN
NaN,NaN
NaN,NaN
NaN,NaN
NaN,NaN
NaN,NaN
NaN,NaN
NaN,NaN
NaN,NaN
NaN,NaN
NaN,NaN
NaN,NaN
NaN,NaN
NaN,NaN
NaN,NaN
NaN,NaN
NaN,NaN
NaN,NaN
NaN,NaN
NaN,NaN
NaN,NaN
NaN,NaN
NaN,NaN
NaN,NaN
NaN,NaN
NaN,NaN
NaN,NaN
NaN,NaN
NaN,NaN
NaN,NaN
NaN,NaN
NaN,NaN
NaN,NaN
NaN,NaN
NaN,NaN
NaN,NaN
NaN,NaN
NaN,NaN
NaN,NaN
NaN,NaN
NaN,NaN
NaN,NaN
NaN,NaN
NaN,NaN
NaN,NaN
NaN,NaN
NaN,NaN
NaN,NaN
NaN,NaN
NaN,NaN
NaN,NaN
NaN,NaN
NaN,NaN
NaN,NaN
NaN,NaN
NaN,NaN
NaN,NaN
NaN,NaN
NaN,NaN
NaN,NaN
NaN,NaN
NaN,NaN
NaN,NaN
NaN,NaN
NaN,NaN
NaN,NaN
NaN,NaN
NaN,NaN
NaN,NaN
NaN,NaN
NaN,NaN
NaN,NaN
NaN,NaN
NaN,NaN
NaN,NaN
NaN,NaN
NaN,NaN
NaN,NaN
NaN,NaN
NaN,NaN
NaN,NaN
NaN,NaN
NaN,NaN
NaN,NaN
NaN,NaN
NaN,NaN
NaN,NaN
NaN,NaN
NaN,NaN
NaN,NaN
NaN,NaN
NaN,NaN
NaN,NaN
NaN,NaN
NaN,NaN
NaN,NaN
NaN,NaN
NaN,NaN
NaN,NaN
NaN,NaN
NaN,NaN
NaN,NaN
NaN,NaN
NaN,NaN
NaN,NaN
NaN,NaN
NaN,NaN
NaN,NaN
NaN,NaN
NaN,NaN
NaN,NaN
NaN,NaN
NaN,NaN
NaN,NaN
NaN,NaN
NaN,NaN
NaN,NaN
NaN,NaN
NaN,NaN
NaN,NaN
NaN,NaN
NaN,NaN
NaN,NaN
NaN,NaN
NaN,NaN
NaN,NaN
NaN,NaN
NaN,NaN
NaN,NaN
NaN,NaN
NaN,NaN
NaN,NaN
NaN,NaN
NaN,NaN
NaN,NaN
NaN,NaN
NaN,NaN
NaN,NaN
NaN,NaN
NaN,NaN
NaN,NaN
NaN,NaN
NaN,NaN
NaN,NaN
NaN,NaN
NaN,NaN
NaN,NaN
NaN,NaN
NaN,NaN
NaN,NaN
NaN,NaN
NaN,NaN
NaN,NaN
NaN,NaN
NaN,NaN
NaN,NaN
NaN,NaN
NaN,NaN
NaN,NaN
NaN,NaN
NaN,NaN
NaN,NaN
NaN,NaN
NaN,NaN
NaN,NaN
NaN,NaN
NaN,NaN
NaN,NaN
NaN,NaN
NaN,NaN
NaN,NaN
NaN,NaN
NaN,NaN
NaN,NaN
NaN,NaN
NaN,NaN
NaN,NaN
NaN,NaN
NaN,NaN
NaN,NaN
NaN,NaN
NaN,NaN
NaN,NaN
NaN,NaN
NaN,NaN
NaN,NaN
NaN,NaN
NaN,NaN
NaN,NaN
NaN,NaN
NaN,NaN
NaN,NaN
NaN,NaN
NaN,NaN
NaN,NaN
NaN,NaN
NaN,NaN
NaN,NaN
NaN,NaN
NaN,NaN
NaN,NaN
NaN,NaN
NaN,NaN
NaN,NaN
NaN,NaN
NaN,NaN
NaN,NaN
NaN,NaN
NaN,NaN
NaN,NaN
NaN,NaN
NaN,NaN
NaN,NaN
NaN,NaN
NaN,NaN
NaN,NaN
NaN,NaN
NaN,NaN
NaN,NaN
NaN,NaN
NaN,NaN
NaN,NaN
NaN,NaN
NaN,NaN
NaN,NaN
NaN,NaN
NaN,NaN
NaN,NaN
NaN,NaN
NaN,NaN
NaN,NaN
NaN,NaN
NaN,NaN
NaN,NaN
NaN,NaN
NaN,NaN
NaN,NaN
NaN,NaN
NaN,NaN
NaN,NaN
NaN,NaN
NaN,NaN
NaN,NaN
NaN,NaN
NaN,NaN
NaN,NaN
NaN,NaN
NaN,NaN
NaN,NaN
NaN,NaN
NaN,NaN
NaN,NaN
NaN,NaN
NaN,NaN
NaN,NaN
NaN,NaN
NaN,NaN
NaN,NaN
NaN,NaN
NaN,NaN
NaN,NaN
NaN,NaN
NaN,NaN
NaN,NaN
NaN,NaN
NaN,NaN
NaN,NaN
NaN,NaN
NaN,NaN
NaN,NaN
NaN,NaN
NaN,NaN
NaN,NaN
NaN,NaN
NaN,NaN
NaN,NaN
NaN,NaN
NaN,NaN
NaN,NaN
NaN,NaN
NaN,NaN
NaN,NaN
NaN,NaN
NaN,NaN
NaN,NaN
NaN,NaN
NaN,NaN
NaN,NaN
NaN,NaN
NaN,NaN
NaN,NaN
NaN,NaN
NaN,NaN
NaN,NaN
NaN,NaN
NaN,NaN
NaN,NaN
NaN,NaN
NaN,NaN
NaN,NaN
