pt1_cam1_X,pt1_cam1_Y,pt2_cam1_X,pt2_cam1_Y,pt3_cam1_X,pt3_cam1_Y,pt4_cam1_X,pt4_cam1_Y
NaN,NaN,NaN,NaN,NaN,NaN,NaN,NaN
NaN,NaN,NaN,NaN,NaN,NaN,NaN,NaN
NaN,NaN,NaN,NaN,NaN,NaN,NaN,NaN
NaN,NaN,NaN,NaN,NaN,NaN,NaN,NaN
NaN,NaN,NaN,NaN,NaN,NaN,NaN,NaN
NaN,NaN,NaN,NaN,NaN,NaN,NaN,NaN
NaN,NaN,NaN,NaN,NaN,NaN,NaN,NaN
NaN,NaN,NaN,NaN,NaN,NaN,NaN,NaN
NaN,NaN,NaN,NaN,NaN,NaN,NaN,NaN
NaN,NaN,NaN,NaN,NaN,NaN,NaN,NaN
NaN,NaN,NaN,NaN,NaN,NaN,NaN,NaN
NaN,NaN,NaN,NaN,NaN,NaN,NaN,NaN
NaN,NaN,NaN,NaN,NaN,NaN,NaN,NaN
NaN,NaN,NaN,NaN,NaN,NaN,NaN,NaN
NaN,NaN,NaN,NaN,NaN,NaN,NaN,NaN
NaN,NaN,NaN,NaN,NaN,NaN,NaN,NaN
NaN,NaN,NaN,NaN,NaN,NaN,NaN,NaN
NaN,NaN,NaN,NaN,NaN,NaN,NaN,NaN
NaN,NaN,NaN,NaN,NaN,NaN,NaN,NaN
NaN,NaN,NaN,NaN,NaN,NaN,NaN,NaN
NaN,NaN,NaN,NaN,NaN,NaN,NaN,NaN
NaN,NaN,NaN,NaN,NaN,NaN,NaN,NaN
NaN,NaN,NaN,NaN,NaN,NaN,NaN,NaN
NaN,NaN,NaN,NaN,NaN,NaN,NaN,NaN
NaN,NaN,NaN,NaN,NaN,NaN,NaN,NaN
NaN,NaN,NaN,NaN,NaN,NaN,NaN,NaN
NaN,NaN,NaN,NaN,NaN,NaN,NaN,NaN
NaN,NaN,NaN,NaN,NaN,NaN,NaN,NaN
NaN,NaN,NaN,NaN,NaN,NaN,NaN,NaN
885.104716,674.979889,NaN,NaN,NaN,NaN,NaN,NaN
875.118585,684.966019,NaN,NaN,NaN,NaN,NaN,NaN
860.139390,696.616505,NaN,NaN,NaN,NaN,NaN,NaN
855.146325,699.945215,NaN,NaN,NaN,NaN,NaN,NaN
850.153259,706.602635,NaN,NaN,NaN,NaN,NaN,NaN
856.810680,706.602635,NaN,NaN,NaN,NaN,NaN,NaN
850.153259,713.260055,NaN,NaN,NaN,NaN,NaN,NaN
NaN,NaN,NaN,NaN,NaN,NaN,NaN,NaN
NaN,NaN,NaN,NaN,NaN,NaN,NaN,NaN
NaN,NaN,NaN,NaN,NaN,NaN,NaN,NaN
NaN,NaN,NaN,NaN,NaN,NaN,NaN,NaN
NaN,NaN,NaN,NaN,NaN,NaN,NaN,NaN
NaN,NaN,NaN,NaN,NaN,NaN,NaN,NaN
NaN,NaN,NaN,NaN,NaN,NaN,NaN,NaN
NaN,NaN,NaN,NaN,NaN,NaN,NaN,NaN
NaN,NaN,NaN,NaN,NaN,NaN,NaN,NaN
NaN,NaN,NaN,NaN,NaN,NaN,NaN,NaN
NaN,NaN,NaN,NaN,NaN,NaN,NaN,NaN
NaN,NaN,NaN,NaN,NaN,NaN,NaN,NaN
NaN,NaN,NaN,NaN,NaN,NaN,NaN,NaN
NaN,NaN,NaN,NaN,NaN,NaN,NaN,NaN
NaN,NaN,NaN,NaN,NaN,NaN,NaN,NaN
NaN,NaN,NaN,NaN,NaN,NaN,NaN,NaN
NaN,NaN,NaN,NaN,NaN,NaN,NaN,NaN
NaN,NaN,NaN,NaN,NaN,NaN,NaN,NaN
NaN,NaN,800.222607,571.789875,NaN,NaN,NaN,NaN
NaN,NaN,796.347297,571.653259,NaN,NaN,NaN,NaN
NaN,NaN,789.689877,579.420250,NaN,NaN,NaN,NaN
NaN,NaN,787.470737,580.529820,NaN,NaN,NaN,NaN
NaN,NaN,778.594177,581.639390,NaN,NaN,NaN,NaN
NaN,NaN,774.155897,584.968100,NaN,NaN,NaN,NaN
NaN,NaN,773.046326,587.187240,NaN,NaN,NaN,NaN
NaN,NaN,768.608046,589.406380,NaN,NaN,NaN,NaN
NaN,NaN,765.279336,591.625520,NaN,NaN,NaN,NaN
NaN,NaN,765.279336,591.625520,NaN,NaN,NaN,NaN
NaN,NaN,761.950626,591.625520,NaN,NaN,NaN,NaN
NaN,NaN,760.841056,596.063800,NaN,NaN,NaN,NaN
NaN,NaN,759.731486,590.515950,NaN,NaN,NaN,NaN
NaN,NaN,759.731486,592.735090,NaN,NaN,NaN,NaN
NaN,NaN,755.638738,596.034212,NaN,NaN,NaN,NaN
NaN,NaN,753.419597,596.773925,NaN,NaN,NaN,NaN
NaN,NaN,753.419597,596.773925,NaN,NaN,NaN,NaN
NaN,NaN,751.200457,596.773925,NaN,NaN,NaN,NaN
NaN,NaN,757.118164,593.815072,NaN,NaN,NaN,NaN
NaN,NaN,757.857878,596.773925,NaN,NaN,NaN,NaN
NaN,NaN,760.077018,595.294498,NaN,NaN,NaN,NaN
NaN,NaN,760.077018,595.294498,NaN,NaN,NaN,NaN
NaN,NaN,761.556444,593.815072,NaN,NaN,NaN,NaN
NaN,NaN,763.035871,592.335645,NaN,NaN,NaN,NaN
NaN,NaN,765.255011,596.034212,NaN,NaN,NaN,NaN
NaN,NaN,768.213865,593.815072,NaN,NaN,NaN,NaN
NaN,NaN,772.652145,593.075358,NaN,NaN,NaN,NaN
NaN,NaN,772.652145,589.376791,NaN,NaN,NaN,NaN
NaN,NaN,771.172718,591.595932,NaN,NaN,NaN,NaN
NaN,NaN,775.610998,589.376791,NaN,NaN,NaN,NaN
NaN,NaN,774.131572,593.075358,NaN,NaN,NaN,NaN
NaN,NaN,769.693291,593.075358,NaN,NaN,NaN,NaN
NaN,NaN,768.953578,593.075358,NaN,NaN,NaN,NaN
NaN,NaN,769.693291,591.595932,NaN,NaN,NaN,NaN
NaN,NaN,768.953578,593.075358,NaN,NaN,NaN,NaN
NaN,NaN,766.734438,591.595932,NaN,NaN,NaN,NaN
NaN,NaN,764.515298,593.815072,NaN,NaN,NaN,NaN
NaN,NaN,764.515298,593.815072,NaN,NaN,NaN,NaN
NaN,NaN,765.255011,591.595932,NaN,NaN,NaN,NaN
NaN,NaN,766.734438,590.116505,NaN,NaN,NaN,NaN
NaN,NaN,765.255011,595.294498,NaN,NaN,NaN,NaN
NaN,NaN,765.994725,591.595932,NaN,NaN,NaN,NaN
NaN,NaN,765.994725,591.595932,NaN,NaN,NaN,NaN
NaN,NaN,765.994725,591.595932,NaN,NaN,NaN,NaN
NaN,NaN,764.515298,593.075358,NaN,NaN,NaN,NaN
NaN,NaN,764.515298,593.075358,NaN,NaN,NaN,NaN
NaN,NaN,765.255011,592.335645,NaN,NaN,NaN,NaN
NaN,NaN,764.515298,592.335645,NaN,NaN,NaN,NaN
NaN,NaN,765.994725,590.856218,NaN,NaN,NaN,NaN
NaN,NaN,765.255011,593.075358,NaN,NaN,NaN,NaN
NaN,NaN,764.515298,593.075358,NaN,NaN,NaN,NaN
NaN,NaN,763.775585,593.075358,NaN,NaN,NaN,NaN
NaN,NaN,763.775585,591.595932,NaN,NaN,NaN,NaN
NaN,NaN,763.035871,593.815072,NaN,NaN,NaN,NaN
NaN,NaN,763.035871,593.815072,NaN,NaN,NaN,NaN
NaN,NaN,763.030000,594.080000,901.362270,673.704115,NaN,NaN
NaN,NaN,NaN,NaN,900.622556,675.183541,NaN,NaN
NaN,NaN,NaN,NaN,897.663703,678.882108,NaN,NaN
NaN,NaN,NaN,NaN,893.965136,678.882108,NaN,NaN
NaN,NaN,NaN,NaN,892.485709,682.580675,NaN,NaN
NaN,NaN,NaN,NaN,891.745996,683.320388,NaN,NaN
NaN,NaN,NaN,NaN,885.828289,687.018955,NaN,NaN
NaN,NaN,NaN,NaN,879.910582,689.977809,NaN,NaN
NaN,NaN,NaN,NaN,879.910582,689.977809,NaN,NaN
NaN,NaN,NaN,NaN,879.910582,689.977809,NaN,NaN
NaN,NaN,NaN,NaN,875.472302,695.895515,NaN,NaN
NaN,NaN,NaN,NaN,875.472302,695.895515,NaN,NaN
NaN,NaN,NaN,NaN,873.992875,698.114656,NaN,NaN
NaN,NaN,NaN,NaN,865.116315,704.032362,NaN,NaN
NaN,NaN,NaN,NaN,858.458895,709.950069,NaN,NaN
NaN,NaN,NaN,NaN,860.678035,712.169209,NaN,NaN
NaN,NaN,NaN,NaN,848.842621,721.785483,NaN,NaN
NaN,NaN,NaN,NaN,837.746921,728.442903,NaN,NaN
NaN,NaN,NaN,NaN,814.815806,729.922330,NaN,NaN
NaN,NaN,NaN,NaN,809.637813,726.223763,NaN,NaN
NaN,NaN,NaN,NaN,NaN,NaN,NaN,NaN
NaN,NaN,NaN,NaN,NaN,NaN,NaN,NaN
NaN,NaN,NaN,NaN,NaN,NaN,NaN,NaN
NaN,NaN,NaN,NaN,NaN,NaN,NaN,NaN
NaN,NaN,NaN,NaN,NaN,NaN,NaN,NaN
NaN,NaN,NaN,NaN,NaN,NaN,NaN,NaN
NaN,NaN,NaN,NaN,NaN,NaN,NaN,NaN
NaN,NaN,NaN,NaN,NaN,NaN,NaN,NaN
NaN,NaN,NaN,NaN,NaN,NaN,NaN,NaN
NaN,NaN,NaN,NaN,NaN,NaN,NaN,NaN
NaN,NaN,NaN,NaN,NaN,NaN,NaN,NaN
NaN,NaN,NaN,NaN,NaN,NaN,NaN,NaN
NaN,NaN,NaN,NaN,NaN,NaN,NaN,NaN
NaN,NaN,NaN,NaN,NaN,NaN,NaN,NaN
NaN,NaN,NaN,NaN,NaN,NaN,NaN,NaN
NaN,NaN,NaN,NaN,NaN,NaN,NaN,NaN
NaN,NaN,NaN,NaN,NaN,NaN,NaN,NaN
NaN,NaN,NaN,NaN,NaN,NaN,NaN,NaN
NaN,NaN,NaN,NaN,NaN,NaN,NaN,NaN
NaN,NaN,NaN,NaN,NaN,NaN,NaN,NaN
NaN,NaN,NaN,NaN,NaN,NaN,NaN,NaN
NaN,NaN,NaN,NaN,NaN,NaN,NaN,NaN
NaN,NaN,NaN,NaN,NaN,NaN,NaN,NaN
NaN,NaN,NaN,NaN,NaN,NaN,NaN,NaN
NaN,NaN,NaN,NaN,NaN,NaN,794.103832,546.473417
NaN,NaN,NaN,NaN,NaN,NaN,797.210000,543.460000
NaN,NaN,NaN,NaN,NaN,NaN,799.160000,541.990000
NaN,NaN,NaN,NaN,NaN,NaN,802.080000,540.440000
NaN,NaN,NaN,NaN,NaN,NaN,804.020000,539.970000
NaN,NaN,NaN,NaN,NaN,NaN,806.380000,538.850000
NaN,NaN,NaN,NaN,NaN,NaN,808.560000,538.170000
NaN,NaN,NaN,NaN,NaN,NaN,809.440000,537.600000
NaN,NaN,NaN,NaN,NaN,NaN,813.260000,536.520000
NaN,NaN,NaN,NaN,NaN,NaN,815.240000,535.780000
NaN,NaN,NaN,NaN,NaN,NaN,817.180000,534.680000
NaN,NaN,NaN,NaN,NaN,NaN,818.590000,534.190000
NaN,NaN,NaN,NaN,NaN,NaN,819.290000,534.050000
NaN,NaN,NaN,NaN,NaN,NaN,820.540000,533.490000
NaN,NaN,NaN,NaN,NaN,NaN,821.820000,533.510000
NaN,NaN,NaN,NaN,NaN,NaN,822.790000,533.520000
NaN,NaN,NaN,NaN,NaN,NaN,823.400000,533.980000
NaN,NaN,NaN,NaN,NaN,NaN,823.230000,533.980000
NaN,NaN,NaN,NaN,NaN,NaN,823.160000,533.720000
NaN,NaN,NaN,NaN,NaN,NaN,823.230000,533.880000
NaN,NaN,NaN,NaN,NaN,NaN,821.473227,536.117429
NaN,NaN,NaN,NaN,NaN,NaN,821.473227,533.898289
NaN,NaN,NaN,NaN,NaN,NaN,819.900000,535.940000
NaN,NaN,NaN,NaN,NaN,NaN,818.490000,539.230000
NaN,NaN,NaN,NaN,NaN,NaN,816.840000,542.220000
NaN,NaN,NaN,NaN,NaN,NaN,811.856953,548.692557
NaN,NaN,NaN,NaN,NaN,NaN,808.560000,551.760000
NaN,NaN,NaN,NaN,NaN,NaN,805.170000,554.060000
NaN,NaN,NaN,NaN,NaN,NaN,798.542113,553.870550
NaN,NaN,NaN,NaN,NaN,NaN,789.665552,558.308830
NaN,NaN,NaN,NaN,NaN,NaN,777.830138,563.486824
NaN,NaN,NaN,NaN,NaN,NaN,771.172718,566.445677
NaN,NaN,NaN,NaN,NaN,NaN,762.296158,571.623671
NaN,NaN,NaN,NaN,NaN,NaN,755.638738,571.623671
NaN,NaN,NaN,NaN,NaN,NaN,748.241604,574.582524
NaN,NaN,NaN,NaN,NaN,NaN,741.584184,579.020804
NaN,NaN,NaN,NaN,NaN,NaN,742.323897,576.801664
NaN,NaN,NaN,NaN,NaN,NaN,737.885617,581.239945
NaN,NaN,NaN,NaN,NaN,NaN,737.145904,580.500231
NaN,NaN,NaN,NaN,NaN,NaN,734.187050,584.198798
NaN,NaN,NaN,NaN,NaN,NaN,NaN,NaN
NaN,NaN,NaN,NaN,NaN,NaN,NaN,NaN
NaN,NaN,NaN,NaN,NaN,NaN,NaN,NaN
NaN,NaN,NaN,NaN,NaN,NaN,NaN,NaN
NaN,NaN,NaN,NaN,NaN,NaN,NaN,NaN
NaN,NaN,NaN,NaN,NaN,NaN,NaN,NaN
NaN,NaN,NaN,NaN,NaN,NaN,NaN,NaN
NaN,NaN,NaN,NaN,NaN,NaN,NaN,NaN
NaN,NaN,NaN,NaN,NaN,NaN,NaN,NaN
NaN,NaN,NaN,NaN,NaN,NaN,NaN,NaN
NaN,NaN,NaN,NaN,NaN,NaN,NaN,NaN
NaN,NaN,NaN,NaN,NaN,NaN,NaN,NaN
NaN,NaN,NaN,NaN,NaN,NaN,NaN,NaN
NaN,NaN,NaN,NaN,NaN,NaN,NaN,NaN
NaN,NaN,NaN,NaN,NaN,NaN,NaN,NaN
NaN,NaN,NaN,NaN,NaN,NaN,NaN,NaN
NaN,NaN,NaN,NaN,NaN,NaN,NaN,NaN
NaN,NaN,NaN,NaN,NaN,NaN,NaN,NaN
NaN,NaN,NaN,NaN,NaN,NaN,NaN,NaN
NaN,NaN,NaN,NaN,NaN,NaN,NaN,NaN
NaN,NaN,NaN,NaN,NaN,NaN,NaN,NaN
NaN,NaN,NaN,NaN,NaN,NaN,NaN,NaN
NaN,NaN,NaN,NaN,NaN,NaN,NaN,NaN
NaN,NaN,NaN,NaN,NaN,NaN,NaN,NaN
NaN,NaN,NaN,NaN,NaN,NaN,NaN,NaN
NaN,NaN,NaN,NaN,NaN,NaN,NaN,NaN
NaN,NaN,NaN,NaN,NaN,NaN,NaN,NaN
NaN,NaN,NaN,NaN,NaN,NaN,NaN,NaN
NaN,NaN,NaN,NaN,NaN,NaN,NaN,NaN
NaN,NaN,NaN,NaN,NaN,NaN,NaN,NaN
NaN,NaN,NaN,NaN,NaN,NaN,NaN,NaN
NaN,NaN,NaN,NaN,NaN,NaN,NaN,NaN
NaN,NaN,NaN,NaN,NaN,NaN,NaN,NaN
NaN,NaN,NaN,NaN,NaN,NaN,NaN,NaN
NaN,NaN,NaN,NaN,NaN,NaN,NaN,NaN
NaN,NaN,NaN,NaN,NaN,NaN,NaN,NaN
NaN,NaN,NaN,NaN,NaN,NaN,NaN,NaN
NaN,NaN,NaN,NaN,NaN,NaN,NaN,NaN
NaN,NaN,NaN,NaN,NaN,NaN,NaN,NaN
NaN,NaN,NaN,NaN,NaN,NaN,NaN,NaN
NaN,NaN,NaN,NaN,NaN,NaN,NaN,NaN
NaN,NaN,NaN,NaN,NaN,NaN,NaN,NaN
NaN,NaN,NaN,NaN,NaN,NaN,NaN,NaN
NaN,NaN,NaN,NaN,NaN,NaN,NaN,NaN
NaN,NaN,NaN,NaN,NaN,NaN,NaN,NaN
NaN,NaN,NaN,NaN,NaN,NaN,NaN,NaN
NaN,NaN,NaN,NaN,NaN,NaN,NaN,NaN
NaN,NaN,NaN,NaN,NaN,NaN,NaN,NaN
NaN,NaN,NaN,NaN,NaN,NaN,NaN,NaN
NaN,NaN,NaN,NaN,NaN,NaN,NaN,NaN
NaN,NaN,NaN,NaN,NaN,NaN,NaN,NaN
NaN,NaN,NaN,NaN,NaN,NaN,NaN,NaN
NaN,NaN,NaN,NaN,NaN,NaN,NaN,NaN
NaN,NaN,NaN,NaN,NaN,NaN,NaN,NaN
NaN,NaN,NaN,NaN,NaN,NaN,NaN,NaN
NaN,NaN,NaN,NaN,NaN,NaN,NaN,NaN
NaN,NaN,NaN,NaN,NaN,NaN,NaN,NaN
NaN,NaN,NaN,NaN,NaN,NaN,NaN,NaN
NaN,NaN,NaN,NaN,NaN,NaN,NaN,NaN
NaN,NaN,NaN,NaN,NaN,NaN,NaN,NaN
NaN,NaN,NaN,NaN,NaN,NaN,NaN,NaN
NaN,NaN,NaN,NaN,NaN,NaN,NaN,NaN
NaN,NaN,NaN,NaN,NaN,NaN,NaN,NaN
NaN,NaN,NaN,NaN,NaN,NaN,NaN,NaN
NaN,NaN,NaN,NaN,NaN,NaN,NaN,NaN
NaN,NaN,NaN,NaN,NaN,NaN,NaN,NaN
NaN,NaN,NaN,NaN,NaN,NaN,NaN,NaN
NaN,NaN,NaN,NaN,NaN,NaN,NaN,NaN
NaN,NaN,NaN,NaN,NaN,NaN,NaN,NaN
NaN,NaN,NaN,NaN,NaN,NaN,NaN,NaN
NaN,NaN,NaN,NaN,NaN,NaN,NaN,NaN
NaN,NaN,NaN,NaN,NaN,NaN,NaN,NaN
NaN,NaN,NaN,NaN,NaN,NaN,NaN,NaN
NaN,NaN,NaN,NaN,NaN,NaN,NaN,NaN
NaN,NaN,NaN,NaN,NaN,NaN,NaN,NaN
NaN,NaN,NaN,NaN,NaN,NaN,NaN,NaN
NaN,NaN,NaN,NaN,NaN,NaN,NaN,NaN
NaN,NaN,NaN,NaN,NaN,NaN,NaN,NaN
NaN,NaN,NaN,NaN,NaN,NaN,NaN,NaN
NaN,NaN,NaN,NaN,NaN,NaN,NaN,NaN
NaN,NaN,NaN,NaN,NaN,NaN,NaN,NaN
NaN,NaN,NaN,NaN,NaN,NaN,NaN,NaN
NaN,NaN,NaN,NaN,NaN,NaN,NaN,NaN
NaN,NaN,NaN,NaN,NaN,NaN,NaN,NaN
NaN,NaN,NaN,NaN,NaN,NaN,NaN,NaN
NaN,NaN,NaN,NaN,NaN,NaN,NaN,NaN
NaN,NaN,NaN,NaN,NaN,NaN,NaN,NaN
NaN,NaN,NaN,NaN,NaN,NaN,NaN,NaN
NaN,NaN,NaN,NaN,NaN,NaN,NaN,NaN
NaN,NaN,NaN,NaN,NaN,NaN,NaN,NaN
NaN,NaN,NaN,NaN,NaN,NaN,NaN,NaN
NaN,NaN,NaN,NaN,NaN,NaN,NaN,NaN
NaN,NaN,NaN,NaN,NaN,NaN,NaN,NaN
NaN,NaN,NaN,NaN,NaN,NaN,NaN,NaN
NaN,NaN,NaN,NaN,NaN,NaN,NaN,NaN
NaN,NaN,NaN,NaN,NaN,NaN,NaN,NaN
NaN,NaN,NaN,NaN,NaN,NaN,NaN,NaN
NaN,NaN,NaN,NaN,NaN,NaN,NaN,NaN
NaN,NaN,NaN,NaN,NaN,NaN,NaN,NaN
NaN,NaN,NaN,NaN,NaN,NaN,NaN,NaN
NaN,NaN,NaN,NaN,NaN,NaN,NaN,NaN
NaN,NaN,NaN,NaN,NaN,NaN,NaN,NaN
NaN,NaN,NaN,NaN,NaN,NaN,NaN,NaN
NaN,NaN,NaN,NaN,NaN,NaN,NaN,NaN
NaN,NaN,NaN,NaN,NaN,NaN,NaN,NaN
NaN,NaN,NaN,NaN,NaN,NaN,NaN,NaN
NaN,NaN,NaN,NaN,NaN,NaN,NaN,NaN
NaN,NaN,NaN,NaN,NaN,NaN,NaN,NaN
NaN,NaN,NaN,NaN,NaN,NaN,NaN,NaN
NaN,NaN,NaN,NaN,NaN,NaN,NaN,NaN
NaN,NaN,NaN,NaN,NaN,NaN,NaN,NaN
NaN,NaN,NaN,NaN,NaN,NaN,NaN,NaN
NaN,NaN,NaN,NaN,NaN,NaN,NaN,NaN
NaN,NaN,NaN,NaN,NaN,NaN,NaN,NaN
NaN,NaN,NaN,NaN,NaN,NaN,NaN,NaN
NaN,NaN,NaN,NaN,NaN,NaN,NaN,NaN
NaN,NaN,NaN,NaN,NaN,NaN,NaN,NaN
NaN,NaN,NaN,NaN,NaN,NaN,NaN,NaN
NaN,NaN,NaN,NaN,NaN,NaN,NaN,NaN
NaN,NaN,NaN,NaN,NaN,NaN,NaN,NaN
NaN,NaN,NaN,NaN,NaN,NaN,NaN,NaN
NaN,NaN,NaN,NaN,NaN,NaN,NaN,NaN
NaN,NaN,NaN,NaN,NaN,NaN,NaN,NaN
NaN,NaN,NaN,NaN,NaN,NaN,NaN,NaN
NaN,NaN,NaN,NaN,NaN,NaN,NaN,NaN
NaN,NaN,NaN,NaN,NaN,NaN,NaN,NaN
NaN,NaN,NaN,NaN,NaN,NaN,NaN,NaN
NaN,NaN,NaN,NaN,NaN,NaN,NaN,NaN
NaN,NaN,NaN,NaN,NaN,NaN,NaN,NaN
NaN,NaN,NaN,NaN,NaN,NaN,NaN,NaN
NaN,NaN,NaN,NaN,NaN,NaN,NaN,NaN
NaN,NaN,NaN,NaN,NaN,NaN,NaN,NaN
NaN,NaN,NaN,NaN,NaN,NaN,NaN,NaN
NaN,NaN,NaN,NaN,NaN,NaN,NaN,NaN
NaN,NaN,NaN,NaN,NaN,NaN,NaN,NaN
NaN,NaN,NaN,NaN,NaN,NaN,NaN,NaN
NaN,NaN,NaN,NaN,NaN,NaN,NaN,NaN
NaN,NaN,NaN,NaN,NaN,NaN,NaN,NaN
NaN,NaN,NaN,NaN,NaN,NaN,NaN,NaN
