pt1_cam1_X,pt1_cam1_Y,pt2_cam1_X,pt2_cam1_Y
NaN,NaN,NaN,NaN
NaN,NaN,NaN,NaN
NaN,NaN,NaN,NaN
NaN,NaN,NaN,NaN
NaN,NaN,NaN,NaN
NaN,NaN,NaN,NaN
NaN,NaN,NaN,NaN
NaN,NaN,NaN,NaN
NaN,NaN,NaN,NaN
NaN,NaN,NaN,NaN
NaN,NaN,NaN,NaN
NaN,NaN,NaN,NaN
NaN,NaN,NaN,NaN
NaN,NaN,NaN,NaN
NaN,NaN,NaN,NaN
NaN,NaN,NaN,NaN
NaN,NaN,NaN,NaN
NaN,NaN,NaN,NaN
NaN,NaN,NaN,NaN
NaN,NaN,NaN,NaN
NaN,NaN,NaN,NaN
NaN,NaN,NaN,NaN
NaN,NaN,NaN,NaN
NaN,NaN,NaN,NaN
NaN,NaN,NaN,NaN
NaN,NaN,NaN,NaN
NaN,NaN,NaN,NaN
NaN,NaN,NaN,NaN
NaN,NaN,NaN,NaN
NaN,NaN,NaN,NaN
NaN,NaN,NaN,NaN
NaN,NaN,NaN,NaN
NaN,NaN,NaN,NaN
NaN,NaN,NaN,NaN
NaN,NaN,NaN,NaN
NaN,NaN,NaN,NaN
NaN,NaN,NaN,NaN
NaN,NaN,NaN,NaN
NaN,NaN,NaN,NaN
NaN,NaN,NaN,NaN
NaN,NaN,NaN,NaN
NaN,NaN,NaN,NaN
NaN,NaN,NaN,NaN
NaN,NaN,NaN,NaN
NaN,NaN,NaN,NaN
NaN,NaN,NaN,NaN
NaN,NaN,NaN,NaN
NaN,NaN,NaN,NaN
NaN,NaN,NaN,NaN
NaN,NaN,NaN,NaN
NaN,NaN,NaN,NaN
NaN,NaN,NaN,NaN
NaN,NaN,NaN,NaN
NaN,NaN,NaN,NaN
NaN,NaN,NaN,NaN
NaN,NaN,NaN,NaN
NaN,NaN,NaN,NaN
NaN,NaN,NaN,NaN
NaN,NaN,NaN,NaN
NaN,NaN,NaN,NaN
NaN,NaN,NaN,NaN
NaN,NaN,NaN,NaN
NaN,NaN,NaN,NaN
NaN,NaN,NaN,NaN
NaN,NaN,NaN,NaN
NaN,NaN,NaN,NaN
NaN,NaN,NaN,NaN
NaN,NaN,NaN,NaN
NaN,NaN,NaN,NaN
NaN,NaN,NaN,NaN
NaN,NaN,NaN,NaN
NaN,NaN,NaN,NaN
614.499281,551.502516,NaN,NaN
612.632710,549.635945,NaN,NaN
618.232423,544.036233,NaN,NaN
612.632710,549.635945,NaN,NaN
614.499281,549.635945,NaN,NaN
612.632710,545.902803,NaN,NaN
614.499281,545.902803,NaN,NaN
613.960000,544.350000,NaN,NaN
608.899569,545.902803,NaN,NaN
608.390000,544.990000,NaN,NaN
610.766140,544.036233,NaN,NaN
611.660000,543.900000,NaN,NaN
607.032998,544.036233,NaN,NaN
607.032998,542.169662,NaN,NaN
606.050000,541.970000,NaN,NaN
605.800000,541.720000,NaN,NaN
604.150000,540.740000,NaN,NaN
601.180000,541.970000,NaN,NaN
602.120000,543.320000,NaN,NaN
607.032998,536.569949,NaN,NaN
608.899569,534.703378,NaN,NaN
608.899569,534.703378,NaN,NaN
607.032998,536.569949,NaN,NaN
605.166427,530.970237,NaN,NaN
605.166427,529.103666,NaN,NaN
601.433285,529.103666,NaN,NaN
601.433285,534.703378,NaN,NaN
599.566715,530.970237,NaN,NaN
599.566715,525.370524,NaN,NaN
595.833573,529.103666,NaN,NaN
595.520000,528.450000,NaN,NaN
594.740000,527.970000,NaN,NaN
592.960000,526.170000,NaN,NaN
592.440000,526.060000,NaN,NaN
590.820000,524.140000,NaN,NaN
589.310000,523.920000,NaN,NaN
588.690000,523.120000,NaN,NaN
586.910000,522.020000,NaN,NaN
NaN,NaN,NaN,NaN
NaN,NaN,NaN,NaN
NaN,NaN,NaN,NaN
NaN,NaN,NaN,NaN
NaN,NaN,NaN,NaN
NaN,NaN,NaN,NaN
NaN,NaN,NaN,NaN
NaN,NaN,NaN,NaN
NaN,NaN,NaN,NaN
NaN,NaN,NaN,NaN
NaN,NaN,NaN,NaN
NaN,NaN,NaN,NaN
NaN,NaN,NaN,NaN
NaN,NaN,NaN,NaN
NaN,NaN,NaN,NaN
NaN,NaN,NaN,NaN
NaN,NaN,NaN,NaN
NaN,NaN,NaN,NaN
NaN,NaN,NaN,NaN
NaN,NaN,NaN,NaN
NaN,NaN,NaN,NaN
NaN,NaN,NaN,NaN
NaN,NaN,NaN,NaN
NaN,NaN,NaN,NaN
NaN,NaN,NaN,NaN
NaN,NaN,NaN,NaN
NaN,NaN,NaN,NaN
NaN,NaN,NaN,NaN
NaN,NaN,NaN,NaN
NaN,NaN,NaN,NaN
NaN,NaN,NaN,NaN
NaN,NaN,NaN,NaN
NaN,NaN,NaN,NaN
NaN,NaN,NaN,NaN
NaN,NaN,NaN,NaN
NaN,NaN,NaN,NaN
NaN,NaN,NaN,NaN
NaN,NaN,NaN,NaN
NaN,NaN,NaN,NaN
NaN,NaN,NaN,NaN
NaN,NaN,NaN,NaN
NaN,NaN,NaN,NaN
NaN,NaN,NaN,NaN
NaN,NaN,NaN,NaN
NaN,NaN,NaN,NaN
NaN,NaN,NaN,NaN
NaN,NaN,NaN,NaN
NaN,NaN,NaN,NaN
NaN,NaN,NaN,NaN
NaN,NaN,NaN,NaN
NaN,NaN,NaN,NaN
NaN,NaN,NaN,NaN
NaN,NaN,NaN,NaN
NaN,NaN,NaN,NaN
NaN,NaN,NaN,NaN
NaN,NaN,NaN,NaN
NaN,NaN,NaN,NaN
NaN,NaN,NaN,NaN
NaN,NaN,NaN,NaN
NaN,NaN,NaN,NaN
NaN,NaN,NaN,NaN
NaN,NaN,NaN,NaN
NaN,NaN,NaN,NaN
NaN,NaN,NaN,NaN
NaN,NaN,NaN,NaN
NaN,NaN,NaN,NaN
NaN,NaN,NaN,NaN
NaN,NaN,NaN,NaN
NaN,NaN,NaN,NaN
NaN,NaN,NaN,NaN
NaN,NaN,NaN,NaN
NaN,NaN,NaN,NaN
NaN,NaN,NaN,NaN
NaN,NaN,NaN,NaN
NaN,NaN,NaN,NaN
NaN,NaN,NaN,NaN
NaN,NaN,NaN,NaN
NaN,NaN,NaN,NaN
NaN,NaN,NaN,NaN
NaN,NaN,NaN,NaN
NaN,NaN,NaN,NaN
NaN,NaN,NaN,NaN
NaN,NaN,NaN,NaN
NaN,NaN,NaN,NaN
NaN,NaN,NaN,NaN
NaN,NaN,NaN,NaN
NaN,NaN,NaN,NaN
NaN,NaN,NaN,NaN
NaN,NaN,NaN,NaN
NaN,NaN,NaN,NaN
NaN,NaN,NaN,NaN
NaN,NaN,NaN,NaN
NaN,NaN,NaN,NaN
NaN,NaN,NaN,NaN
NaN,NaN,NaN,NaN
NaN,NaN,NaN,NaN
NaN,NaN,NaN,NaN
NaN,NaN,NaN,NaN
NaN,NaN,NaN,NaN
NaN,NaN,NaN,NaN
NaN,NaN,NaN,NaN
NaN,NaN,NaN,NaN
NaN,NaN,NaN,NaN
NaN,NaN,NaN,NaN
NaN,NaN,NaN,NaN
NaN,NaN,NaN,NaN
NaN,NaN,NaN,NaN
NaN,NaN,NaN,NaN
NaN,NaN,NaN,NaN
NaN,NaN,NaN,NaN
NaN,NaN,NaN,NaN
NaN,NaN,NaN,NaN
NaN,NaN,NaN,NaN
NaN,NaN,NaN,NaN
NaN,NaN,NaN,NaN
NaN,NaN,NaN,NaN
NaN,NaN,NaN,NaN
NaN,NaN,NaN,NaN
NaN,NaN,NaN,NaN
NaN,NaN,NaN,NaN
NaN,NaN,NaN,NaN
NaN,NaN,NaN,NaN
NaN,NaN,NaN,NaN
NaN,NaN,NaN,NaN
NaN,NaN,NaN,NaN
NaN,NaN,NaN,NaN
NaN,NaN,NaN,NaN
NaN,NaN,NaN,NaN
NaN,NaN,NaN,NaN
NaN,NaN,NaN,NaN
NaN,NaN,NaN,NaN
NaN,NaN,NaN,NaN
NaN,NaN,NaN,NaN
NaN,NaN,NaN,NaN
NaN,NaN,NaN,NaN
NaN,NaN,NaN,NaN
NaN,NaN,NaN,NaN
NaN,NaN,NaN,NaN
NaN,NaN,NaN,NaN
NaN,NaN,NaN,NaN
NaN,NaN,NaN,NaN
NaN,NaN,NaN,NaN
NaN,NaN,NaN,NaN
NaN,NaN,NaN,NaN
NaN,NaN,NaN,NaN
NaN,NaN,NaN,NaN
NaN,NaN,NaN,NaN
NaN,NaN,NaN,NaN
NaN,NaN,NaN,NaN
NaN,NaN,NaN,NaN
NaN,NaN,NaN,NaN
NaN,NaN,NaN,NaN
NaN,NaN,NaN,NaN
NaN,NaN,NaN,NaN
NaN,NaN,851.553776,613.099353
NaN,NaN,851.810000,612.910000
NaN,NaN,851.760000,613.020000
NaN,NaN,851.960000,613.020000
NaN,NaN,851.660000,612.980000
NaN,NaN,851.660000,613.040000
NaN,NaN,851.950000,612.950000
NaN,NaN,851.640000,612.750000
NaN,NaN,851.650000,612.910000
NaN,NaN,851.760000,612.900000
NaN,NaN,851.810000,612.850000
NaN,NaN,852.070000,612.880000
NaN,NaN,851.370000,612.970000
NaN,NaN,851.550000,612.900000
NaN,NaN,851.360000,612.940000
NaN,NaN,851.850000,612.970000
NaN,NaN,851.180000,613.000000
NaN,NaN,851.690000,612.940000
NaN,NaN,851.910000,612.920000
NaN,NaN,851.740000,612.720000
NaN,NaN,851.610000,613.090000
NaN,NaN,852.040000,612.980000
NaN,NaN,851.650000,612.930000
NaN,NaN,851.590000,613.000000
NaN,NaN,851.360000,613.010000
NaN,NaN,851.690000,613.150000
NaN,NaN,851.690000,612.980000
NaN,NaN,851.240000,613.030000
NaN,NaN,851.720000,613.330000
NaN,NaN,851.280000,613.160000
NaN,NaN,851.210000,613.060000
NaN,NaN,851.540000,613.090000
NaN,NaN,851.370000,613.340000
NaN,NaN,851.610000,613.150000
NaN,NaN,851.660000,613.220000
NaN,NaN,851.620000,613.090000
NaN,NaN,851.330000,613.710000
NaN,NaN,850.900000,613.050000
NaN,NaN,851.070000,613.450000
NaN,NaN,851.000000,613.410000
NaN,NaN,851.600000,613.550000
NaN,NaN,851.310000,613.590000
NaN,NaN,851.030000,613.890000
NaN,NaN,850.510000,614.050000
NaN,NaN,850.590000,614.130000
NaN,NaN,850.840000,614.080000
NaN,NaN,850.740000,614.000000
NaN,NaN,850.810000,614.030000
NaN,NaN,850.390000,614.100000
NaN,NaN,850.400000,614.190000
NaN,NaN,850.230000,614.260000
NaN,NaN,850.250000,614.130000
NaN,NaN,850.290000,614.330000
NaN,NaN,850.130000,614.220000
NaN,NaN,850.070000,614.200000
NaN,NaN,849.980000,614.170000
NaN,NaN,849.950000,614.100000
NaN,NaN,850.040000,614.300000
NaN,NaN,849.990000,614.200000
NaN,NaN,850.030000,614.170000
NaN,NaN,850.200000,614.270000
NaN,NaN,850.060000,614.120000
NaN,NaN,850.110000,614.140000
NaN,NaN,850.160000,614.090000
NaN,NaN,850.410000,614.040000
NaN,NaN,850.300000,614.070000
NaN,NaN,850.350000,614.140000
NaN,NaN,850.100000,614.010000
NaN,NaN,850.120000,614.240000
NaN,NaN,850.330000,614.070000
NaN,NaN,850.260000,614.050000
NaN,NaN,850.220000,613.970000
NaN,NaN,850.180000,614.000000
NaN,NaN,850.350000,614.120000
NaN,NaN,850.230000,614.220000
NaN,NaN,850.310000,614.010000
NaN,NaN,850.260000,614.080000
NaN,NaN,850.200000,614.080000
NaN,NaN,850.220000,613.950000
NaN,NaN,850.160000,614.100000
NaN,NaN,850.390000,614.040000
NaN,NaN,850.350000,614.170000
NaN,NaN,850.340000,614.070000
NaN,NaN,850.370000,614.040000
NaN,NaN,849.960000,614.210000
NaN,NaN,850.020000,614.080000
NaN,NaN,849.980000,614.090000
NaN,NaN,849.920000,614.150000
NaN,NaN,849.600000,614.030000
NaN,NaN,849.190000,613.580000
NaN,NaN,849.190000,613.420000
NaN,NaN,849.160000,613.320000
NaN,NaN,848.990000,612.990000
NaN,NaN,848.590000,612.960000
NaN,NaN,847.730000,611.300000
NaN,NaN,847.010000,610.870000
NaN,NaN,846.620000,610.700000
NaN,NaN,846.450000,610.240000
NaN,NaN,845.980000,609.030000
NaN,NaN,845.180000,607.220000
NaN,NaN,845.020000,606.420000
NaN,NaN,844.680000,603.790000
NaN,NaN,844.570000,603.010000
NaN,NaN,844.150000,601.440000
NaN,NaN,843.720000,599.710000
NaN,NaN,842.540000,598.100000
NaN,NaN,842.070000,595.700000
NaN,NaN,841.850000,595.300000
NaN,NaN,841.910000,593.690000
NaN,NaN,841.180000,593.200000
NaN,NaN,840.640000,591.870000
NaN,NaN,840.190000,590.690000
NaN,NaN,839.970000,589.750000
NaN,NaN,838.810000,588.890000
NaN,NaN,838.830000,588.720000
NaN,NaN,837.630000,587.180000
NaN,NaN,837.470000,587.090000
NaN,NaN,836.360000,587.040000
NaN,NaN,837.100000,584.780000
NaN,NaN,837.070000,584.330000
NaN,NaN,836.960000,583.020000
NaN,NaN,838.487780,579.501078
NaN,NaN,834.754638,579.501078
NaN,NaN,834.910000,579.460000
NaN,NaN,834.754638,575.767937
NaN,NaN,832.888068,579.501078
NaN,NaN,831.021497,575.767937
NaN,NaN,830.370000,575.300000
NaN,NaN,831.021497,577.634507
NaN,NaN,832.888068,575.767937
NaN,NaN,831.021497,577.634507
NaN,NaN,831.021497,573.901366
NaN,NaN,832.888068,570.168224
NaN,NaN,832.888068,573.901366
NaN,NaN,834.754638,573.901366
NaN,NaN,834.754638,572.034795
NaN,NaN,834.360000,571.200000
NaN,NaN,832.888068,568.301653
NaN,NaN,827.288355,570.168224
NaN,NaN,825.421784,570.168224
NaN,NaN,824.680000,568.890000
NaN,NaN,829.154926,566.435082
NaN,NaN,827.288355,566.435082
NaN,NaN,821.688643,566.435082
NaN,NaN,823.555213,560.835370
NaN,NaN,821.688643,558.968799
NaN,NaN,817.955501,562.701941
NaN,NaN,821.688643,555.235658
NaN,NaN,819.822072,555.235658
NaN,NaN,819.980000,554.840000
NaN,NaN,817.955501,557.102228
NaN,NaN,NaN,NaN
NaN,NaN,NaN,NaN
NaN,NaN,NaN,NaN
NaN,NaN,NaN,NaN
NaN,NaN,NaN,NaN
NaN,NaN,NaN,NaN
NaN,NaN,NaN,NaN
NaN,NaN,NaN,NaN
NaN,NaN,NaN,NaN
NaN,NaN,NaN,NaN
NaN,NaN,NaN,NaN
NaN,NaN,NaN,NaN
NaN,NaN,NaN,NaN
NaN,NaN,NaN,NaN
NaN,NaN,NaN,NaN
NaN,NaN,NaN,NaN
NaN,NaN,NaN,NaN
NaN,NaN,NaN,NaN
NaN,NaN,NaN,NaN
NaN,NaN,NaN,NaN
NaN,NaN,NaN,NaN
NaN,NaN,NaN,NaN
NaN,NaN,NaN,NaN
NaN,NaN,NaN,NaN
NaN,NaN,NaN,NaN
NaN,NaN,NaN,NaN
NaN,NaN,NaN,NaN
NaN,NaN,NaN,NaN
NaN,NaN,NaN,NaN
NaN,NaN,NaN,NaN
NaN,NaN,NaN,NaN
NaN,NaN,NaN,NaN
NaN,NaN,NaN,NaN
NaN,NaN,NaN,NaN
NaN,NaN,NaN,NaN
NaN,NaN,NaN,NaN
NaN,NaN,NaN,NaN
NaN,NaN,NaN,NaN
NaN,NaN,NaN,NaN
NaN,NaN,NaN,NaN
NaN,NaN,NaN,NaN
NaN,NaN,NaN,NaN
NaN,NaN,NaN,NaN
NaN,NaN,NaN,NaN
NaN,NaN,NaN,NaN
NaN,NaN,NaN,NaN
NaN,NaN,NaN,NaN
NaN,NaN,NaN,NaN
NaN,NaN,NaN,NaN
NaN,NaN,NaN,NaN
NaN,NaN,NaN,NaN
NaN,NaN,NaN,NaN
NaN,NaN,NaN,NaN
NaN,NaN,NaN,NaN
NaN,NaN,NaN,NaN
NaN,NaN,NaN,NaN
NaN,NaN,NaN,NaN
NaN,NaN,NaN,NaN
NaN,NaN,NaN,NaN
NaN,NaN,NaN,NaN
NaN,NaN,NaN,NaN
NaN,NaN,NaN,NaN
NaN,NaN,NaN,NaN
NaN,NaN,NaN,NaN
NaN,NaN,NaN,NaN
NaN,NaN,NaN,NaN
NaN,NaN,NaN,NaN
NaN,NaN,NaN,NaN
NaN,NaN,NaN,NaN
NaN,NaN,NaN,NaN
NaN,NaN,NaN,NaN
NaN,NaN,NaN,NaN
NaN,NaN,NaN,NaN
NaN,NaN,NaN,NaN
NaN,NaN,NaN,NaN
NaN,NaN,NaN,NaN
NaN,NaN,NaN,NaN
NaN,NaN,NaN,NaN
NaN,NaN,NaN,NaN
NaN,NaN,NaN,NaN
NaN,NaN,NaN,NaN
NaN,NaN,NaN,NaN
