pt1_cam1_X,pt1_cam1_Y
NaN,NaN
NaN,NaN
NaN,NaN
NaN,NaN
NaN,NaN
NaN,NaN
NaN,NaN
NaN,NaN
NaN,NaN
NaN,NaN
NaN,NaN
NaN,NaN
NaN,NaN
NaN,NaN
NaN,NaN
NaN,NaN
NaN,NaN
NaN,NaN
NaN,NaN
NaN,NaN
NaN,NaN
NaN,NaN
NaN,NaN
NaN,NaN
NaN,NaN
NaN,NaN
NaN,NaN
NaN,NaN
NaN,NaN
NaN,NaN
NaN,NaN
NaN,NaN
NaN,NaN
NaN,NaN
NaN,NaN
NaN,NaN
NaN,NaN
NaN,NaN
NaN,NaN
NaN,NaN
NaN,NaN
NaN,NaN
NaN,NaN
NaN,NaN
NaN,NaN
NaN,NaN
NaN,NaN
NaN,NaN
NaN,NaN
NaN,NaN
NaN,NaN
NaN,NaN
NaN,NaN
NaN,NaN
NaN,NaN
NaN,NaN
NaN,NaN
NaN,NaN
NaN,NaN
NaN,NaN
NaN,NaN
NaN,NaN
NaN,NaN
NaN,NaN
NaN,NaN
NaN,NaN
NaN,NaN
NaN,NaN
NaN,NaN
NaN,NaN
NaN,NaN
NaN,NaN
NaN,NaN
NaN,NaN
NaN,NaN
NaN,NaN
NaN,NaN
NaN,NaN
NaN,NaN
NaN,NaN
NaN,NaN
NaN,NaN
NaN,NaN
NaN,NaN
NaN,NaN
NaN,NaN
NaN,NaN
NaN,NaN
NaN,NaN
NaN,NaN
NaN,NaN
NaN,NaN
NaN,NaN
NaN,NaN
NaN,NaN
NaN,NaN
NaN,NaN
NaN,NaN
NaN,NaN
NaN,NaN
NaN,NaN
NaN,NaN
NaN,NaN
NaN,NaN
NaN,NaN
NaN,NaN
NaN,NaN
NaN,NaN
NaN,NaN
NaN,NaN
NaN,NaN
NaN,NaN
NaN,NaN
NaN,NaN
NaN,NaN
NaN,NaN
NaN,NaN
NaN,NaN
NaN,NaN
NaN,NaN
NaN,NaN
NaN,NaN
NaN,NaN
NaN,NaN
NaN,NaN
NaN,NaN
NaN,NaN
NaN,NaN
NaN,NaN
NaN,NaN
NaN,NaN
NaN,NaN
NaN,NaN
NaN,NaN
NaN,NaN
NaN,NaN
NaN,NaN
NaN,NaN
NaN,NaN
NaN,NaN
NaN,NaN
NaN,NaN
NaN,NaN
NaN,NaN
NaN,NaN
NaN,NaN
NaN,NaN
NaN,NaN
NaN,NaN
NaN,NaN
NaN,NaN
NaN,NaN
NaN,NaN
NaN,NaN
NaN,NaN
NaN,NaN
NaN,NaN
NaN,NaN
NaN,NaN
NaN,NaN
NaN,NaN
NaN,NaN
NaN,NaN
NaN,NaN
NaN,NaN
NaN,NaN
NaN,NaN
NaN,NaN
NaN,NaN
NaN,NaN
NaN,NaN
NaN,NaN
NaN,NaN
NaN,NaN
NaN,NaN
NaN,NaN
NaN,NaN
NaN,NaN
NaN,NaN
NaN,NaN
NaN,NaN
NaN,NaN
NaN,NaN
NaN,NaN
NaN,NaN
NaN,NaN
NaN,NaN
NaN,NaN
NaN,NaN
NaN,NaN
NaN,NaN
NaN,NaN
NaN,NaN
NaN,NaN
NaN,NaN
NaN,NaN
NaN,NaN
NaN,NaN
NaN,NaN
NaN,NaN
NaN,NaN
NaN,NaN
NaN,NaN
NaN,NaN
NaN,NaN
NaN,NaN
NaN,NaN
NaN,NaN
NaN,NaN
NaN,NaN
NaN,NaN
NaN,NaN
NaN,NaN
NaN,NaN
NaN,NaN
NaN,NaN
NaN,NaN
NaN,NaN
NaN,NaN
NaN,NaN
NaN,NaN
NaN,NaN
NaN,NaN
NaN,NaN
NaN,NaN
NaN,NaN
NaN,NaN
NaN,NaN
NaN,NaN
NaN,NaN
NaN,NaN
NaN,NaN
NaN,NaN
NaN,NaN
NaN,NaN
NaN,NaN
NaN,NaN
NaN,NaN
NaN,NaN
NaN,NaN
NaN,NaN
NaN,NaN
NaN,NaN
NaN,NaN
NaN,NaN
NaN,NaN
NaN,NaN
NaN,NaN
NaN,NaN
NaN,NaN
NaN,NaN
NaN,NaN
NaN,NaN
NaN,NaN
NaN,NaN
NaN,NaN
NaN,NaN
NaN,NaN
NaN,NaN
NaN,NaN
NaN,NaN
NaN,NaN
NaN,NaN
NaN,NaN
NaN,NaN
NaN,NaN
NaN,NaN
NaN,NaN
NaN,NaN
NaN,NaN
NaN,NaN
NaN,NaN
NaN,NaN
NaN,NaN
NaN,NaN
NaN,NaN
NaN,NaN
NaN,NaN
NaN,NaN
NaN,NaN
NaN,NaN
NaN,NaN
NaN,NaN
NaN,NaN
NaN,NaN
NaN,NaN
NaN,NaN
NaN,NaN
NaN,NaN
NaN,NaN
NaN,NaN
NaN,NaN
NaN,NaN
NaN,NaN
NaN,NaN
NaN,NaN
NaN,NaN
NaN,NaN
NaN,NaN
NaN,NaN
NaN,NaN
NaN,NaN
NaN,NaN
NaN,NaN
NaN,NaN
NaN,NaN
NaN,NaN
NaN,NaN
NaN,NaN
NaN,NaN
NaN,NaN
NaN,NaN
NaN,NaN
1111.036922,959.486073
1110.120000,959.150000
1110.010000,958.750000
1111.036922,955.697302
1111.036922,957.591688
1111.010000,957.960000
1101.564994,963.274844
1108.524365,958.186510
1110.208263,957.344561
1106.840466,958.186510
1109.366314,958.186510
1107.682415,958.186510
1106.920000,957.790000
1110.208263,955.660663
1105.156568,958.186510
1103.720000,958.150000
1102.280000,957.710000
1102.520000,958.140000
1102.070000,959.670000
1102.360000,959.910000
1102.630720,960.712358
1103.130000,961.350000
1095.053178,960.712358
1098.420975,961.554307
1098.050000,962.230000
1095.053178,964.080154
1092.960000,965.320000
1098.420975,961.554307
1098.420975,961.554307
1097.350000,961.100000
1097.579025,960.712358
1099.262924,960.712358
1095.895127,961.554307
1097.579025,962.396256
1096.950000,962.090000
1097.579025,961.554307
1094.211229,963.238205
1092.760000,963.650000
1092.900000,963.170000
1092.540000,962.920000
1091.230000,964.490000
1090.843432,964.080154
1090.843432,965.764053
1090.080000,967.640000
1088.970000,968.120000
1090.001483,965.764053
1090.843432,964.080154
1090.001483,965.764053
1090.001483,964.080154
1090.001483,964.080154
1090.010000,964.020000
1089.320000,964.200000
1089.410000,964.150000
1089.690000,965.060000
1089.830000,965.050000
1086.633686,966.606002
1086.320000,967.030000
1086.580000,967.130000
1086.130000,967.300000
1085.750000,966.920000
1085.060000,967.020000
1084.240000,967.200000
1084.660000,968.000000
1084.410000,968.830000
1083.200000,969.590000
1083.265890,966.606002
1082.350000,967.290000
1081.730000,967.210000
1081.260000,967.160000
1081.050000,967.150000
1079.898093,969.131849
1079.520000,969.130000
1077.430000,970.030000
1077.372246,969.131849
1077.372246,969.973799
1078.214195,970.815748
1079.898093,968.289900
1077.372246,969.973799
1076.530296,970.815748
1074.004449,970.815748
1075.688347,971.657697
1075.980000,971.830000
1074.846398,970.815748
1072.320551,969.973799
1070.290000,970.980000
1073.162500,970.815748
1071.478601,970.815748
1070.636652,973.341595
1070.350000,973.210000
1069.740000,972.250000
1069.140000,972.340000
1068.160000,973.030000
1068.450000,974.110000
1067.160000,974.290000
1067.060000,974.160000
1066.890000,973.720000
1066.120000,974.520000
1065.430000,974.220000
1065.430000,974.650000
1064.650000,974.570000
1064.743008,972.499646
1064.290000,971.750000
1062.217161,974.183544
1063.059110,974.183544
1063.901059,975.867443
1063.910000,976.100000
1063.830000,976.040000
1063.440000,975.770000
1063.910000,974.960000
1061.375212,976.709392
1060.700000,976.700000
1059.810000,977.890000
1058.849364,976.709392
1057.760000,976.890000
1061.375212,976.709392
1062.190000,974.110000
1060.533262,975.867443
1057.165466,977.551341
1056.190000,978.210000
1055.130000,978.980000
1054.280000,979.500000
1055.481567,977.551341
1053.980000,977.930000
1053.800000,978.310000
1052.900000,980.170000
1052.170000,980.180000
1052.070000,979.200000
1051.190000,980.780000
1050.480000,980.620000
1050.090000,980.290000
1050.280000,980.550000
1049.620000,980.500000
1049.000000,980.950000
1048.510000,981.340000
1048.460000,981.820000
1048.040000,981.900000
1047.590000,982.090000
1047.060000,981.690000
1046.530000,981.740000
1046.800000,981.740000
1045.378177,980.077188
1044.150000,981.470000
1045.378177,981.761087
1043.694279,981.761087
1043.694279,980.919138
1043.900000,981.110000
1044.060000,981.030000
1042.010381,981.761087
1041.168432,981.761087
1039.484533,981.761087
1039.484533,980.919138
1039.484533,981.761087
1037.150000,983.910000
1039.484533,982.603036
1038.030000,982.930000
1036.958686,982.603036
1037.150000,983.030000
1035.090000,984.590000
1035.274788,983.444985
1034.780000,981.750000
1033.590889,983.444985
1032.748940,985.128883
1033.590889,985.128883
1034.432838,983.444985
1028.539194,985.970833
1027.697245,985.970833
1029.381143,981.761087
1029.381143,985.128883
NaN,NaN
NaN,NaN
NaN,NaN
NaN,NaN
NaN,NaN
NaN,NaN
NaN,NaN
NaN,NaN
NaN,NaN
NaN,NaN
NaN,NaN
NaN,NaN
NaN,NaN
NaN,NaN
NaN,NaN
NaN,NaN
