pt1_cam1_X,pt1_cam1_Y,pt2_cam1_X,pt2_cam1_Y,pt3_cam1_X,pt3_cam1_Y
NaN,NaN,NaN,NaN,NaN,NaN
NaN,NaN,NaN,NaN,NaN,NaN
NaN,NaN,NaN,NaN,NaN,NaN
NaN,NaN,NaN,NaN,NaN,NaN
NaN,NaN,NaN,NaN,NaN,NaN
NaN,NaN,NaN,NaN,NaN,NaN
NaN,NaN,NaN,NaN,NaN,NaN
NaN,NaN,NaN,NaN,NaN,NaN
NaN,NaN,NaN,NaN,NaN,NaN
NaN,NaN,NaN,NaN,NaN,NaN
NaN,NaN,NaN,NaN,NaN,NaN
NaN,NaN,NaN,NaN,NaN,NaN
NaN,NaN,NaN,NaN,NaN,NaN
NaN,NaN,NaN,NaN,NaN,NaN
NaN,NaN,NaN,NaN,NaN,NaN
NaN,NaN,NaN,NaN,NaN,NaN
NaN,NaN,NaN,NaN,NaN,NaN
NaN,NaN,NaN,NaN,NaN,NaN
NaN,NaN,NaN,NaN,NaN,NaN
NaN,NaN,NaN,NaN,NaN,NaN
NaN,NaN,NaN,NaN,NaN,NaN
NaN,NaN,NaN,NaN,NaN,NaN
NaN,NaN,NaN,NaN,NaN,NaN
NaN,NaN,NaN,NaN,NaN,NaN
NaN,NaN,NaN,NaN,NaN,NaN
NaN,NaN,NaN,NaN,NaN,NaN
869.396445,1351.325348,NaN,NaN,NaN,NaN
840.908037,1344.994590,NaN,NaN,NaN,NaN
828.970000,1344.830000,NaN,NaN,NaN,NaN
797.330000,1351.550000,NaN,NaN,NaN,NaN
768.190000,1352.340000,NaN,NaN,NaN,NaN
737.290000,1351.500000,NaN,NaN,NaN,NaN
720.540000,1346.230000,NaN,NaN,NaN,NaN
706.440000,1337.070000,NaN,NaN,NaN,NaN
698.790000,1327.740000,NaN,NaN,NaN,NaN
692.060000,1311.430000,NaN,NaN,NaN,NaN
685.230000,1298.570000,NaN,NaN,NaN,NaN
682.560000,1289.350000,NaN,NaN,NaN,NaN
679.390000,1275.540000,NaN,NaN,NaN,NaN
674.590000,1262.110000,NaN,NaN,NaN,NaN
657.316074,1237.371716,NaN,NaN,NaN,NaN
649.140000,1206.490000,NaN,NaN,NaN,NaN
682.639104,1174.064142,NaN,NaN,NaN,NaN
679.473725,1170.898764,NaN,NaN,NaN,NaN
678.910000,1168.960000,NaN,NaN,NaN,NaN
678.710000,1168.260000,NaN,NaN,NaN,NaN
678.500000,1167.230000,NaN,NaN,NaN,NaN
680.650000,1164.950000,NaN,NaN,NaN,NaN
684.540000,1158.450000,NaN,NaN,NaN,NaN
690.150000,1149.910000,NaN,NaN,NaN,NaN
726.954405,1085.433539,NaN,NaN,NaN,NaN
714.292890,1079.102782,NaN,NaN,NaN,NaN
713.870000,1077.660000,NaN,NaN,NaN,NaN
713.660000,1075.420000,NaN,NaN,NaN,NaN
713.090000,1072.410000,NaN,NaN,NaN,NaN
712.360000,1070.440000,NaN,NaN,NaN,NaN
711.127512,1082.268161,NaN,NaN,NaN,NaN
707.200000,1090.480000,NaN,NaN,NaN,NaN
703.720000,1096.210000,NaN,NaN,NaN,NaN
700.700000,1096.160000,NaN,NaN,NaN,NaN
701.631376,1075.937403,NaN,NaN,NaN,NaN
701.980000,1065.900000,NaN,NaN,NaN,NaN
702.270000,1053.290000,NaN,NaN,NaN,NaN
688.969861,1050.614374,NaN,NaN,NaN,NaN
683.890000,1048.110000,NaN,NaN,NaN,NaN
1160.611283,933.495363,NaN,NaN,NaN,NaN
666.812210,1041.118238,NaN,NaN,NaN,NaN
657.316074,1028.456723,NaN,NaN,NaN,NaN
647.819938,1025.291345,NaN,NaN,NaN,NaN
626.470000,1023.060000,NaN,NaN,NaN,NaN
612.880000,1016.290000,NaN,NaN,NaN,NaN
604.030000,1011.350000,NaN,NaN,NaN,NaN
599.820000,1005.730000,NaN,NaN,NaN,NaN
610.420000,1003.300000,NaN,NaN,NaN,NaN
673.142968,996.802937,NaN,NaN,NaN,NaN
736.450541,980.976043,NaN,NaN,NaN,NaN
875.727202,914.503091,NaN,NaN,NaN,NaN
995.040000,834.110000,NaN,NaN,NaN,NaN
1166.942040,718.249614,NaN,NaN,NaN,NaN
1189.099691,692.926584,NaN,NaN,NaN,NaN
NaN,NaN,NaN,NaN,NaN,NaN
NaN,NaN,NaN,NaN,NaN,NaN
NaN,NaN,NaN,NaN,NaN,NaN
NaN,NaN,NaN,NaN,NaN,NaN
NaN,NaN,NaN,NaN,NaN,NaN
NaN,NaN,NaN,NaN,NaN,NaN
NaN,NaN,NaN,NaN,NaN,NaN
NaN,NaN,NaN,NaN,NaN,NaN
NaN,NaN,NaN,NaN,NaN,NaN
NaN,NaN,NaN,NaN,NaN,NaN
NaN,NaN,NaN,NaN,NaN,NaN
NaN,NaN,NaN,NaN,NaN,NaN
NaN,NaN,NaN,NaN,NaN,NaN
NaN,NaN,NaN,NaN,NaN,NaN
NaN,NaN,NaN,NaN,NaN,NaN
NaN,NaN,NaN,NaN,NaN,NaN
NaN,NaN,NaN,NaN,NaN,NaN
NaN,NaN,NaN,NaN,NaN,NaN
NaN,NaN,NaN,NaN,NaN,NaN
NaN,NaN,NaN,NaN,NaN,NaN
NaN,NaN,NaN,NaN,NaN,NaN
NaN,NaN,NaN,NaN,NaN,NaN
NaN,NaN,NaN,NaN,NaN,NaN
NaN,NaN,NaN,NaN,NaN,NaN
NaN,NaN,NaN,NaN,NaN,NaN
NaN,NaN,1255.572643,1424.129057,NaN,NaN
NaN,NaN,1204.926584,1376.648377,NaN,NaN
NaN,NaN,1005.507728,1205.717929,NaN,NaN
NaN,NaN,809.254250,1012.629830,NaN,NaN
NaN,NaN,882.057960,917.668470,NaN,NaN
NaN,NaN,1030.830757,860.691654,NaN,NaN
NaN,NaN,1084.642195,775.226430,NaN,NaN
NaN,NaN,1214.422720,794.218702,NaN,NaN
NaN,NaN,1353.699382,825.872488,NaN,NaN
NaN,NaN,1394.849304,800.549459,NaN,NaN
NaN,NaN,1435.999227,740.407264,NaN,NaN
NaN,NaN,1445.495363,702.422720,NaN,NaN
NaN,NaN,1489.810665,743.572643,NaN,NaN
NaN,NaN,1454.991499,740.407264,NaN,NaN
NaN,NaN,1401.180062,756.234158,NaN,NaN
NaN,NaN,1388.518547,806.880216,NaN,NaN
NaN,NaN,1334.707110,832.203246,NaN,NaN
NaN,NaN,1277.730294,851.195518,NaN,NaN
NaN,NaN,1255.572643,819.541731,NaN,NaN
NaN,NaN,1252.407264,806.880216,NaN,NaN
NaN,NaN,1214.422720,810.045595,NaN,NaN
NaN,NaN,1208.091963,806.880216,NaN,NaN
NaN,NaN,1208.091963,806.880216,NaN,NaN
NaN,NaN,1233.414992,791.053323,NaN,NaN
NaN,NaN,1242.911128,784.722566,NaN,NaN
NaN,NaN,1239.745750,791.053323,NaN,NaN
NaN,NaN,1239.745750,791.053323,NaN,NaN
NaN,NaN,1227.084235,813.210974,NaN,NaN
NaN,NaN,1230.249614,800.549459,NaN,NaN
NaN,NaN,1227.084235,810.045595,NaN,NaN
NaN,NaN,1227.084235,810.045595,NaN,NaN
NaN,NaN,1227.084235,810.045595,NaN,NaN
NaN,NaN,1227.084235,810.045595,NaN,NaN
NaN,NaN,1227.084235,810.045595,NaN,NaN
NaN,NaN,1227.084235,810.045595,NaN,NaN
NaN,NaN,1299.887944,825.872488,NaN,NaN
NaN,NaN,1391.683926,816.376352,NaN,NaN
NaN,NaN,1470.818393,740.407264,NaN,NaN
NaN,NaN,1752.537094,724.580371,NaN,NaN
NaN,NaN,1945.625193,711.918856,NaN,NaN
NaN,NaN,NaN,NaN,NaN,NaN
NaN,NaN,NaN,NaN,NaN,NaN
NaN,NaN,NaN,NaN,NaN,NaN
NaN,NaN,NaN,NaN,NaN,NaN
NaN,NaN,NaN,NaN,NaN,NaN
NaN,NaN,NaN,NaN,NaN,NaN
NaN,NaN,NaN,NaN,NaN,NaN
NaN,NaN,NaN,NaN,NaN,NaN
NaN,NaN,NaN,NaN,NaN,NaN
NaN,NaN,NaN,NaN,NaN,NaN
NaN,NaN,NaN,NaN,NaN,NaN
NaN,NaN,NaN,NaN,NaN,NaN
NaN,NaN,NaN,NaN,NaN,NaN
NaN,NaN,NaN,NaN,NaN,NaN
NaN,NaN,NaN,NaN,NaN,NaN
NaN,NaN,NaN,NaN,NaN,NaN
NaN,NaN,NaN,NaN,NaN,NaN
NaN,NaN,NaN,NaN,NaN,NaN
NaN,NaN,NaN,NaN,NaN,NaN
NaN,NaN,NaN,NaN,NaN,NaN
NaN,NaN,NaN,NaN,NaN,NaN
NaN,NaN,NaN,NaN,NaN,NaN
NaN,NaN,NaN,NaN,NaN,NaN
NaN,NaN,NaN,NaN,NaN,NaN
NaN,NaN,NaN,NaN,NaN,NaN
NaN,NaN,NaN,NaN,NaN,NaN
NaN,NaN,NaN,NaN,NaN,NaN
NaN,NaN,NaN,NaN,NaN,NaN
NaN,NaN,NaN,NaN,NaN,NaN
NaN,NaN,NaN,NaN,NaN,NaN
NaN,NaN,NaN,NaN,NaN,NaN
NaN,NaN,NaN,NaN,1271.399536,1452.617465
NaN,NaN,NaN,NaN,1208.091963,1398.806028
NaN,NaN,NaN,NaN,1192.265070,1386.144513
NaN,NaN,NaN,NaN,1135.288253,1338.663833
NaN,NaN,NaN,NaN,1040.326893,1338.663833
NaN,NaN,NaN,NaN,837.742658,1300.679289
NaN,NaN,NaN,NaN,619.331530,1288.017774
NaN,NaN,NaN,NaN,622.496909,1231.040958
NaN,NaN,NaN,NaN,616.166151,1212.048686
NaN,NaN,NaN,NaN,597.173879,1117.087326
NaN,NaN,NaN,NaN,584.512365,1082.268161
NaN,NaN,NaN,NaN,552.858578,999.968315
NaN,NaN,NaN,NaN,552.858578,993.637558
NaN,NaN,NaN,NaN,543.362442,980.976043
NaN,NaN,NaN,NaN,543.362442,980.976043
NaN,NaN,NaN,NaN,537.031685,990.472179
NaN,NaN,NaN,NaN,537.031685,990.472179
NaN,NaN,NaN,NaN,537.031685,990.472179
NaN,NaN,NaN,NaN,533.866306,990.472179
NaN,NaN,NaN,NaN,518.039413,977.810665
NaN,NaN,NaN,NaN,518.039413,977.810665
NaN,NaN,NaN,NaN,518.039413,977.810665
NaN,NaN,NaN,NaN,514.874034,974.645286
NaN,NaN,NaN,NaN,514.874034,968.314529
NaN,NaN,NaN,NaN,514.874034,958.818393
NaN,NaN,NaN,NaN,514.874034,958.818393
NaN,NaN,NaN,NaN,492.716383,952.487635
NaN,NaN,NaN,NaN,476.889490,942.991499
NaN,NaN,NaN,NaN,476.889490,936.660742
NaN,NaN,NaN,NaN,473.724111,936.660742
NaN,NaN,NaN,NaN,467.393354,923.999227
NaN,NaN,NaN,NaN,451.566461,933.495363
NaN,NaN,NaN,NaN,445.235703,933.495363
NaN,NaN,NaN,NaN,467.393354,927.164606
NaN,NaN,NaN,NaN,514.874034,917.668470
NaN,NaN,NaN,NaN,521.204791,939.826121
NaN,NaN,NaN,NaN,546.527821,936.660742
NaN,NaN,NaN,NaN,584.512365,952.487635
NaN,NaN,NaN,NaN,679.473725,968.314529
NaN,NaN,NaN,NaN,749.112056,917.668470
NaN,NaN,NaN,NaN,831.411901,882.849304
NaN,NaN,NaN,NaN,853.569552,857.526275
NaN,NaN,NaN,NaN,882.057960,905.006955
NaN,NaN,NaN,NaN,935.869397,860.691654
NaN,NaN,NaN,NaN,907.380989,841.699382
NaN,NaN,NaN,NaN,863.065688,879.683926
NaN,NaN,NaN,NaN,847.238794,879.683926
NaN,NaN,NaN,NaN,790.261978,901.841577
NaN,NaN,NaN,NaN,745.946677,958.818393
NaN,NaN,NaN,NaN,736.450541,1015.795209
NaN,NaN,NaN,NaN,723.789026,1015.795209
NaN,NaN,NaN,NaN,688.969861,1015.795209
NaN,NaN,NaN,NaN,676.308346,1015.795209
NaN,NaN,NaN,NaN,638.323802,1022.125966
NaN,NaN,NaN,NaN,616.166151,1018.960587
NaN,NaN,NaN,NaN,587.677743,987.306801
NaN,NaN,NaN,NaN,578.181607,993.637558
NaN,NaN,NaN,NaN,575.016229,990.472179
NaN,NaN,NaN,NaN,559.189335,977.810665
NaN,NaN,NaN,NaN,530.700927,971.479907
NaN,NaN,NaN,NaN,527.535549,971.479907
NaN,NaN,NaN,NaN,514.874034,949.322257
NaN,NaN,NaN,NaN,483.220247,923.999227
NaN,NaN,NaN,NaN,480.054869,920.833849
NaN,NaN,NaN,NaN,470.558733,908.172334
NaN,NaN,NaN,NaN,454.731839,892.345440
NaN,NaN,NaN,NaN,432.574189,886.014683
NaN,NaN,NaN,NaN,429.408810,854.360896
NaN,NaN,NaN,NaN,423.078053,810.045595
NaN,NaN,NaN,NaN,407.251159,762.564915
NaN,NaN,NaN,NaN,600.339258,765.730294
NaN,NaN,NaN,NaN,669.977589,765.730294
NaN,NaN,NaN,NaN,707.962133,787.887944
NaN,NaN,NaN,NaN,739.615920,803.714838
NaN,NaN,NaN,NaN,821.915765,822.707110
NaN,NaN,NaN,NaN,850.404173,848.030139
NaN,NaN,NaN,NaN,850.404173,848.030139
NaN,NaN,NaN,NaN,926.373261,803.714838
NaN,NaN,NaN,NaN,958.027048,762.564915
NaN,NaN,NaN,NaN,913.711747,756.234158
NaN,NaN,NaN,NaN,812.419629,810.045595
NaN,NaN,NaN,NaN,790.261978,813.210974
NaN,NaN,NaN,NaN,777.600464,806.880216
NaN,NaN,NaN,NaN,749.112056,794.218702
NaN,NaN,NaN,NaN,733.150000,782.900000
NaN,NaN,NaN,NaN,NaN,NaN
NaN,NaN,NaN,NaN,NaN,NaN
NaN,NaN,NaN,NaN,NaN,NaN
NaN,NaN,NaN,NaN,NaN,NaN
NaN,NaN,NaN,NaN,NaN,NaN
NaN,NaN,NaN,NaN,NaN,NaN
NaN,NaN,NaN,NaN,NaN,NaN
NaN,NaN,NaN,NaN,NaN,NaN
NaN,NaN,NaN,NaN,NaN,NaN
NaN,NaN,NaN,NaN,NaN,NaN
NaN,NaN,NaN,NaN,NaN,NaN
NaN,NaN,NaN,NaN,NaN,NaN
NaN,NaN,NaN,NaN,NaN,NaN
NaN,NaN,NaN,NaN,NaN,NaN
NaN,NaN,NaN,NaN,NaN,NaN
NaN,NaN,NaN,NaN,NaN,NaN
NaN,NaN,NaN,NaN,NaN,NaN
NaN,NaN,NaN,NaN,NaN,NaN
NaN,NaN,NaN,NaN,NaN,NaN
NaN,NaN,NaN,NaN,NaN,NaN
NaN,NaN,NaN,NaN,NaN,NaN
NaN,NaN,NaN,NaN,NaN,NaN
NaN,NaN,NaN,NaN,NaN,NaN
NaN,NaN,NaN,NaN,NaN,NaN
NaN,NaN,NaN,NaN,NaN,NaN
NaN,NaN,NaN,NaN,NaN,NaN
NaN,NaN,NaN,NaN,NaN,NaN
NaN,NaN,NaN,NaN,NaN,NaN
NaN,NaN,NaN,NaN,NaN,NaN
NaN,NaN,NaN,NaN,NaN,NaN
NaN,NaN,NaN,NaN,NaN,NaN
NaN,NaN,NaN,NaN,NaN,NaN
NaN,NaN,NaN,NaN,NaN,NaN
NaN,NaN,NaN,NaN,NaN,NaN
NaN,NaN,NaN,NaN,NaN,NaN
NaN,NaN,NaN,NaN,NaN,NaN
NaN,NaN,NaN,NaN,NaN,NaN
NaN,NaN,NaN,NaN,NaN,NaN
NaN,NaN,NaN,NaN,NaN,NaN
NaN,NaN,NaN,NaN,NaN,NaN
NaN,NaN,NaN,NaN,NaN,NaN
NaN,NaN,NaN,NaN,NaN,NaN
NaN,NaN,NaN,NaN,NaN,NaN
NaN,NaN,NaN,NaN,NaN,NaN
NaN,NaN,NaN,NaN,NaN,NaN
NaN,NaN,NaN,NaN,NaN,NaN
NaN,NaN,NaN,NaN,NaN,NaN
NaN,NaN,NaN,NaN,NaN,NaN
NaN,NaN,NaN,NaN,NaN,NaN
NaN,NaN,NaN,NaN,NaN,NaN
NaN,NaN,NaN,NaN,NaN,NaN
NaN,NaN,NaN,NaN,NaN,NaN
NaN,NaN,NaN,NaN,NaN,NaN
NaN,NaN,NaN,NaN,NaN,NaN
NaN,NaN,NaN,NaN,NaN,NaN
NaN,NaN,NaN,NaN,NaN,NaN
NaN,NaN,NaN,NaN,NaN,NaN
NaN,NaN,NaN,NaN,NaN,NaN
NaN,NaN,NaN,NaN,NaN,NaN
NaN,NaN,NaN,NaN,NaN,NaN
NaN,NaN,NaN,NaN,NaN,NaN
NaN,NaN,NaN,NaN,NaN,NaN
NaN,NaN,NaN,NaN,NaN,NaN
NaN,NaN,NaN,NaN,NaN,NaN
NaN,NaN,NaN,NaN,NaN,NaN
NaN,NaN,NaN,NaN,NaN,NaN
NaN,NaN,NaN,NaN,NaN,NaN
NaN,NaN,NaN,NaN,NaN,NaN
NaN,NaN,NaN,NaN,NaN,NaN
NaN,NaN,NaN,NaN,NaN,NaN
NaN,NaN,NaN,NaN,NaN,NaN
NaN,NaN,NaN,NaN,NaN,NaN
NaN,NaN,NaN,NaN,NaN,NaN
NaN,NaN,NaN,NaN,NaN,NaN
NaN,NaN,NaN,NaN,NaN,NaN
NaN,NaN,NaN,NaN,NaN,NaN
NaN,NaN,NaN,NaN,NaN,NaN
NaN,NaN,NaN,NaN,NaN,NaN
NaN,NaN,NaN,NaN,NaN,NaN
NaN,NaN,NaN,NaN,NaN,NaN
NaN,NaN,NaN,NaN,NaN,NaN
NaN,NaN,NaN,NaN,NaN,NaN
NaN,NaN,NaN,NaN,NaN,NaN
NaN,NaN,NaN,NaN,NaN,NaN
NaN,NaN,NaN,NaN,NaN,NaN
NaN,NaN,NaN,NaN,NaN,NaN
NaN,NaN,NaN,NaN,NaN,NaN
NaN,NaN,NaN,NaN,NaN,NaN
NaN,NaN,NaN,NaN,NaN,NaN
NaN,NaN,NaN,NaN,NaN,NaN
NaN,NaN,NaN,NaN,NaN,NaN
NaN,NaN,NaN,NaN,NaN,NaN
NaN,NaN,NaN,NaN,NaN,NaN
NaN,NaN,NaN,NaN,NaN,NaN
NaN,NaN,NaN,NaN,NaN,NaN
NaN,NaN,NaN,NaN,NaN,NaN
NaN,NaN,NaN,NaN,NaN,NaN
NaN,NaN,NaN,NaN,NaN,NaN
NaN,NaN,NaN,NaN,NaN,NaN
NaN,NaN,NaN,NaN,NaN,NaN
NaN,NaN,NaN,NaN,NaN,NaN
NaN,NaN,NaN,NaN,NaN,NaN
NaN,NaN,NaN,NaN,NaN,NaN
NaN,NaN,NaN,NaN,NaN,NaN
NaN,NaN,NaN,NaN,NaN,NaN
NaN,NaN,NaN,NaN,NaN,NaN
NaN,NaN,NaN,NaN,NaN,NaN
NaN,NaN,NaN,NaN,NaN,NaN
NaN,NaN,NaN,NaN,NaN,NaN
NaN,NaN,NaN,NaN,NaN,NaN
NaN,NaN,NaN,NaN,NaN,NaN
NaN,NaN,NaN,NaN,NaN,NaN
NaN,NaN,NaN,NaN,NaN,NaN
NaN,NaN,NaN,NaN,NaN,NaN
NaN,NaN,NaN,NaN,NaN,NaN
NaN,NaN,NaN,NaN,NaN,NaN
NaN,NaN,NaN,NaN,NaN,NaN
NaN,NaN,NaN,NaN,NaN,NaN
NaN,NaN,NaN,NaN,NaN,NaN
NaN,NaN,NaN,NaN,NaN,NaN
NaN,NaN,NaN,NaN,NaN,NaN
NaN,NaN,NaN,NaN,NaN,NaN
NaN,NaN,NaN,NaN,NaN,NaN
NaN,NaN,NaN,NaN,NaN,NaN
NaN,NaN,NaN,NaN,NaN,NaN
NaN,NaN,NaN,NaN,NaN,NaN
NaN,NaN,NaN,NaN,NaN,NaN
NaN,NaN,NaN,NaN,NaN,NaN
NaN,NaN,NaN,NaN,NaN,NaN
NaN,NaN,NaN,NaN,NaN,NaN
NaN,NaN,NaN,NaN,NaN,NaN
NaN,NaN,NaN,NaN,NaN,NaN
NaN,NaN,NaN,NaN,NaN,NaN
NaN,NaN,NaN,NaN,NaN,NaN
NaN,NaN,NaN,NaN,NaN,NaN
NaN,NaN,NaN,NaN,NaN,NaN
NaN,NaN,NaN,NaN,NaN,NaN
NaN,NaN,NaN,NaN,NaN,NaN
NaN,NaN,NaN,NaN,NaN,NaN
NaN,NaN,NaN,NaN,NaN,NaN
NaN,NaN,NaN,NaN,NaN,NaN
NaN,NaN,NaN,NaN,NaN,NaN
NaN,NaN,NaN,NaN,NaN,NaN
NaN,NaN,NaN,NaN,NaN,NaN
NaN,NaN,NaN,NaN,NaN,NaN
NaN,NaN,NaN,NaN,NaN,NaN
NaN,NaN,NaN,NaN,NaN,NaN
NaN,NaN,NaN,NaN,NaN,NaN
NaN,NaN,NaN,NaN,NaN,NaN
NaN,NaN,NaN,NaN,NaN,NaN
NaN,NaN,NaN,NaN,NaN,NaN
NaN,NaN,NaN,NaN,NaN,NaN
NaN,NaN,NaN,NaN,NaN,NaN
NaN,NaN,NaN,NaN,NaN,NaN
NaN,NaN,NaN,NaN,NaN,NaN
NaN,NaN,NaN,NaN,NaN,NaN
NaN,NaN,NaN,NaN,NaN,NaN
NaN,NaN,NaN,NaN,NaN,NaN
NaN,NaN,NaN,NaN,NaN,NaN
NaN,NaN,NaN,NaN,NaN,NaN
NaN,NaN,NaN,NaN,NaN,NaN
NaN,NaN,NaN,NaN,NaN,NaN
NaN,NaN,NaN,NaN,NaN,NaN
NaN,NaN,NaN,NaN,NaN,NaN
NaN,NaN,NaN,NaN,NaN,NaN
NaN,NaN,NaN,NaN,NaN,NaN
NaN,NaN,NaN,NaN,NaN,NaN
NaN,NaN,NaN,NaN,NaN,NaN
NaN,NaN,NaN,NaN,NaN,NaN
NaN,NaN,NaN,NaN,NaN,NaN
NaN,NaN,NaN,NaN,NaN,NaN
NaN,NaN,NaN,NaN,NaN,NaN
NaN,NaN,NaN,NaN,NaN,NaN
NaN,NaN,NaN,NaN,NaN,NaN
NaN,NaN,NaN,NaN,NaN,NaN
NaN,NaN,NaN,NaN,NaN,NaN
NaN,NaN,NaN,NaN,NaN,NaN
NaN,NaN,NaN,NaN,NaN,NaN
NaN,NaN,NaN,NaN,NaN,NaN
NaN,NaN,NaN,NaN,NaN,NaN
NaN,NaN,NaN,NaN,NaN,NaN
NaN,NaN,NaN,NaN,NaN,NaN
NaN,NaN,NaN,NaN,NaN,NaN
NaN,NaN,NaN,NaN,NaN,NaN
NaN,NaN,NaN,NaN,NaN,NaN
NaN,NaN,NaN,NaN,NaN,NaN
NaN,NaN,NaN,NaN,NaN,NaN
NaN,NaN,NaN,NaN,NaN,NaN
NaN,NaN,NaN,NaN,NaN,NaN
NaN,NaN,NaN,NaN,NaN,NaN
NaN,NaN,NaN,NaN,NaN,NaN
NaN,NaN,NaN,NaN,NaN,NaN
NaN,NaN,NaN,NaN,NaN,NaN
NaN,NaN,NaN,NaN,NaN,NaN
NaN,NaN,NaN,NaN,NaN,NaN
NaN,NaN,NaN,NaN,NaN,NaN
NaN,NaN,NaN,NaN,NaN,NaN
NaN,NaN,NaN,NaN,NaN,NaN
NaN,NaN,NaN,NaN,NaN,NaN
NaN,NaN,NaN,NaN,NaN,NaN
NaN,NaN,NaN,NaN,NaN,NaN
NaN,NaN,NaN,NaN,NaN,NaN
NaN,NaN,NaN,NaN,NaN,NaN
NaN,NaN,NaN,NaN,NaN,NaN
NaN,NaN,NaN,NaN,NaN,NaN
NaN,NaN,NaN,NaN,NaN,NaN
NaN,NaN,NaN,NaN,NaN,NaN
NaN,NaN,NaN,NaN,NaN,NaN
NaN,NaN,NaN,NaN,NaN,NaN
NaN,NaN,NaN,NaN,NaN,NaN
NaN,NaN,NaN,NaN,NaN,NaN
NaN,NaN,NaN,NaN,NaN,NaN
NaN,NaN,NaN,NaN,NaN,NaN
NaN,NaN,NaN,NaN,NaN,NaN
NaN,NaN,NaN,NaN,NaN,NaN
NaN,NaN,NaN,NaN,NaN,NaN
NaN,NaN,NaN,NaN,NaN,NaN
NaN,NaN,NaN,NaN,NaN,NaN
NaN,NaN,NaN,NaN,NaN,NaN
NaN,NaN,NaN,NaN,NaN,NaN
NaN,NaN,NaN,NaN,NaN,NaN
NaN,NaN,NaN,NaN,NaN,NaN
NaN,NaN,NaN,NaN,NaN,NaN
NaN,NaN,NaN,NaN,NaN,NaN
NaN,NaN,NaN,NaN,NaN,NaN
NaN,NaN,NaN,NaN,NaN,NaN
NaN,NaN,NaN,NaN,NaN,NaN
NaN,NaN,NaN,NaN,NaN,NaN
NaN,NaN,NaN,NaN,NaN,NaN
NaN,NaN,NaN,NaN,NaN,NaN
NaN,NaN,NaN,NaN,NaN,NaN
NaN,NaN,NaN,NaN,NaN,NaN
NaN,NaN,NaN,NaN,NaN,NaN
NaN,NaN,NaN,NaN,NaN,NaN
NaN,NaN,NaN,NaN,NaN,NaN
NaN,NaN,NaN,NaN,NaN,NaN
NaN,NaN,NaN,NaN,NaN,NaN
NaN,NaN,NaN,NaN,NaN,NaN
NaN,NaN,NaN,NaN,NaN,NaN
NaN,NaN,NaN,NaN,NaN,NaN
NaN,NaN,NaN,NaN,NaN,NaN
NaN,NaN,NaN,NaN,NaN,NaN
NaN,NaN,NaN,NaN,NaN,NaN
NaN,NaN,NaN,NaN,NaN,NaN
NaN,NaN,NaN,NaN,NaN,NaN
NaN,NaN,NaN,NaN,NaN,NaN
NaN,NaN,NaN,NaN,NaN,NaN
NaN,NaN,NaN,NaN,NaN,NaN
NaN,NaN,NaN,NaN,NaN,NaN
NaN,NaN,NaN,NaN,NaN,NaN
NaN,NaN,NaN,NaN,NaN,NaN
NaN,NaN,NaN,NaN,NaN,NaN
NaN,NaN,NaN,NaN,NaN,NaN
NaN,NaN,NaN,NaN,NaN,NaN
NaN,NaN,NaN,NaN,NaN,NaN
NaN,NaN,NaN,NaN,NaN,NaN
NaN,NaN,NaN,NaN,NaN,NaN
NaN,NaN,NaN,NaN,NaN,NaN
NaN,NaN,NaN,NaN,NaN,NaN
NaN,NaN,NaN,NaN,NaN,NaN
NaN,NaN,NaN,NaN,NaN,NaN
NaN,NaN,NaN,NaN,NaN,NaN
NaN,NaN,NaN,NaN,NaN,NaN
NaN,NaN,NaN,NaN,NaN,NaN
NaN,NaN,NaN,NaN,NaN,NaN
NaN,NaN,NaN,NaN,NaN,NaN
NaN,NaN,NaN,NaN,NaN,NaN
NaN,NaN,NaN,NaN,NaN,NaN
NaN,NaN,NaN,NaN,NaN,NaN
NaN,NaN,NaN,NaN,NaN,NaN
NaN,NaN,NaN,NaN,NaN,NaN
NaN,NaN,NaN,NaN,NaN,NaN
NaN,NaN,NaN,NaN,NaN,NaN
NaN,NaN,NaN,NaN,NaN,NaN
NaN,NaN,NaN,NaN,NaN,NaN
NaN,NaN,NaN,NaN,NaN,NaN
NaN,NaN,NaN,NaN,NaN,NaN
NaN,NaN,NaN,NaN,NaN,NaN
NaN,NaN,NaN,NaN,NaN,NaN
NaN,NaN,NaN,NaN,NaN,NaN
NaN,NaN,NaN,NaN,NaN,NaN
NaN,NaN,NaN,NaN,NaN,NaN
NaN,NaN,NaN,NaN,NaN,NaN
NaN,NaN,NaN,NaN,NaN,NaN
NaN,NaN,NaN,NaN,NaN,NaN
NaN,NaN,NaN,NaN,NaN,NaN
NaN,NaN,NaN,NaN,NaN,NaN
NaN,NaN,NaN,NaN,NaN,NaN
NaN,NaN,NaN,NaN,NaN,NaN
NaN,NaN,NaN,NaN,NaN,NaN
NaN,NaN,NaN,NaN,NaN,NaN
NaN,NaN,NaN,NaN,NaN,NaN
NaN,NaN,NaN,NaN,NaN,NaN
NaN,NaN,NaN,NaN,NaN,NaN
NaN,NaN,NaN,NaN,NaN,NaN
NaN,NaN,NaN,NaN,NaN,NaN
NaN,NaN,NaN,NaN,NaN,NaN
NaN,NaN,NaN,NaN,NaN,NaN
NaN,NaN,NaN,NaN,NaN,NaN
NaN,NaN,NaN,NaN,NaN,NaN
NaN,NaN,NaN,NaN,NaN,NaN
